period,season,team,model,board_key,variable,metric,region,week,window,rpss,kind,note,source_url
SON 2025,SON,MicroEnsemble,MicroDuet,,tas,RPSS (period-pooled quintile RPS vs climatology),global land (land frac >= 0.5),3,days 19-25,0.077,leaderboard,"AIWQ official leaderboard response.json, period-aggregated, final week",https://aiweatherquest.ecmwf.int/leaderboards ; https://aiweatherquest.ecmwf.int/wp-content/themes/picostrap5-child-base/js/results_page/response.json
SON 2025,SON,MicroEnsemble,MicroDuet,,tas,RPSS (period-pooled quintile RPS vs climatology),global land (land frac >= 0.5),4,days 26-32,0.059,leaderboard,"AIWQ official leaderboard response.json, period-aggregated, final week",https://aiweatherquest.ecmwf.int/leaderboards ; https://aiweatherquest.ecmwf.int/wp-content/themes/picostrap5-child-base/js/results_page/response.json
SON 2025,SON,MicroEnsemble,StillLearning,,tas,RPSS (period-pooled quintile RPS vs climatology),global land (land frac >= 0.5),3,days 19-25,0.07,leaderboard,"AIWQ official leaderboard response.json, period-aggregated, final week",https://aiweatherquest.ecmwf.int/leaderboards ; https://aiweatherquest.ecmwf.int/wp-content/themes/picostrap5-child-base/js/results_page/response.json
SON 2025,SON,MicroEnsemble,StillLearning,,tas,RPSS (period-pooled quintile RPS vs climatology),global land (land frac >= 0.5),4,days 26-32,0.053,leaderboard,"AIWQ official leaderboard response.json, period-aggregated, final week",https://aiweatherquest.ecmwf.int/leaderboards ; https://aiweatherquest.ecmwf.int/wp-content/themes/picostrap5-child-base/js/results_page/response.json
SON 2025,SON,MicroEnsemble,Huracan,,tas,RPSS (period-pooled quintile RPS vs climatology),global land (land frac >= 0.5),3,days 19-25,0.054,leaderboard,"AIWQ official leaderboard response.json, period-aggregated, final week",https://aiweatherquest.ecmwf.int/leaderboards ; https://aiweatherquest.ecmwf.int/wp-content/themes/picostrap5-child-base/js/results_page/response.json
SON 2025,SON,MicroEnsemble,Huracan,,tas,RPSS (period-pooled quintile RPS vs climatology),global land (land frac >= 0.5),4,days 26-32,0.035,leaderboard,"AIWQ official leaderboard response.json, period-aggregated, final week",https://aiweatherquest.ecmwf.int/leaderboards ; https://aiweatherquest.ecmwf.int/wp-content/themes/picostrap5-child-base/js/results_page/response.json
SON 2025,SON,LP,LPM,,tas,RPSS (period-pooled quintile RPS vs climatology),global land (land frac >= 0.5),3,days 19-25,0.068,leaderboard,"AIWQ official leaderboard response.json, period-aggregated, final week",https://aiweatherquest.ecmwf.int/leaderboards ; https://aiweatherquest.ecmwf.int/wp-content/themes/picostrap5-child-base/js/results_page/response.json
SON 2025,SON,LP,LPM,,tas,RPSS (period-pooled quintile RPS vs climatology),global land (land frac >= 0.5),4,days 26-32,0.051,leaderboard,"AIWQ official leaderboard response.json, period-aggregated, final week",https://aiweatherquest.ecmwf.int/leaderboards ; https://aiweatherquest.ecmwf.int/wp-content/themes/picostrap5-child-base/js/results_page/response.json
SON 2025,SON,AIFS,AIFShera,,tas,RPSS (period-pooled quintile RPS vs climatology),global land (land frac >= 0.5),3,days 19-25,0.062,leaderboard,"AIWQ official leaderboard response.json, period-aggregated, final week",https://aiweatherquest.ecmwf.int/leaderboards ; https://aiweatherquest.ecmwf.int/wp-content/themes/picostrap5-child-base/js/results_page/response.json
SON 2025,SON,AIFS,AIFShera,,tas,RPSS (period-pooled quintile RPS vs climatology),global land (land frac >= 0.5),4,days 26-32,0.036,leaderboard,"AIWQ official leaderboard response.json, period-aggregated, final week",https://aiweatherquest.ecmwf.int/leaderboards ; https://aiweatherquest.ecmwf.int/wp-content/themes/picostrap5-child-base/js/results_page/response.json
SON 2025,SON,AIFS,AIFSthalassa,,tas,RPSS (period-pooled quintile RPS vs climatology),global land (land frac >= 0.5),3,days 19-25,0.056,leaderboard,"AIWQ official leaderboard response.json, period-aggregated, final week",https://aiweatherquest.ecmwf.int/leaderboards ; https://aiweatherquest.ecmwf.int/wp-content/themes/picostrap5-child-base/js/results_page/response.json
SON 2025,SON,AIFS,AIFSthalassa,,tas,RPSS (period-pooled quintile RPS vs climatology),global land (land frac >= 0.5),4,days 26-32,0.01,leaderboard,"AIWQ official leaderboard response.json, period-aggregated, final week",https://aiweatherquest.ecmwf.int/leaderboards ; https://aiweatherquest.ecmwf.int/wp-content/themes/picostrap5-child-base/js/results_page/response.json
SON 2025,SON,AIFS,AIFSgaia,,tas,RPSS (period-pooled quintile RPS vs climatology),global land (land frac >= 0.5),3,days 19-25,0.054,leaderboard,"AIWQ official leaderboard response.json, period-aggregated, final week",https://aiweatherquest.ecmwf.int/leaderboards ; https://aiweatherquest.ecmwf.int/wp-content/themes/picostrap5-child-base/js/results_page/response.json
SON 2025,SON,AIFS,AIFSgaia,,tas,RPSS (period-pooled quintile RPS vs climatology),global land (land frac >= 0.5),4,days 26-32,0.034,leaderboard,"AIWQ official leaderboard response.json, period-aggregated, final week",https://aiweatherquest.ecmwf.int/leaderboards ; https://aiweatherquest.ecmwf.int/wp-content/themes/picostrap5-child-base/js/results_page/response.json
SON 2025,SON,Dynamical_S2SDatabase,multimodel_mean,,tas,RPSS (period-pooled quintile RPS vs climatology),global land (land frac >= 0.5),3,days 19-25,0.06,leaderboard,"AIWQ official leaderboard response.json, period-aggregated, final week",https://aiweatherquest.ecmwf.int/leaderboards ; https://aiweatherquest.ecmwf.int/wp-content/themes/picostrap5-child-base/js/results_page/response.json
SON 2025,SON,Dynamical_S2SDatabase,multimodel_mean,,tas,RPSS (period-pooled quintile RPS vs climatology),global land (land frac >= 0.5),4,days 26-32,0.047,leaderboard,"AIWQ official leaderboard response.json, period-aggregated, final week",https://aiweatherquest.ecmwf.int/leaderboards ; https://aiweatherquest.ecmwf.int/wp-content/themes/picostrap5-child-base/js/results_page/response.json
SON 2025,SON,CMAandFDU,FengshunHybrid,,tas,RPSS (period-pooled quintile RPS vs climatology),global land (land frac >= 0.5),3,days 19-25,0.059,leaderboard,"AIWQ official leaderboard response.json, period-aggregated, final week",https://aiweatherquest.ecmwf.int/leaderboards ; https://aiweatherquest.ecmwf.int/wp-content/themes/picostrap5-child-base/js/results_page/response.json
SON 2025,SON,CMAandFDU,FengshunHybrid,,tas,RPSS (period-pooled quintile RPS vs climatology),global land (land frac >= 0.5),4,days 26-32,0.042,leaderboard,"AIWQ official leaderboard response.json, period-aggregated, final week",https://aiweatherquest.ecmwf.int/leaderboards ; https://aiweatherquest.ecmwf.int/wp-content/themes/picostrap5-child-base/js/results_page/response.json
SON 2025,SON,CMAandFDU,FengshunAdjust,,tas,RPSS (period-pooled quintile RPS vs climatology),global land (land frac >= 0.5),3,days 19-25,0.048,leaderboard,"AIWQ official leaderboard response.json, period-aggregated, final week",https://aiweatherquest.ecmwf.int/leaderboards ; https://aiweatherquest.ecmwf.int/wp-content/themes/picostrap5-child-base/js/results_page/response.json
SON 2025,SON,CMAandFDU,FengshunAdjust,,tas,RPSS (period-pooled quintile RPS vs climatology),global land (land frac >= 0.5),4,days 26-32,0.043,leaderboard,"AIWQ official leaderboard response.json, period-aggregated, final week",https://aiweatherquest.ecmwf.int/leaderboards ; https://aiweatherquest.ecmwf.int/wp-content/themes/picostrap5-child-base/js/results_page/response.json
SON 2025,SON,CMAandFDU,Fengshun,,tas,RPSS (period-pooled quintile RPS vs climatology),global land (land frac >= 0.5),3,days 19-25,0.011,leaderboard,"AIWQ official leaderboard response.json, period-aggregated, final week",https://aiweatherquest.ecmwf.int/leaderboards ; https://aiweatherquest.ecmwf.int/wp-content/themes/picostrap5-child-base/js/results_page/response.json
SON 2025,SON,CMAandFDU,Fengshun,,tas,RPSS (period-pooled quintile RPS vs climatology),global land (land frac >= 0.5),4,days 26-32,0.016,leaderboard,"AIWQ official leaderboard response.json, period-aggregated, final week",https://aiweatherquest.ecmwf.int/leaderboards ; https://aiweatherquest.ecmwf.int/wp-content/themes/picostrap5-child-base/js/results_page/response.json
SON 2025,SON,Dynamical_S2SDatabase,ECMWF,ec46,tas,RPSS (period-pooled quintile RPS vs climatology),global land (land frac >= 0.5),3,days 19-25,0.059,leaderboard,"AIWQ official leaderboard response.json, period-aggregated, final week",https://aiweatherquest.ecmwf.int/leaderboards ; https://aiweatherquest.ecmwf.int/wp-content/themes/picostrap5-child-base/js/results_page/response.json
SON 2025,SON,Dynamical_S2SDatabase,ECMWF,ec46,tas,RPSS (period-pooled quintile RPS vs climatology),global land (land frac >= 0.5),4,days 26-32,0.042,leaderboard,"AIWQ official leaderboard response.json, period-aggregated, final week",https://aiweatherquest.ecmwf.int/leaderboards ; https://aiweatherquest.ecmwf.int/wp-content/themes/picostrap5-child-base/js/results_page/response.json
SON 2025,SON,scienceAI,findforecast,,tas,RPSS (period-pooled quintile RPS vs climatology),global land (land frac >= 0.5),3,days 19-25,0.012,leaderboard,"AIWQ official leaderboard response.json, period-aggregated, final week",https://aiweatherquest.ecmwf.int/leaderboards ; https://aiweatherquest.ecmwf.int/wp-content/themes/picostrap5-child-base/js/results_page/response.json
SON 2025,SON,scienceAI,findforecast,,tas,RPSS (period-pooled quintile RPS vs climatology),global land (land frac >= 0.5),4,days 26-32,0.013,leaderboard,"AIWQ official leaderboard response.json, period-aggregated, final week",https://aiweatherquest.ecmwf.int/leaderboards ; https://aiweatherquest.ecmwf.int/wp-content/themes/picostrap5-child-base/js/results_page/response.json
SON 2025,SON,scienceAI,zephyr,,tas,RPSS (period-pooled quintile RPS vs climatology),global land (land frac >= 0.5),3,days 19-25,0.007,leaderboard,"AIWQ official leaderboard response.json, period-aggregated, final week",https://aiweatherquest.ecmwf.int/leaderboards ; https://aiweatherquest.ecmwf.int/wp-content/themes/picostrap5-child-base/js/results_page/response.json
SON 2025,SON,scienceAI,zephyr,,tas,RPSS (period-pooled quintile RPS vs climatology),global land (land frac >= 0.5),4,days 26-32,0.005,leaderboard,"AIWQ official leaderboard response.json, period-aggregated, final week",https://aiweatherquest.ecmwf.int/leaderboards ; https://aiweatherquest.ecmwf.int/wp-content/themes/picostrap5-child-base/js/results_page/response.json
SON 2025,SON,scienceAI,ngcm,,tas,RPSS (period-pooled quintile RPS vs climatology),global land (land frac >= 0.5),3,days 19-25,0.003,leaderboard,"AIWQ official leaderboard response.json, period-aggregated, final week",https://aiweatherquest.ecmwf.int/leaderboards ; https://aiweatherquest.ecmwf.int/wp-content/themes/picostrap5-child-base/js/results_page/response.json
SON 2025,SON,scienceAI,ngcm,,tas,RPSS (period-pooled quintile RPS vs climatology),global land (land frac >= 0.5),4,days 26-32,-0.002,leaderboard,"AIWQ official leaderboard response.json, period-aggregated, final week",https://aiweatherquest.ecmwf.int/leaderboards ; https://aiweatherquest.ecmwf.int/wp-content/themes/picostrap5-child-base/js/results_page/response.json
SON 2025,SON,Dynamical_S2SDatabase,ECCC,geps,tas,RPSS (period-pooled quintile RPS vs climatology),global land (land frac >= 0.5),3,days 19-25,-0.024,leaderboard,"AIWQ official leaderboard response.json, period-aggregated, final week",https://aiweatherquest.ecmwf.int/leaderboards ; https://aiweatherquest.ecmwf.int/wp-content/themes/picostrap5-child-base/js/results_page/response.json
SON 2025,SON,Dynamical_S2SDatabase,ECCC,geps,tas,RPSS (period-pooled quintile RPS vs climatology),global land (land frac >= 0.5),4,days 26-32,-0.03,leaderboard,"AIWQ official leaderboard response.json, period-aggregated, final week",https://aiweatherquest.ecmwf.int/leaderboards ; https://aiweatherquest.ecmwf.int/wp-content/themes/picostrap5-child-base/js/results_page/response.json
SON 2025,SON,JR,slowMamba,,tas,RPSS (period-pooled quintile RPS vs climatology),global land (land frac >= 0.5),3,days 19-25,-0.046,leaderboard,"AIWQ official leaderboard response.json, period-aggregated, final week",https://aiweatherquest.ecmwf.int/leaderboards ; https://aiweatherquest.ecmwf.int/wp-content/themes/picostrap5-child-base/js/results_page/response.json
SON 2025,SON,JR,slowMamba,,tas,RPSS (period-pooled quintile RPS vs climatology),global land (land frac >= 0.5),4,days 26-32,-0.062,leaderboard,"AIWQ official leaderboard response.json, period-aggregated, final week",https://aiweatherquest.ecmwf.int/leaderboards ; https://aiweatherquest.ecmwf.int/wp-content/themes/picostrap5-child-base/js/results_page/response.json
SON 2025,SON,CliMA,CliMAWeather2,,tas,RPSS (period-pooled quintile RPS vs climatology),global land (land frac >= 0.5),3,days 19-25,-0.046,leaderboard,"AIWQ official leaderboard response.json, period-aggregated, final week",https://aiweatherquest.ecmwf.int/leaderboards ; https://aiweatherquest.ecmwf.int/wp-content/themes/picostrap5-child-base/js/results_page/response.json
SON 2025,SON,CliMA,CliMAWeather2,,tas,RPSS (period-pooled quintile RPS vs climatology),global land (land frac >= 0.5),4,days 26-32,-0.078,leaderboard,"AIWQ official leaderboard response.json, period-aggregated, final week",https://aiweatherquest.ecmwf.int/leaderboards ; https://aiweatherquest.ecmwf.int/wp-content/themes/picostrap5-child-base/js/results_page/response.json
SON 2025,SON,CliMA,CliMAWeather,,tas,RPSS (period-pooled quintile RPS vs climatology),global land (land frac >= 0.5),3,days 19-25,-0.365,leaderboard,"AIWQ official leaderboard response.json, period-aggregated, final week",https://aiweatherquest.ecmwf.int/leaderboards ; https://aiweatherquest.ecmwf.int/wp-content/themes/picostrap5-child-base/js/results_page/response.json
SON 2025,SON,CliMA,CliMAWeather,,tas,RPSS (period-pooled quintile RPS vs climatology),global land (land frac >= 0.5),4,days 26-32,-0.413,leaderboard,"AIWQ official leaderboard response.json, period-aggregated, final week",https://aiweatherquest.ecmwf.int/leaderboards ; https://aiweatherquest.ecmwf.int/wp-content/themes/picostrap5-child-base/js/results_page/response.json
SON 2025,SON,CLINT,CLINTDD,,tas,RPSS (period-pooled quintile RPS vs climatology),global land (land frac >= 0.5),3,days 19-25,-0.054,leaderboard,"AIWQ official leaderboard response.json, period-aggregated, final week",https://aiweatherquest.ecmwf.int/leaderboards ; https://aiweatherquest.ecmwf.int/wp-content/themes/picostrap5-child-base/js/results_page/response.json
SON 2025,SON,CLINT,CLINTDD,,tas,RPSS (period-pooled quintile RPS vs climatology),global land (land frac >= 0.5),4,days 26-32,-0.284,leaderboard,"AIWQ official leaderboard response.json, period-aggregated, final week",https://aiweatherquest.ecmwf.int/leaderboards ; https://aiweatherquest.ecmwf.int/wp-content/themes/picostrap5-child-base/js/results_page/response.json
SON 2025,SON,Dynamical_S2SDatabase,KMA,,tas,RPSS (period-pooled quintile RPS vs climatology),global land (land frac >= 0.5),3,days 19-25,-0.067,leaderboard,"AIWQ official leaderboard response.json, period-aggregated, final week",https://aiweatherquest.ecmwf.int/leaderboards ; https://aiweatherquest.ecmwf.int/wp-content/themes/picostrap5-child-base/js/results_page/response.json
SON 2025,SON,Dynamical_S2SDatabase,KMA,,tas,RPSS (period-pooled quintile RPS vs climatology),global land (land frac >= 0.5),4,days 26-32,-0.079,leaderboard,"AIWQ official leaderboard response.json, period-aggregated, final week",https://aiweatherquest.ecmwf.int/leaderboards ; https://aiweatherquest.ecmwf.int/wp-content/themes/picostrap5-child-base/js/results_page/response.json
SON 2025,SON,Dynamical_S2SDatabase,NOAA,cfs,tas,RPSS (period-pooled quintile RPS vs climatology),global land (land frac >= 0.5),3,days 19-25,-0.074,leaderboard,"AIWQ official leaderboard response.json, period-aggregated, final week",https://aiweatherquest.ecmwf.int/leaderboards ; https://aiweatherquest.ecmwf.int/wp-content/themes/picostrap5-child-base/js/results_page/response.json
SON 2025,SON,Dynamical_S2SDatabase,NOAA,cfs,tas,RPSS (period-pooled quintile RPS vs climatology),global land (land frac >= 0.5),4,days 26-32,-0.07,leaderboard,"AIWQ official leaderboard response.json, period-aggregated, final week",https://aiweatherquest.ecmwf.int/leaderboards ; https://aiweatherquest.ecmwf.int/wp-content/themes/picostrap5-child-base/js/results_page/response.json
SON 2025,SON,Dynamical_S2SDatabase,JMA,,tas,RPSS (period-pooled quintile RPS vs climatology),global land (land frac >= 0.5),3,days 19-25,-0.082,leaderboard,"AIWQ official leaderboard response.json, period-aggregated, final week",https://aiweatherquest.ecmwf.int/leaderboards ; https://aiweatherquest.ecmwf.int/wp-content/themes/picostrap5-child-base/js/results_page/response.json
SON 2025,SON,Dynamical_S2SDatabase,JMA,,tas,RPSS (period-pooled quintile RPS vs climatology),global land (land frac >= 0.5),4,days 26-32,-0.082,leaderboard,"AIWQ official leaderboard response.json, period-aggregated, final week",https://aiweatherquest.ecmwf.int/leaderboards ; https://aiweatherquest.ecmwf.int/wp-content/themes/picostrap5-child-base/js/results_page/response.json
SON 2025,SON,Dynamical_S2SDatabase,HMCR,,tas,RPSS (period-pooled quintile RPS vs climatology),global land (land frac >= 0.5),3,days 19-25,-0.088,leaderboard,"AIWQ official leaderboard response.json, period-aggregated, final week",https://aiweatherquest.ecmwf.int/leaderboards ; https://aiweatherquest.ecmwf.int/wp-content/themes/picostrap5-child-base/js/results_page/response.json
SON 2025,SON,Dynamical_S2SDatabase,HMCR,,tas,RPSS (period-pooled quintile RPS vs climatology),global land (land frac >= 0.5),4,days 26-32,-0.058,leaderboard,"AIWQ official leaderboard response.json, period-aggregated, final week",https://aiweatherquest.ecmwf.int/leaderboards ; https://aiweatherquest.ecmwf.int/wp-content/themes/picostrap5-child-base/js/results_page/response.json
SON 2025,SON,CAMExpedition,SBCDiff,,tas,RPSS (period-pooled quintile RPS vs climatology),global land (land frac >= 0.5),3,days 19-25,-0.106,leaderboard,"AIWQ official leaderboard response.json, period-aggregated, final week",https://aiweatherquest.ecmwf.int/leaderboards ; https://aiweatherquest.ecmwf.int/wp-content/themes/picostrap5-child-base/js/results_page/response.json
SON 2025,SON,CAMExpedition,SBCDiff,,tas,RPSS (period-pooled quintile RPS vs climatology),global land (land frac >= 0.5),4,days 26-32,-0.115,leaderboard,"AIWQ official leaderboard response.json, period-aggregated, final week",https://aiweatherquest.ecmwf.int/leaderboards ; https://aiweatherquest.ecmwf.int/wp-content/themes/picostrap5-child-base/js/results_page/response.json
SON 2025,SON,UWAtmosNVIDIA,DLESyMS2Sv1,,tas,RPSS (period-pooled quintile RPS vs climatology),global land (land frac >= 0.5),3,days 19-25,-0.206,leaderboard,"AIWQ official leaderboard response.json, period-aggregated, final week",https://aiweatherquest.ecmwf.int/leaderboards ; https://aiweatherquest.ecmwf.int/wp-content/themes/picostrap5-child-base/js/results_page/response.json
SON 2025,SON,UWAtmosNVIDIA,DLESyMS2Sv1,,tas,RPSS (period-pooled quintile RPS vs climatology),global land (land frac >= 0.5),4,days 26-32,-0.192,leaderboard,"AIWQ official leaderboard response.json, period-aggregated, final week",https://aiweatherquest.ecmwf.int/leaderboards ; https://aiweatherquest.ecmwf.int/wp-content/themes/picostrap5-child-base/js/results_page/response.json
SON 2025,SON,HAPPY,AZN,,tas,RPSS (period-pooled quintile RPS vs climatology),global land (land frac >= 0.5),3,days 19-25,-0.21,leaderboard,"AIWQ official leaderboard response.json, period-aggregated, final week",https://aiweatherquest.ecmwf.int/leaderboards ; https://aiweatherquest.ecmwf.int/wp-content/themes/picostrap5-child-base/js/results_page/response.json
SON 2025,SON,HAPPY,AZN,,tas,RPSS (period-pooled quintile RPS vs climatology),global land (land frac >= 0.5),4,days 26-32,-0.257,leaderboard,"AIWQ official leaderboard response.json, period-aggregated, final week",https://aiweatherquest.ecmwf.int/leaderboards ; https://aiweatherquest.ecmwf.int/wp-content/themes/picostrap5-child-base/js/results_page/response.json
SON 2025,SON,NordicS2S,NordicS2S1,,tas,RPSS (period-pooled quintile RPS vs climatology),global land (land frac >= 0.5),3,days 19-25,-0.243,leaderboard,"AIWQ official leaderboard response.json, period-aggregated, final week",https://aiweatherquest.ecmwf.int/leaderboards ; https://aiweatherquest.ecmwf.int/wp-content/themes/picostrap5-child-base/js/results_page/response.json
SON 2025,SON,NordicS2S,NordicS2S1,,tas,RPSS (period-pooled quintile RPS vs climatology),global land (land frac >= 0.5),4,days 26-32,-0.302,leaderboard,"AIWQ official leaderboard response.json, period-aggregated, final week",https://aiweatherquest.ecmwf.int/leaderboards ; https://aiweatherquest.ecmwf.int/wp-content/themes/picostrap5-child-base/js/results_page/response.json
SON 2025,SON,NordicS2S,NordicS2S3,,tas,RPSS (period-pooled quintile RPS vs climatology),global land (land frac >= 0.5),3,days 19-25,-0.321,leaderboard,"AIWQ official leaderboard response.json, period-aggregated, final week",https://aiweatherquest.ecmwf.int/leaderboards ; https://aiweatherquest.ecmwf.int/wp-content/themes/picostrap5-child-base/js/results_page/response.json
SON 2025,SON,NordicS2S,NordicS2S3,,tas,RPSS (period-pooled quintile RPS vs climatology),global land (land frac >= 0.5),4,days 26-32,-0.317,leaderboard,"AIWQ official leaderboard response.json, period-aggregated, final week",https://aiweatherquest.ecmwf.int/leaderboards ; https://aiweatherquest.ecmwf.int/wp-content/themes/picostrap5-child-base/js/results_page/response.json
SON 2025,SON,NordicS2S,NordicS2S2,,tas,RPSS (period-pooled quintile RPS vs climatology),global land (land frac >= 0.5),3,days 19-25,-0.384,leaderboard,"AIWQ official leaderboard response.json, period-aggregated, final week",https://aiweatherquest.ecmwf.int/leaderboards ; https://aiweatherquest.ecmwf.int/wp-content/themes/picostrap5-child-base/js/results_page/response.json
SON 2025,SON,NordicS2S,NordicS2S2,,tas,RPSS (period-pooled quintile RPS vs climatology),global land (land frac >= 0.5),4,days 26-32,-0.455,leaderboard,"AIWQ official leaderboard response.json, period-aggregated, final week",https://aiweatherquest.ecmwf.int/leaderboards ; https://aiweatherquest.ecmwf.int/wp-content/themes/picostrap5-child-base/js/results_page/response.json
SON 2025,SON,Qronon,QRCML,,tas,RPSS (period-pooled quintile RPS vs climatology),global land (land frac >= 0.5),3,days 19-25,-0.303,leaderboard,"AIWQ official leaderboard response.json, period-aggregated, final week",https://aiweatherquest.ecmwf.int/leaderboards ; https://aiweatherquest.ecmwf.int/wp-content/themes/picostrap5-child-base/js/results_page/response.json
SON 2025,SON,Qronon,QRCML,,tas,RPSS (period-pooled quintile RPS vs climatology),global land (land frac >= 0.5),4,days 26-32,-0.368,leaderboard,"AIWQ official leaderboard response.json, period-aggregated, final week",https://aiweatherquest.ecmwf.int/leaderboards ; https://aiweatherquest.ecmwf.int/wp-content/themes/picostrap5-child-base/js/results_page/response.json
SON 2025,SON,WindBorne,WeatherMesh,,tas,RPSS (period-pooled quintile RPS vs climatology),global land (land frac >= 0.5),3,days 19-25,-0.415,leaderboard,"AIWQ official leaderboard response.json, period-aggregated, final week",https://aiweatherquest.ecmwf.int/leaderboards ; https://aiweatherquest.ecmwf.int/wp-content/themes/picostrap5-child-base/js/results_page/response.json
SON 2025,SON,WindBorne,WeatherMesh,,tas,RPSS (period-pooled quintile RPS vs climatology),global land (land frac >= 0.5),4,days 26-32,-0.591,leaderboard,"AIWQ official leaderboard response.json, period-aggregated, final week",https://aiweatherquest.ecmwf.int/leaderboards ; https://aiweatherquest.ecmwf.int/wp-content/themes/picostrap5-child-base/js/results_page/response.json
SON 2025,SON,TAICHI,TAICHIAI,,tas,RPSS (period-pooled quintile RPS vs climatology),global land (land frac >= 0.5),3,days 19-25,-0.725,leaderboard,"AIWQ official leaderboard response.json, period-aggregated, final week",https://aiweatherquest.ecmwf.int/leaderboards ; https://aiweatherquest.ecmwf.int/wp-content/themes/picostrap5-child-base/js/results_page/response.json
SON 2025,SON,TAICHI,TAICHIAI,,tas,RPSS (period-pooled quintile RPS vs climatology),global land (land frac >= 0.5),4,days 26-32,-0.715,leaderboard,"AIWQ official leaderboard response.json, period-aggregated, final week",https://aiweatherquest.ecmwf.int/leaderboards ; https://aiweatherquest.ecmwf.int/wp-content/themes/picostrap5-child-base/js/results_page/response.json
SON 2025,SON,Sibyl,ClimSDE,,tas,RPSS (period-pooled quintile RPS vs climatology),global land (land frac >= 0.5),3,days 19-25,-1.088,leaderboard,"AIWQ official leaderboard response.json, period-aggregated, final week",https://aiweatherquest.ecmwf.int/leaderboards ; https://aiweatherquest.ecmwf.int/wp-content/themes/picostrap5-child-base/js/results_page/response.json
SON 2025,SON,Sibyl,ClimSDE,,tas,RPSS (period-pooled quintile RPS vs climatology),global land (land frac >= 0.5),4,days 26-32,-1.036,leaderboard,"AIWQ official leaderboard response.json, period-aggregated, final week",https://aiweatherquest.ecmwf.int/leaderboards ; https://aiweatherquest.ecmwf.int/wp-content/themes/picostrap5-child-base/js/results_page/response.json
SON 2025,SON,KITKangu,KanguS2SEasyUQ,,tas,RPSS (period-pooled quintile RPS vs climatology),global land (land frac >= 0.5),3,days 19-25,-1.148,leaderboard,"AIWQ official leaderboard response.json, period-aggregated, final week",https://aiweatherquest.ecmwf.int/leaderboards ; https://aiweatherquest.ecmwf.int/wp-content/themes/picostrap5-child-base/js/results_page/response.json
SON 2025,SON,KITKangu,KanguS2SEasyUQ,,tas,RPSS (period-pooled quintile RPS vs climatology),global land (land frac >= 0.5),4,days 26-32,-1.315,leaderboard,"AIWQ official leaderboard response.json, period-aggregated, final week",https://aiweatherquest.ecmwf.int/leaderboards ; https://aiweatherquest.ecmwf.int/wp-content/themes/picostrap5-child-base/js/results_page/response.json
DJF 2025,DJF,LP,LPM,,tas,RPSS (period-pooled quintile RPS vs climatology),global land (land frac >= 0.5),3,days 19-25,0.089,leaderboard,"AIWQ official leaderboard response.json, period-aggregated, final week",https://aiweatherquest.ecmwf.int/leaderboards ; https://aiweatherquest.ecmwf.int/wp-content/themes/picostrap5-child-base/js/results_page/response.json
DJF 2025,DJF,LP,LPM,,tas,RPSS (period-pooled quintile RPS vs climatology),global land (land frac >= 0.5),4,days 26-32,0.057,leaderboard,"AIWQ official leaderboard response.json, period-aggregated, final week",https://aiweatherquest.ecmwf.int/leaderboards ; https://aiweatherquest.ecmwf.int/wp-content/themes/picostrap5-child-base/js/results_page/response.json
DJF 2025,DJF,MicroEnsemble,MicroDuet,,tas,RPSS (period-pooled quintile RPS vs climatology),global land (land frac >= 0.5),3,days 19-25,0.086,leaderboard,"AIWQ official leaderboard response.json, period-aggregated, final week",https://aiweatherquest.ecmwf.int/leaderboards ; https://aiweatherquest.ecmwf.int/wp-content/themes/picostrap5-child-base/js/results_page/response.json
DJF 2025,DJF,MicroEnsemble,MicroDuet,,tas,RPSS (period-pooled quintile RPS vs climatology),global land (land frac >= 0.5),4,days 26-32,0.055,leaderboard,"AIWQ official leaderboard response.json, period-aggregated, final week",https://aiweatherquest.ecmwf.int/leaderboards ; https://aiweatherquest.ecmwf.int/wp-content/themes/picostrap5-child-base/js/results_page/response.json
DJF 2025,DJF,MicroEnsemble,Huracan,,tas,RPSS (period-pooled quintile RPS vs climatology),global land (land frac >= 0.5),3,days 19-25,0.081,leaderboard,"AIWQ official leaderboard response.json, period-aggregated, final week",https://aiweatherquest.ecmwf.int/leaderboards ; https://aiweatherquest.ecmwf.int/wp-content/themes/picostrap5-child-base/js/results_page/response.json
DJF 2025,DJF,MicroEnsemble,Huracan,,tas,RPSS (period-pooled quintile RPS vs climatology),global land (land frac >= 0.5),4,days 26-32,0.05,leaderboard,"AIWQ official leaderboard response.json, period-aggregated, final week",https://aiweatherquest.ecmwf.int/leaderboards ; https://aiweatherquest.ecmwf.int/wp-content/themes/picostrap5-child-base/js/results_page/response.json
DJF 2025,DJF,MicroEnsemble,StillLearning,,tas,RPSS (period-pooled quintile RPS vs climatology),global land (land frac >= 0.5),3,days 19-25,0.071,leaderboard,"AIWQ official leaderboard response.json, period-aggregated, final week",https://aiweatherquest.ecmwf.int/leaderboards ; https://aiweatherquest.ecmwf.int/wp-content/themes/picostrap5-child-base/js/results_page/response.json
DJF 2025,DJF,MicroEnsemble,StillLearning,,tas,RPSS (period-pooled quintile RPS vs climatology),global land (land frac >= 0.5),4,days 26-32,0.042,leaderboard,"AIWQ official leaderboard response.json, period-aggregated, final week",https://aiweatherquest.ecmwf.int/leaderboards ; https://aiweatherquest.ecmwf.int/wp-content/themes/picostrap5-child-base/js/results_page/response.json
DJF 2025,DJF,Dynamical_S2SDatabase,multimodel_mean,,tas,RPSS (period-pooled quintile RPS vs climatology),global land (land frac >= 0.5),3,days 19-25,0.086,leaderboard,"AIWQ official leaderboard response.json, period-aggregated, final week",https://aiweatherquest.ecmwf.int/leaderboards ; https://aiweatherquest.ecmwf.int/wp-content/themes/picostrap5-child-base/js/results_page/response.json
DJF 2025,DJF,Dynamical_S2SDatabase,multimodel_mean,,tas,RPSS (period-pooled quintile RPS vs climatology),global land (land frac >= 0.5),4,days 26-32,0.049,leaderboard,"AIWQ official leaderboard response.json, period-aggregated, final week",https://aiweatherquest.ecmwf.int/leaderboards ; https://aiweatherquest.ecmwf.int/wp-content/themes/picostrap5-child-base/js/results_page/response.json
DJF 2025,DJF,CLINT,CLINTMF,,tas,RPSS (period-pooled quintile RPS vs climatology),global land (land frac >= 0.5),3,days 19-25,0.08,leaderboard,"AIWQ official leaderboard response.json, period-aggregated, final week",https://aiweatherquest.ecmwf.int/leaderboards ; https://aiweatherquest.ecmwf.int/wp-content/themes/picostrap5-child-base/js/results_page/response.json
DJF 2025,DJF,CLINT,CLINTMF,,tas,RPSS (period-pooled quintile RPS vs climatology),global land (land frac >= 0.5),4,days 26-32,0.05,leaderboard,"AIWQ official leaderboard response.json, period-aggregated, final week",https://aiweatherquest.ecmwf.int/leaderboards ; https://aiweatherquest.ecmwf.int/wp-content/themes/picostrap5-child-base/js/results_page/response.json
DJF 2025,DJF,CLINT,CLINTDD,,tas,RPSS (period-pooled quintile RPS vs climatology),global land (land frac >= 0.5),3,days 19-25,0.075,leaderboard,"AIWQ official leaderboard response.json, period-aggregated, final week",https://aiweatherquest.ecmwf.int/leaderboards ; https://aiweatherquest.ecmwf.int/wp-content/themes/picostrap5-child-base/js/results_page/response.json
DJF 2025,DJF,CLINT,CLINTDD,,tas,RPSS (period-pooled quintile RPS vs climatology),global land (land frac >= 0.5),4,days 26-32,0.047,leaderboard,"AIWQ official leaderboard response.json, period-aggregated, final week",https://aiweatherquest.ecmwf.int/leaderboards ; https://aiweatherquest.ecmwf.int/wp-content/themes/picostrap5-child-base/js/results_page/response.json
DJF 2025,DJF,CLINT,CLINTSE,,tas,RPSS (period-pooled quintile RPS vs climatology),global land (land frac >= 0.5),3,days 19-25,-0.001,leaderboard,"AIWQ official leaderboard response.json, period-aggregated, final week",https://aiweatherquest.ecmwf.int/leaderboards ; https://aiweatherquest.ecmwf.int/wp-content/themes/picostrap5-child-base/js/results_page/response.json
DJF 2025,DJF,CLINT,CLINTSE,,tas,RPSS (period-pooled quintile RPS vs climatology),global land (land frac >= 0.5),4,days 26-32,-0.034,leaderboard,"AIWQ official leaderboard response.json, period-aggregated, final week",https://aiweatherquest.ecmwf.int/leaderboards ; https://aiweatherquest.ecmwf.int/wp-content/themes/picostrap5-child-base/js/results_page/response.json
DJF 2025,DJF,AIFS,AIFShera,,tas,RPSS (period-pooled quintile RPS vs climatology),global land (land frac >= 0.5),3,days 19-25,0.076,leaderboard,"AIWQ official leaderboard response.json, period-aggregated, final week",https://aiweatherquest.ecmwf.int/leaderboards ; https://aiweatherquest.ecmwf.int/wp-content/themes/picostrap5-child-base/js/results_page/response.json
DJF 2025,DJF,AIFS,AIFShera,,tas,RPSS (period-pooled quintile RPS vs climatology),global land (land frac >= 0.5),4,days 26-32,0.04,leaderboard,"AIWQ official leaderboard response.json, period-aggregated, final week",https://aiweatherquest.ecmwf.int/leaderboards ; https://aiweatherquest.ecmwf.int/wp-content/themes/picostrap5-child-base/js/results_page/response.json
DJF 2025,DJF,AIFS,AIFSgaia,,tas,RPSS (period-pooled quintile RPS vs climatology),global land (land frac >= 0.5),3,days 19-25,0.062,leaderboard,"AIWQ official leaderboard response.json, period-aggregated, final week",https://aiweatherquest.ecmwf.int/leaderboards ; https://aiweatherquest.ecmwf.int/wp-content/themes/picostrap5-child-base/js/results_page/response.json
DJF 2025,DJF,AIFS,AIFSgaia,,tas,RPSS (period-pooled quintile RPS vs climatology),global land (land frac >= 0.5),4,days 26-32,0.036,leaderboard,"AIWQ official leaderboard response.json, period-aggregated, final week",https://aiweatherquest.ecmwf.int/leaderboards ; https://aiweatherquest.ecmwf.int/wp-content/themes/picostrap5-child-base/js/results_page/response.json
DJF 2025,DJF,AIFS,AIFSthalassa,,tas,RPSS (period-pooled quintile RPS vs climatology),global land (land frac >= 0.5),3,days 19-25,0.06,leaderboard,"AIWQ official leaderboard response.json, period-aggregated, final week",https://aiweatherquest.ecmwf.int/leaderboards ; https://aiweatherquest.ecmwf.int/wp-content/themes/picostrap5-child-base/js/results_page/response.json
DJF 2025,DJF,AIFS,AIFSthalassa,,tas,RPSS (period-pooled quintile RPS vs climatology),global land (land frac >= 0.5),4,days 26-32,-0.034,leaderboard,"AIWQ official leaderboard response.json, period-aggregated, final week",https://aiweatherquest.ecmwf.int/leaderboards ; https://aiweatherquest.ecmwf.int/wp-content/themes/picostrap5-child-base/js/results_page/response.json
DJF 2025,DJF,CMAandFDU,FengshunHybrid,,tas,RPSS (period-pooled quintile RPS vs climatology),global land (land frac >= 0.5),3,days 19-25,0.068,leaderboard,"AIWQ official leaderboard response.json, period-aggregated, final week",https://aiweatherquest.ecmwf.int/leaderboards ; https://aiweatherquest.ecmwf.int/wp-content/themes/picostrap5-child-base/js/results_page/response.json
DJF 2025,DJF,CMAandFDU,FengshunHybrid,,tas,RPSS (period-pooled quintile RPS vs climatology),global land (land frac >= 0.5),4,days 26-32,0.047,leaderboard,"AIWQ official leaderboard response.json, period-aggregated, final week",https://aiweatherquest.ecmwf.int/leaderboards ; https://aiweatherquest.ecmwf.int/wp-content/themes/picostrap5-child-base/js/results_page/response.json
DJF 2025,DJF,CMAandFDU,FengshunAdjust,,tas,RPSS (period-pooled quintile RPS vs climatology),global land (land frac >= 0.5),3,days 19-25,0.033,leaderboard,"AIWQ official leaderboard response.json, period-aggregated, final week",https://aiweatherquest.ecmwf.int/leaderboards ; https://aiweatherquest.ecmwf.int/wp-content/themes/picostrap5-child-base/js/results_page/response.json
DJF 2025,DJF,CMAandFDU,FengshunAdjust,,tas,RPSS (period-pooled quintile RPS vs climatology),global land (land frac >= 0.5),4,days 26-32,0.033,leaderboard,"AIWQ official leaderboard response.json, period-aggregated, final week",https://aiweatherquest.ecmwf.int/leaderboards ; https://aiweatherquest.ecmwf.int/wp-content/themes/picostrap5-child-base/js/results_page/response.json
DJF 2025,DJF,CMAandFDU,Fengshun,,tas,RPSS (period-pooled quintile RPS vs climatology),global land (land frac >= 0.5),3,days 19-25,-0.007,leaderboard,"AIWQ official leaderboard response.json, period-aggregated, final week",https://aiweatherquest.ecmwf.int/leaderboards ; https://aiweatherquest.ecmwf.int/wp-content/themes/picostrap5-child-base/js/results_page/response.json
DJF 2025,DJF,CMAandFDU,Fengshun,,tas,RPSS (period-pooled quintile RPS vs climatology),global land (land frac >= 0.5),4,days 26-32,-0.04,leaderboard,"AIWQ official leaderboard response.json, period-aggregated, final week",https://aiweatherquest.ecmwf.int/leaderboards ; https://aiweatherquest.ecmwf.int/wp-content/themes/picostrap5-child-base/js/results_page/response.json
DJF 2025,DJF,Dynamical_S2SDatabase,ECMWF,ec46,tas,RPSS (period-pooled quintile RPS vs climatology),global land (land frac >= 0.5),3,days 19-25,0.062,leaderboard,"AIWQ official leaderboard response.json, period-aggregated, final week",https://aiweatherquest.ecmwf.int/leaderboards ; https://aiweatherquest.ecmwf.int/wp-content/themes/picostrap5-child-base/js/results_page/response.json
DJF 2025,DJF,Dynamical_S2SDatabase,ECMWF,ec46,tas,RPSS (period-pooled quintile RPS vs climatology),global land (land frac >= 0.5),4,days 26-32,0.036,leaderboard,"AIWQ official leaderboard response.json, period-aggregated, final week",https://aiweatherquest.ecmwf.int/leaderboards ; https://aiweatherquest.ecmwf.int/wp-content/themes/picostrap5-child-base/js/results_page/response.json
DJF 2025,DJF,UWAtmosNVIDIA,DLESyMS2Sv1,,tas,RPSS (period-pooled quintile RPS vs climatology),global land (land frac >= 0.5),3,days 19-25,0.033,leaderboard,"AIWQ official leaderboard response.json, period-aggregated, final week",https://aiweatherquest.ecmwf.int/leaderboards ; https://aiweatherquest.ecmwf.int/wp-content/themes/picostrap5-child-base/js/results_page/response.json
DJF 2025,DJF,UWAtmosNVIDIA,DLESyMS2Sv1,,tas,RPSS (period-pooled quintile RPS vs climatology),global land (land frac >= 0.5),4,days 26-32,0.009,leaderboard,"AIWQ official leaderboard response.json, period-aggregated, final week",https://aiweatherquest.ecmwf.int/leaderboards ; https://aiweatherquest.ecmwf.int/wp-content/themes/picostrap5-child-base/js/results_page/response.json
DJF 2025,DJF,CliMA,CliMAWeather2,,tas,RPSS (period-pooled quintile RPS vs climatology),global land (land frac >= 0.5),3,days 19-25,0.02,leaderboard,"AIWQ official leaderboard response.json, period-aggregated, final week",https://aiweatherquest.ecmwf.int/leaderboards ; https://aiweatherquest.ecmwf.int/wp-content/themes/picostrap5-child-base/js/results_page/response.json
DJF 2025,DJF,CliMA,CliMAWeather2,,tas,RPSS (period-pooled quintile RPS vs climatology),global land (land frac >= 0.5),4,days 26-32,0.026,leaderboard,"AIWQ official leaderboard response.json, period-aggregated, final week",https://aiweatherquest.ecmwf.int/leaderboards ; https://aiweatherquest.ecmwf.int/wp-content/themes/picostrap5-child-base/js/results_page/response.json
DJF 2025,DJF,CliMA,CliMAWeather,,tas,RPSS (period-pooled quintile RPS vs climatology),global land (land frac >= 0.5),3,days 19-25,-0.005,leaderboard,"AIWQ official leaderboard response.json, period-aggregated, final week",https://aiweatherquest.ecmwf.int/leaderboards ; https://aiweatherquest.ecmwf.int/wp-content/themes/picostrap5-child-base/js/results_page/response.json
DJF 2025,DJF,CliMA,CliMAWeather,,tas,RPSS (period-pooled quintile RPS vs climatology),global land (land frac >= 0.5),4,days 26-32,0.002,leaderboard,"AIWQ official leaderboard response.json, period-aggregated, final week",https://aiweatherquest.ecmwf.int/leaderboards ; https://aiweatherquest.ecmwf.int/wp-content/themes/picostrap5-child-base/js/results_page/response.json
DJF 2025,DJF,Dynamical_S2SDatabase,ECCC,geps,tas,RPSS (period-pooled quintile RPS vs climatology),global land (land frac >= 0.5),3,days 19-25,0.015,leaderboard,"AIWQ official leaderboard response.json, period-aggregated, final week",https://aiweatherquest.ecmwf.int/leaderboards ; https://aiweatherquest.ecmwf.int/wp-content/themes/picostrap5-child-base/js/results_page/response.json
DJF 2025,DJF,Dynamical_S2SDatabase,ECCC,geps,tas,RPSS (period-pooled quintile RPS vs climatology),global land (land frac >= 0.5),4,days 26-32,-0.013,leaderboard,"AIWQ official leaderboard response.json, period-aggregated, final week",https://aiweatherquest.ecmwf.int/leaderboards ; https://aiweatherquest.ecmwf.int/wp-content/themes/picostrap5-child-base/js/results_page/response.json
DJF 2025,DJF,NvidiaDistill,DLESyM10K,,tas,RPSS (period-pooled quintile RPS vs climatology),global land (land frac >= 0.5),3,days 19-25,0.009,leaderboard,"AIWQ official leaderboard response.json, period-aggregated, final week",https://aiweatherquest.ecmwf.int/leaderboards ; https://aiweatherquest.ecmwf.int/wp-content/themes/picostrap5-child-base/js/results_page/response.json
DJF 2025,DJF,NvidiaDistill,DLESyM10K,,tas,RPSS (period-pooled quintile RPS vs climatology),global land (land frac >= 0.5),4,days 26-32,-0.009,leaderboard,"AIWQ official leaderboard response.json, period-aggregated, final week",https://aiweatherquest.ecmwf.int/leaderboards ; https://aiweatherquest.ecmwf.int/wp-content/themes/picostrap5-child-base/js/results_page/response.json
DJF 2025,DJF,scienceAI,findforecast,,tas,RPSS (period-pooled quintile RPS vs climatology),global land (land frac >= 0.5),3,days 19-25,-0.002,leaderboard,"AIWQ official leaderboard response.json, period-aggregated, final week",https://aiweatherquest.ecmwf.int/leaderboards ; https://aiweatherquest.ecmwf.int/wp-content/themes/picostrap5-child-base/js/results_page/response.json
DJF 2025,DJF,scienceAI,findforecast,,tas,RPSS (period-pooled quintile RPS vs climatology),global land (land frac >= 0.5),4,days 26-32,-0.002,leaderboard,"AIWQ official leaderboard response.json, period-aggregated, final week",https://aiweatherquest.ecmwf.int/leaderboards ; https://aiweatherquest.ecmwf.int/wp-content/themes/picostrap5-child-base/js/results_page/response.json
DJF 2025,DJF,scienceAI,ngcm,,tas,RPSS (period-pooled quintile RPS vs climatology),global land (land frac >= 0.5),3,days 19-25,-0.007,leaderboard,"AIWQ official leaderboard response.json, period-aggregated, final week",https://aiweatherquest.ecmwf.int/leaderboards ; https://aiweatherquest.ecmwf.int/wp-content/themes/picostrap5-child-base/js/results_page/response.json
DJF 2025,DJF,scienceAI,ngcm,,tas,RPSS (period-pooled quintile RPS vs climatology),global land (land frac >= 0.5),4,days 26-32,-0.011,leaderboard,"AIWQ official leaderboard response.json, period-aggregated, final week",https://aiweatherquest.ecmwf.int/leaderboards ; https://aiweatherquest.ecmwf.int/wp-content/themes/picostrap5-child-base/js/results_page/response.json
DJF 2025,DJF,scienceAI,zephyr,,tas,RPSS (period-pooled quintile RPS vs climatology),global land (land frac >= 0.5),3,days 19-25,-0.007,leaderboard,"AIWQ official leaderboard response.json, period-aggregated, final week",https://aiweatherquest.ecmwf.int/leaderboards ; https://aiweatherquest.ecmwf.int/wp-content/themes/picostrap5-child-base/js/results_page/response.json
DJF 2025,DJF,scienceAI,zephyr,,tas,RPSS (period-pooled quintile RPS vs climatology),global land (land frac >= 0.5),4,days 26-32,-0.017,leaderboard,"AIWQ official leaderboard response.json, period-aggregated, final week",https://aiweatherquest.ecmwf.int/leaderboards ; https://aiweatherquest.ecmwf.int/wp-content/themes/picostrap5-child-base/js/results_page/response.json
DJF 2025,DJF,FengWuW2S,FengWu2,,tas,RPSS (period-pooled quintile RPS vs climatology),global land (land frac >= 0.5),3,days 19-25,-0.008,leaderboard,"AIWQ official leaderboard response.json, period-aggregated, final week",https://aiweatherquest.ecmwf.int/leaderboards ; https://aiweatherquest.ecmwf.int/wp-content/themes/picostrap5-child-base/js/results_page/response.json
DJF 2025,DJF,FengWuW2S,FengWu2,,tas,RPSS (period-pooled quintile RPS vs climatology),global land (land frac >= 0.5),4,days 26-32,-0.07,leaderboard,"AIWQ official leaderboard response.json, period-aggregated, final week",https://aiweatherquest.ecmwf.int/leaderboards ; https://aiweatherquest.ecmwf.int/wp-content/themes/picostrap5-child-base/js/results_page/response.json
DJF 2025,DJF,FengWuW2S,FengWu,,tas,RPSS (period-pooled quintile RPS vs climatology),global land (land frac >= 0.5),3,days 19-25,-0.027,leaderboard,"AIWQ official leaderboard response.json, period-aggregated, final week",https://aiweatherquest.ecmwf.int/leaderboards ; https://aiweatherquest.ecmwf.int/wp-content/themes/picostrap5-child-base/js/results_page/response.json
DJF 2025,DJF,FengWuW2S,FengWu,,tas,RPSS (period-pooled quintile RPS vs climatology),global land (land frac >= 0.5),4,days 26-32,-0.041,leaderboard,"AIWQ official leaderboard response.json, period-aggregated, final week",https://aiweatherquest.ecmwf.int/leaderboards ; https://aiweatherquest.ecmwf.int/wp-content/themes/picostrap5-child-base/js/results_page/response.json
DJF 2025,DJF,Dynamical_S2SDatabase,JMA,,tas,RPSS (period-pooled quintile RPS vs climatology),global land (land frac >= 0.5),3,days 19-25,-0.015,leaderboard,"AIWQ official leaderboard response.json, period-aggregated, final week",https://aiweatherquest.ecmwf.int/leaderboards ; https://aiweatherquest.ecmwf.int/wp-content/themes/picostrap5-child-base/js/results_page/response.json
DJF 2025,DJF,Dynamical_S2SDatabase,JMA,,tas,RPSS (period-pooled quintile RPS vs climatology),global land (land frac >= 0.5),4,days 26-32,-0.026,leaderboard,"AIWQ official leaderboard response.json, period-aggregated, final week",https://aiweatherquest.ecmwf.int/leaderboards ; https://aiweatherquest.ecmwf.int/wp-content/themes/picostrap5-child-base/js/results_page/response.json
DJF 2025,DJF,Dynamical_S2SDatabase,KMA,,tas,RPSS (period-pooled quintile RPS vs climatology),global land (land frac >= 0.5),3,days 19-25,-0.017,leaderboard,"AIWQ official leaderboard response.json, period-aggregated, final week",https://aiweatherquest.ecmwf.int/leaderboards ; https://aiweatherquest.ecmwf.int/wp-content/themes/picostrap5-child-base/js/results_page/response.json
DJF 2025,DJF,Dynamical_S2SDatabase,KMA,,tas,RPSS (period-pooled quintile RPS vs climatology),global land (land frac >= 0.5),4,days 26-32,-0.063,leaderboard,"AIWQ official leaderboard response.json, period-aggregated, final week",https://aiweatherquest.ecmwf.int/leaderboards ; https://aiweatherquest.ecmwf.int/wp-content/themes/picostrap5-child-base/js/results_page/response.json
DJF 2025,DJF,Fahamu,FahamuAIFSv1,,tas,RPSS (period-pooled quintile RPS vs climatology),global land (land frac >= 0.5),3,days 19-25,-0.05,leaderboard,"AIWQ official leaderboard response.json, period-aggregated, final week",https://aiweatherquest.ecmwf.int/leaderboards ; https://aiweatherquest.ecmwf.int/wp-content/themes/picostrap5-child-base/js/results_page/response.json
DJF 2025,DJF,Fahamu,FahamuAIFSv1,,tas,RPSS (period-pooled quintile RPS vs climatology),global land (land frac >= 0.5),4,days 26-32,-0.135,leaderboard,"AIWQ official leaderboard response.json, period-aggregated, final week",https://aiweatherquest.ecmwf.int/leaderboards ; https://aiweatherquest.ecmwf.int/wp-content/themes/picostrap5-child-base/js/results_page/response.json
DJF 2025,DJF,Dynamical_S2SDatabase,NOAA,cfs,tas,RPSS (period-pooled quintile RPS vs climatology),global land (land frac >= 0.5),3,days 19-25,-0.07,leaderboard,"AIWQ official leaderboard response.json, period-aggregated, final week",https://aiweatherquest.ecmwf.int/leaderboards ; https://aiweatherquest.ecmwf.int/wp-content/themes/picostrap5-child-base/js/results_page/response.json
DJF 2025,DJF,Dynamical_S2SDatabase,NOAA,cfs,tas,RPSS (period-pooled quintile RPS vs climatology),global land (land frac >= 0.5),4,days 26-32,-0.083,leaderboard,"AIWQ official leaderboard response.json, period-aggregated, final week",https://aiweatherquest.ecmwf.int/leaderboards ; https://aiweatherquest.ecmwf.int/wp-content/themes/picostrap5-child-base/js/results_page/response.json
DJF 2025,DJF,NordicS2S,NordicS2S2,,tas,RPSS (period-pooled quintile RPS vs climatology),global land (land frac >= 0.5),3,days 19-25,-0.076,leaderboard,"AIWQ official leaderboard response.json, period-aggregated, final week",https://aiweatherquest.ecmwf.int/leaderboards ; https://aiweatherquest.ecmwf.int/wp-content/themes/picostrap5-child-base/js/results_page/response.json
DJF 2025,DJF,NordicS2S,NordicS2S2,,tas,RPSS (period-pooled quintile RPS vs climatology),global land (land frac >= 0.5),4,days 26-32,-0.045,leaderboard,"AIWQ official leaderboard response.json, period-aggregated, final week",https://aiweatherquest.ecmwf.int/leaderboards ; https://aiweatherquest.ecmwf.int/wp-content/themes/picostrap5-child-base/js/results_page/response.json
DJF 2025,DJF,NordicS2S,NordicS2S3,,tas,RPSS (period-pooled quintile RPS vs climatology),global land (land frac >= 0.5),3,days 19-25,-0.116,leaderboard,"AIWQ official leaderboard response.json, period-aggregated, final week",https://aiweatherquest.ecmwf.int/leaderboards ; https://aiweatherquest.ecmwf.int/wp-content/themes/picostrap5-child-base/js/results_page/response.json
DJF 2025,DJF,NordicS2S,NordicS2S3,,tas,RPSS (period-pooled quintile RPS vs climatology),global land (land frac >= 0.5),4,days 26-32,-0.112,leaderboard,"AIWQ official leaderboard response.json, period-aggregated, final week",https://aiweatherquest.ecmwf.int/leaderboards ; https://aiweatherquest.ecmwf.int/wp-content/themes/picostrap5-child-base/js/results_page/response.json
DJF 2025,DJF,NordicS2S,NordicS2S1,,tas,RPSS (period-pooled quintile RPS vs climatology),global land (land frac >= 0.5),3,days 19-25,-0.131,leaderboard,"AIWQ official leaderboard response.json, period-aggregated, final week",https://aiweatherquest.ecmwf.int/leaderboards ; https://aiweatherquest.ecmwf.int/wp-content/themes/picostrap5-child-base/js/results_page/response.json
DJF 2025,DJF,NordicS2S,NordicS2S1,,tas,RPSS (period-pooled quintile RPS vs climatology),global land (land frac >= 0.5),4,days 26-32,-0.095,leaderboard,"AIWQ official leaderboard response.json, period-aggregated, final week",https://aiweatherquest.ecmwf.int/leaderboards ; https://aiweatherquest.ecmwf.int/wp-content/themes/picostrap5-child-base/js/results_page/response.json
DJF 2025,DJF,JR,slowMamba,,tas,RPSS (period-pooled quintile RPS vs climatology),global land (land frac >= 0.5),3,days 19-25,-0.124,leaderboard,"AIWQ official leaderboard response.json, period-aggregated, final week",https://aiweatherquest.ecmwf.int/leaderboards ; https://aiweatherquest.ecmwf.int/wp-content/themes/picostrap5-child-base/js/results_page/response.json
DJF 2025,DJF,JR,slowMamba,,tas,RPSS (period-pooled quintile RPS vs climatology),global land (land frac >= 0.5),4,days 26-32,-0.187,leaderboard,"AIWQ official leaderboard response.json, period-aggregated, final week",https://aiweatherquest.ecmwf.int/leaderboards ; https://aiweatherquest.ecmwf.int/wp-content/themes/picostrap5-child-base/js/results_page/response.json
DJF 2025,DJF,SwissAIClimate,ESFM,,tas,RPSS (period-pooled quintile RPS vs climatology),global land (land frac >= 0.5),3,days 19-25,-0.158,leaderboard,"AIWQ official leaderboard response.json, period-aggregated, final week",https://aiweatherquest.ecmwf.int/leaderboards ; https://aiweatherquest.ecmwf.int/wp-content/themes/picostrap5-child-base/js/results_page/response.json
DJF 2025,DJF,SwissAIClimate,ESFM,,tas,RPSS (period-pooled quintile RPS vs climatology),global land (land frac >= 0.5),4,days 26-32,-0.18,leaderboard,"AIWQ official leaderboard response.json, period-aggregated, final week",https://aiweatherquest.ecmwf.int/leaderboards ; https://aiweatherquest.ecmwf.int/wp-content/themes/picostrap5-child-base/js/results_page/response.json
DJF 2025,DJF,SAIS2S,SAI,,tas,RPSS (period-pooled quintile RPS vs climatology),global land (land frac >= 0.5),3,days 19-25,-0.262,leaderboard,"AIWQ official leaderboard response.json, period-aggregated, final week",https://aiweatherquest.ecmwf.int/leaderboards ; https://aiweatherquest.ecmwf.int/wp-content/themes/picostrap5-child-base/js/results_page/response.json
DJF 2025,DJF,SAIS2S,SAI,,tas,RPSS (period-pooled quintile RPS vs climatology),global land (land frac >= 0.5),4,days 26-32,-0.225,leaderboard,"AIWQ official leaderboard response.json, period-aggregated, final week",https://aiweatherquest.ecmwf.int/leaderboards ; https://aiweatherquest.ecmwf.int/wp-content/themes/picostrap5-child-base/js/results_page/response.json
DJF 2025,DJF,HAPPY,AZN,,tas,RPSS (period-pooled quintile RPS vs climatology),global land (land frac >= 0.5),3,days 19-25,-0.3,leaderboard,"AIWQ official leaderboard response.json, period-aggregated, final week",https://aiweatherquest.ecmwf.int/leaderboards ; https://aiweatherquest.ecmwf.int/wp-content/themes/picostrap5-child-base/js/results_page/response.json
DJF 2025,DJF,HAPPY,AZN,,tas,RPSS (period-pooled quintile RPS vs climatology),global land (land frac >= 0.5),4,days 26-32,-0.333,leaderboard,"AIWQ official leaderboard response.json, period-aggregated, final week",https://aiweatherquest.ecmwf.int/leaderboards ; https://aiweatherquest.ecmwf.int/wp-content/themes/picostrap5-child-base/js/results_page/response.json
DJF 2025,DJF,CAMExpedition,SBCDiff,,tas,RPSS (period-pooled quintile RPS vs climatology),global land (land frac >= 0.5),3,days 19-25,-0.315,leaderboard,"AIWQ official leaderboard response.json, period-aggregated, final week",https://aiweatherquest.ecmwf.int/leaderboards ; https://aiweatherquest.ecmwf.int/wp-content/themes/picostrap5-child-base/js/results_page/response.json
DJF 2025,DJF,CAMExpedition,SBCDiff,,tas,RPSS (period-pooled quintile RPS vs climatology),global land (land frac >= 0.5),4,days 26-32,-0.324,leaderboard,"AIWQ official leaderboard response.json, period-aggregated, final week",https://aiweatherquest.ecmwf.int/leaderboards ; https://aiweatherquest.ecmwf.int/wp-content/themes/picostrap5-child-base/js/results_page/response.json
DJF 2025,DJF,NSFNCAR,subCESMulator,,tas,RPSS (period-pooled quintile RPS vs climatology),global land (land frac >= 0.5),3,days 19-25,-0.474,leaderboard,"AIWQ official leaderboard response.json, period-aggregated, final week",https://aiweatherquest.ecmwf.int/leaderboards ; https://aiweatherquest.ecmwf.int/wp-content/themes/picostrap5-child-base/js/results_page/response.json
DJF 2025,DJF,NSFNCAR,subCESMulator,,tas,RPSS (period-pooled quintile RPS vs climatology),global land (land frac >= 0.5),4,days 26-32,-0.523,leaderboard,"AIWQ official leaderboard response.json, period-aggregated, final week",https://aiweatherquest.ecmwf.int/leaderboards ; https://aiweatherquest.ecmwf.int/wp-content/themes/picostrap5-child-base/js/results_page/response.json
DJF 2025,DJF,TAICHI,TAICHIAI,,tas,RPSS (period-pooled quintile RPS vs climatology),global land (land frac >= 0.5),3,days 19-25,-0.772,leaderboard,"AIWQ official leaderboard response.json, period-aggregated, final week",https://aiweatherquest.ecmwf.int/leaderboards ; https://aiweatherquest.ecmwf.int/wp-content/themes/picostrap5-child-base/js/results_page/response.json
DJF 2025,DJF,TAICHI,TAICHIAI,,tas,RPSS (period-pooled quintile RPS vs climatology),global land (land frac >= 0.5),4,days 26-32,-0.791,leaderboard,"AIWQ official leaderboard response.json, period-aggregated, final week",https://aiweatherquest.ecmwf.int/leaderboards ; https://aiweatherquest.ecmwf.int/wp-content/themes/picostrap5-child-base/js/results_page/response.json
DJF 2025,DJF,XindaL,ISOX,,tas,RPSS (period-pooled quintile RPS vs climatology),global land (land frac >= 0.5),3,days 19-25,-0.922,leaderboard,"AIWQ official leaderboard response.json, period-aggregated, final week",https://aiweatherquest.ecmwf.int/leaderboards ; https://aiweatherquest.ecmwf.int/wp-content/themes/picostrap5-child-base/js/results_page/response.json
DJF 2025,DJF,XindaL,ISOX,,tas,RPSS (period-pooled quintile RPS vs climatology),global land (land frac >= 0.5),4,days 26-32,-0.886,leaderboard,"AIWQ official leaderboard response.json, period-aggregated, final week",https://aiweatherquest.ecmwf.int/leaderboards ; https://aiweatherquest.ecmwf.int/wp-content/themes/picostrap5-child-base/js/results_page/response.json
DJF 2025,DJF,FengWuW2S,FengWu3,,tas,RPSS (period-pooled quintile RPS vs climatology),global land (land frac >= 0.5),3,days 19-25,,leaderboard,"AIWQ official leaderboard response.json, period-aggregated, final week",https://aiweatherquest.ecmwf.int/leaderboards ; https://aiweatherquest.ecmwf.int/wp-content/themes/picostrap5-child-base/js/results_page/response.json
DJF 2025,DJF,FengWuW2S,FengWu3,,tas,RPSS (period-pooled quintile RPS vs climatology),global land (land frac >= 0.5),4,days 26-32,-0.038,leaderboard,"AIWQ official leaderboard response.json, period-aggregated, final week",https://aiweatherquest.ecmwf.int/leaderboards ; https://aiweatherquest.ecmwf.int/wp-content/themes/picostrap5-child-base/js/results_page/response.json
MAM 2026,MAM,LP,LPM,,tas,RPSS (period-pooled quintile RPS vs climatology),global land (land frac >= 0.5),3,days 19-25,0.062,leaderboard,"AIWQ official leaderboard response.json, period-aggregated, final week",https://aiweatherquest.ecmwf.int/leaderboards ; https://aiweatherquest.ecmwf.int/wp-content/themes/picostrap5-child-base/js/results_page/response.json
MAM 2026,MAM,LP,LPM,,tas,RPSS (period-pooled quintile RPS vs climatology),global land (land frac >= 0.5),4,days 26-32,0.022,leaderboard,"AIWQ official leaderboard response.json, period-aggregated, final week",https://aiweatherquest.ecmwf.int/leaderboards ; https://aiweatherquest.ecmwf.int/wp-content/themes/picostrap5-child-base/js/results_page/response.json
MAM 2026,MAM,CMAandFDU,FengshunHybrid,,tas,RPSS (period-pooled quintile RPS vs climatology),global land (land frac >= 0.5),3,days 19-25,0.057,leaderboard,"AIWQ official leaderboard response.json, period-aggregated, final week",https://aiweatherquest.ecmwf.int/leaderboards ; https://aiweatherquest.ecmwf.int/wp-content/themes/picostrap5-child-base/js/results_page/response.json
MAM 2026,MAM,CMAandFDU,FengshunHybrid,,tas,RPSS (period-pooled quintile RPS vs climatology),global land (land frac >= 0.5),4,days 26-32,0.024,leaderboard,"AIWQ official leaderboard response.json, period-aggregated, final week",https://aiweatherquest.ecmwf.int/leaderboards ; https://aiweatherquest.ecmwf.int/wp-content/themes/picostrap5-child-base/js/results_page/response.json
MAM 2026,MAM,CMAandFDU,FengshunAdjust,,tas,RPSS (period-pooled quintile RPS vs climatology),global land (land frac >= 0.5),3,days 19-25,0.045,leaderboard,"AIWQ official leaderboard response.json, period-aggregated, final week",https://aiweatherquest.ecmwf.int/leaderboards ; https://aiweatherquest.ecmwf.int/wp-content/themes/picostrap5-child-base/js/results_page/response.json
MAM 2026,MAM,CMAandFDU,FengshunAdjust,,tas,RPSS (period-pooled quintile RPS vs climatology),global land (land frac >= 0.5),4,days 26-32,0.019,leaderboard,"AIWQ official leaderboard response.json, period-aggregated, final week",https://aiweatherquest.ecmwf.int/leaderboards ; https://aiweatherquest.ecmwf.int/wp-content/themes/picostrap5-child-base/js/results_page/response.json
MAM 2026,MAM,CMAandFDU,Fengshun,,tas,RPSS (period-pooled quintile RPS vs climatology),global land (land frac >= 0.5),3,days 19-25,-0.03,leaderboard,"AIWQ official leaderboard response.json, period-aggregated, final week",https://aiweatherquest.ecmwf.int/leaderboards ; https://aiweatherquest.ecmwf.int/wp-content/themes/picostrap5-child-base/js/results_page/response.json
MAM 2026,MAM,CMAandFDU,Fengshun,,tas,RPSS (period-pooled quintile RPS vs climatology),global land (land frac >= 0.5),4,days 26-32,-0.026,leaderboard,"AIWQ official leaderboard response.json, period-aggregated, final week",https://aiweatherquest.ecmwf.int/leaderboards ; https://aiweatherquest.ecmwf.int/wp-content/themes/picostrap5-child-base/js/results_page/response.json
MAM 2026,MAM,MicroEnsemble,MicroDuet,,tas,RPSS (period-pooled quintile RPS vs climatology),global land (land frac >= 0.5),3,days 19-25,0.052,leaderboard,"AIWQ official leaderboard response.json, period-aggregated, final week",https://aiweatherquest.ecmwf.int/leaderboards ; https://aiweatherquest.ecmwf.int/wp-content/themes/picostrap5-child-base/js/results_page/response.json
MAM 2026,MAM,MicroEnsemble,MicroDuet,,tas,RPSS (period-pooled quintile RPS vs climatology),global land (land frac >= 0.5),4,days 26-32,0.022,leaderboard,"AIWQ official leaderboard response.json, period-aggregated, final week",https://aiweatherquest.ecmwf.int/leaderboards ; https://aiweatherquest.ecmwf.int/wp-content/themes/picostrap5-child-base/js/results_page/response.json
MAM 2026,MAM,MicroEnsemble,Huracan,,tas,RPSS (period-pooled quintile RPS vs climatology),global land (land frac >= 0.5),3,days 19-25,0.04,leaderboard,"AIWQ official leaderboard response.json, period-aggregated, final week",https://aiweatherquest.ecmwf.int/leaderboards ; https://aiweatherquest.ecmwf.int/wp-content/themes/picostrap5-child-base/js/results_page/response.json
MAM 2026,MAM,MicroEnsemble,Huracan,,tas,RPSS (period-pooled quintile RPS vs climatology),global land (land frac >= 0.5),4,days 26-32,-0.002,leaderboard,"AIWQ official leaderboard response.json, period-aggregated, final week",https://aiweatherquest.ecmwf.int/leaderboards ; https://aiweatherquest.ecmwf.int/wp-content/themes/picostrap5-child-base/js/results_page/response.json
MAM 2026,MAM,MicroEnsemble,StillLearning,,tas,RPSS (period-pooled quintile RPS vs climatology),global land (land frac >= 0.5),3,days 19-25,0.04,leaderboard,"AIWQ official leaderboard response.json, period-aggregated, final week",https://aiweatherquest.ecmwf.int/leaderboards ; https://aiweatherquest.ecmwf.int/wp-content/themes/picostrap5-child-base/js/results_page/response.json
MAM 2026,MAM,MicroEnsemble,StillLearning,,tas,RPSS (period-pooled quintile RPS vs climatology),global land (land frac >= 0.5),4,days 26-32,0.013,leaderboard,"AIWQ official leaderboard response.json, period-aggregated, final week",https://aiweatherquest.ecmwf.int/leaderboards ; https://aiweatherquest.ecmwf.int/wp-content/themes/picostrap5-child-base/js/results_page/response.json
MAM 2026,MAM,CLINT,CLINTMF,,tas,RPSS (period-pooled quintile RPS vs climatology),global land (land frac >= 0.5),3,days 19-25,0.045,leaderboard,"AIWQ official leaderboard response.json, period-aggregated, final week",https://aiweatherquest.ecmwf.int/leaderboards ; https://aiweatherquest.ecmwf.int/wp-content/themes/picostrap5-child-base/js/results_page/response.json
MAM 2026,MAM,CLINT,CLINTMF,,tas,RPSS (period-pooled quintile RPS vs climatology),global land (land frac >= 0.5),4,days 26-32,0.011,leaderboard,"AIWQ official leaderboard response.json, period-aggregated, final week",https://aiweatherquest.ecmwf.int/leaderboards ; https://aiweatherquest.ecmwf.int/wp-content/themes/picostrap5-child-base/js/results_page/response.json
MAM 2026,MAM,CLINT,CLINTDD,,tas,RPSS (period-pooled quintile RPS vs climatology),global land (land frac >= 0.5),3,days 19-25,0.044,leaderboard,"AIWQ official leaderboard response.json, period-aggregated, final week",https://aiweatherquest.ecmwf.int/leaderboards ; https://aiweatherquest.ecmwf.int/wp-content/themes/picostrap5-child-base/js/results_page/response.json
MAM 2026,MAM,CLINT,CLINTDD,,tas,RPSS (period-pooled quintile RPS vs climatology),global land (land frac >= 0.5),4,days 26-32,0.01,leaderboard,"AIWQ official leaderboard response.json, period-aggregated, final week",https://aiweatherquest.ecmwf.int/leaderboards ; https://aiweatherquest.ecmwf.int/wp-content/themes/picostrap5-child-base/js/results_page/response.json
MAM 2026,MAM,CLINT,CLINTSE,,tas,RPSS (period-pooled quintile RPS vs climatology),global land (land frac >= 0.5),3,days 19-25,0.02,leaderboard,"AIWQ official leaderboard response.json, period-aggregated, final week",https://aiweatherquest.ecmwf.int/leaderboards ; https://aiweatherquest.ecmwf.int/wp-content/themes/picostrap5-child-base/js/results_page/response.json
MAM 2026,MAM,CLINT,CLINTSE,,tas,RPSS (period-pooled quintile RPS vs climatology),global land (land frac >= 0.5),4,days 26-32,-0.016,leaderboard,"AIWQ official leaderboard response.json, period-aggregated, final week",https://aiweatherquest.ecmwf.int/leaderboards ; https://aiweatherquest.ecmwf.int/wp-content/themes/picostrap5-child-base/js/results_page/response.json
MAM 2026,MAM,AIFS,AIFShera,,tas,RPSS (period-pooled quintile RPS vs climatology),global land (land frac >= 0.5),3,days 19-25,0.041,leaderboard,"AIWQ official leaderboard response.json, period-aggregated, final week",https://aiweatherquest.ecmwf.int/leaderboards ; https://aiweatherquest.ecmwf.int/wp-content/themes/picostrap5-child-base/js/results_page/response.json
MAM 2026,MAM,AIFS,AIFShera,,tas,RPSS (period-pooled quintile RPS vs climatology),global land (land frac >= 0.5),4,days 26-32,0.014,leaderboard,"AIWQ official leaderboard response.json, period-aggregated, final week",https://aiweatherquest.ecmwf.int/leaderboards ; https://aiweatherquest.ecmwf.int/wp-content/themes/picostrap5-child-base/js/results_page/response.json
MAM 2026,MAM,AIFS,AIFSthalassa,,tas,RPSS (period-pooled quintile RPS vs climatology),global land (land frac >= 0.5),3,days 19-25,0.022,leaderboard,"AIWQ official leaderboard response.json, period-aggregated, final week",https://aiweatherquest.ecmwf.int/leaderboards ; https://aiweatherquest.ecmwf.int/wp-content/themes/picostrap5-child-base/js/results_page/response.json
MAM 2026,MAM,AIFS,AIFSthalassa,,tas,RPSS (period-pooled quintile RPS vs climatology),global land (land frac >= 0.5),4,days 26-32,-0.037,leaderboard,"AIWQ official leaderboard response.json, period-aggregated, final week",https://aiweatherquest.ecmwf.int/leaderboards ; https://aiweatherquest.ecmwf.int/wp-content/themes/picostrap5-child-base/js/results_page/response.json
MAM 2026,MAM,AIFS,AIFSgaia,,tas,RPSS (period-pooled quintile RPS vs climatology),global land (land frac >= 0.5),3,days 19-25,0.006,leaderboard,"AIWQ official leaderboard response.json, period-aggregated, final week",https://aiweatherquest.ecmwf.int/leaderboards ; https://aiweatherquest.ecmwf.int/wp-content/themes/picostrap5-child-base/js/results_page/response.json
MAM 2026,MAM,AIFS,AIFSgaia,,tas,RPSS (period-pooled quintile RPS vs climatology),global land (land frac >= 0.5),4,days 26-32,-0.009,leaderboard,"AIWQ official leaderboard response.json, period-aggregated, final week",https://aiweatherquest.ecmwf.int/leaderboards ; https://aiweatherquest.ecmwf.int/wp-content/themes/picostrap5-child-base/js/results_page/response.json
MAM 2026,MAM,Dynamical_S2SDatabase,ECMWF,ec46,tas,RPSS (period-pooled quintile RPS vs climatology),global land (land frac >= 0.5),3,days 19-25,0.039,leaderboard,"AIWQ official leaderboard response.json, period-aggregated, final week",https://aiweatherquest.ecmwf.int/leaderboards ; https://aiweatherquest.ecmwf.int/wp-content/themes/picostrap5-child-base/js/results_page/response.json
MAM 2026,MAM,Dynamical_S2SDatabase,ECMWF,ec46,tas,RPSS (period-pooled quintile RPS vs climatology),global land (land frac >= 0.5),4,days 26-32,0.007,leaderboard,"AIWQ official leaderboard response.json, period-aggregated, final week",https://aiweatherquest.ecmwf.int/leaderboards ; https://aiweatherquest.ecmwf.int/wp-content/themes/picostrap5-child-base/js/results_page/response.json
MAM 2026,MAM,Dynamical_S2SDatabase,multimodel_mean,,tas,RPSS (period-pooled quintile RPS vs climatology),global land (land frac >= 0.5),3,days 19-25,0.03,leaderboard,"AIWQ official leaderboard response.json, period-aggregated, final week",https://aiweatherquest.ecmwf.int/leaderboards ; https://aiweatherquest.ecmwf.int/wp-content/themes/picostrap5-child-base/js/results_page/response.json
MAM 2026,MAM,Dynamical_S2SDatabase,multimodel_mean,,tas,RPSS (period-pooled quintile RPS vs climatology),global land (land frac >= 0.5),4,days 26-32,-0.005,leaderboard,"AIWQ official leaderboard response.json, period-aggregated, final week",https://aiweatherquest.ecmwf.int/leaderboards ; https://aiweatherquest.ecmwf.int/wp-content/themes/picostrap5-child-base/js/results_page/response.json
MAM 2026,MAM,SBUHybrid,HybridPPx,,tas,RPSS (period-pooled quintile RPS vs climatology),global land (land frac >= 0.5),3,days 19-25,0.016,leaderboard,"AIWQ official leaderboard response.json, period-aggregated, final week",https://aiweatherquest.ecmwf.int/leaderboards ; https://aiweatherquest.ecmwf.int/wp-content/themes/picostrap5-child-base/js/results_page/response.json
MAM 2026,MAM,SBUHybrid,HybridPPx,,tas,RPSS (period-pooled quintile RPS vs climatology),global land (land frac >= 0.5),4,days 26-32,0.012,leaderboard,"AIWQ official leaderboard response.json, period-aggregated, final week",https://aiweatherquest.ecmwf.int/leaderboards ; https://aiweatherquest.ecmwf.int/wp-content/themes/picostrap5-child-base/js/results_page/response.json
MAM 2026,MAM,SBUHybrid,HybridAC,,tas,RPSS (period-pooled quintile RPS vs climatology),global land (land frac >= 0.5),3,days 19-25,0.011,leaderboard,"AIWQ official leaderboard response.json, period-aggregated, final week",https://aiweatherquest.ecmwf.int/leaderboards ; https://aiweatherquest.ecmwf.int/wp-content/themes/picostrap5-child-base/js/results_page/response.json
MAM 2026,MAM,SBUHybrid,HybridAC,,tas,RPSS (period-pooled quintile RPS vs climatology),global land (land frac >= 0.5),4,days 26-32,0.001,leaderboard,"AIWQ official leaderboard response.json, period-aggregated, final week",https://aiweatherquest.ecmwf.int/leaderboards ; https://aiweatherquest.ecmwf.int/wp-content/themes/picostrap5-child-base/js/results_page/response.json
MAM 2026,MAM,UWAtmosNVIDIA,DLESyMS2Sv1,,tas,RPSS (period-pooled quintile RPS vs climatology),global land (land frac >= 0.5),3,days 19-25,0.013,leaderboard,"AIWQ official leaderboard response.json, period-aggregated, final week",https://aiweatherquest.ecmwf.int/leaderboards ; https://aiweatherquest.ecmwf.int/wp-content/themes/picostrap5-child-base/js/results_page/response.json
MAM 2026,MAM,UWAtmosNVIDIA,DLESyMS2Sv1,,tas,RPSS (period-pooled quintile RPS vs climatology),global land (land frac >= 0.5),4,days 26-32,-0.006,leaderboard,"AIWQ official leaderboard response.json, period-aggregated, final week",https://aiweatherquest.ecmwf.int/leaderboards ; https://aiweatherquest.ecmwf.int/wp-content/themes/picostrap5-child-base/js/results_page/response.json
MAM 2026,MAM,CliMA,CliMAWeather,,tas,RPSS (period-pooled quintile RPS vs climatology),global land (land frac >= 0.5),3,days 19-25,0.001,leaderboard,"AIWQ official leaderboard response.json, period-aggregated, final week",https://aiweatherquest.ecmwf.int/leaderboards ; https://aiweatherquest.ecmwf.int/wp-content/themes/picostrap5-child-base/js/results_page/response.json
MAM 2026,MAM,CliMA,CliMAWeather,,tas,RPSS (period-pooled quintile RPS vs climatology),global land (land frac >= 0.5),4,days 26-32,0.004,leaderboard,"AIWQ official leaderboard response.json, period-aggregated, final week",https://aiweatherquest.ecmwf.int/leaderboards ; https://aiweatherquest.ecmwf.int/wp-content/themes/picostrap5-child-base/js/results_page/response.json
MAM 2026,MAM,CliMA,CliMAWeather2,,tas,RPSS (period-pooled quintile RPS vs climatology),global land (land frac >= 0.5),3,days 19-25,-0.033,leaderboard,"AIWQ official leaderboard response.json, period-aggregated, final week",https://aiweatherquest.ecmwf.int/leaderboards ; https://aiweatherquest.ecmwf.int/wp-content/themes/picostrap5-child-base/js/results_page/response.json
MAM 2026,MAM,CliMA,CliMAWeather2,,tas,RPSS (period-pooled quintile RPS vs climatology),global land (land frac >= 0.5),4,days 26-32,-0.022,leaderboard,"AIWQ official leaderboard response.json, period-aggregated, final week",https://aiweatherquest.ecmwf.int/leaderboards ; https://aiweatherquest.ecmwf.int/wp-content/themes/picostrap5-child-base/js/results_page/response.json
MAM 2026,MAM,scienceAI,ngcm,,tas,RPSS (period-pooled quintile RPS vs climatology),global land (land frac >= 0.5),3,days 19-25,-0.001,leaderboard,"AIWQ official leaderboard response.json, period-aggregated, final week",https://aiweatherquest.ecmwf.int/leaderboards ; https://aiweatherquest.ecmwf.int/wp-content/themes/picostrap5-child-base/js/results_page/response.json
MAM 2026,MAM,scienceAI,ngcm,,tas,RPSS (period-pooled quintile RPS vs climatology),global land (land frac >= 0.5),4,days 26-32,-0.004,leaderboard,"AIWQ official leaderboard response.json, period-aggregated, final week",https://aiweatherquest.ecmwf.int/leaderboards ; https://aiweatherquest.ecmwf.int/wp-content/themes/picostrap5-child-base/js/results_page/response.json
MAM 2026,MAM,scienceAI,zephyr,,tas,RPSS (period-pooled quintile RPS vs climatology),global land (land frac >= 0.5),3,days 19-25,-0.004,leaderboard,"AIWQ official leaderboard response.json, period-aggregated, final week",https://aiweatherquest.ecmwf.int/leaderboards ; https://aiweatherquest.ecmwf.int/wp-content/themes/picostrap5-child-base/js/results_page/response.json
MAM 2026,MAM,scienceAI,zephyr,,tas,RPSS (period-pooled quintile RPS vs climatology),global land (land frac >= 0.5),4,days 26-32,-0.0,leaderboard,"AIWQ official leaderboard response.json, period-aggregated, final week",https://aiweatherquest.ecmwf.int/leaderboards ; https://aiweatherquest.ecmwf.int/wp-content/themes/picostrap5-child-base/js/results_page/response.json
MAM 2026,MAM,scienceAI,findforecast,,tas,RPSS (period-pooled quintile RPS vs climatology),global land (land frac >= 0.5),3,days 19-25,-0.021,leaderboard,"AIWQ official leaderboard response.json, period-aggregated, final week",https://aiweatherquest.ecmwf.int/leaderboards ; https://aiweatherquest.ecmwf.int/wp-content/themes/picostrap5-child-base/js/results_page/response.json
MAM 2026,MAM,scienceAI,findforecast,,tas,RPSS (period-pooled quintile RPS vs climatology),global land (land frac >= 0.5),4,days 26-32,-0.018,leaderboard,"AIWQ official leaderboard response.json, period-aggregated, final week",https://aiweatherquest.ecmwf.int/leaderboards ; https://aiweatherquest.ecmwf.int/wp-content/themes/picostrap5-child-base/js/results_page/response.json
MAM 2026,MAM,IgnisNeuralis42,GCast42,,tas,RPSS (period-pooled quintile RPS vs climatology),global land (land frac >= 0.5),3,days 19-25,-0.008,leaderboard,"AIWQ official leaderboard response.json, period-aggregated, final week",https://aiweatherquest.ecmwf.int/leaderboards ; https://aiweatherquest.ecmwf.int/wp-content/themes/picostrap5-child-base/js/results_page/response.json
MAM 2026,MAM,IgnisNeuralis42,GCast42,,tas,RPSS (period-pooled quintile RPS vs climatology),global land (land frac >= 0.5),4,days 26-32,-0.003,leaderboard,"AIWQ official leaderboard response.json, period-aggregated, final week",https://aiweatherquest.ecmwf.int/leaderboards ; https://aiweatherquest.ecmwf.int/wp-content/themes/picostrap5-child-base/js/results_page/response.json
MAM 2026,MAM,Dynamical_S2SDatabase,HMCR,,tas,RPSS (period-pooled quintile RPS vs climatology),global land (land frac >= 0.5),3,days 19-25,-0.059,leaderboard,"AIWQ official leaderboard response.json, period-aggregated, final week",https://aiweatherquest.ecmwf.int/leaderboards ; https://aiweatherquest.ecmwf.int/wp-content/themes/picostrap5-child-base/js/results_page/response.json
MAM 2026,MAM,Dynamical_S2SDatabase,HMCR,,tas,RPSS (period-pooled quintile RPS vs climatology),global land (land frac >= 0.5),4,days 26-32,-0.061,leaderboard,"AIWQ official leaderboard response.json, period-aggregated, final week",https://aiweatherquest.ecmwf.int/leaderboards ; https://aiweatherquest.ecmwf.int/wp-content/themes/picostrap5-child-base/js/results_page/response.json
MAM 2026,MAM,JR,slowMamba,,tas,RPSS (period-pooled quintile RPS vs climatology),global land (land frac >= 0.5),3,days 19-25,-0.071,leaderboard,"AIWQ official leaderboard response.json, period-aggregated, final week",https://aiweatherquest.ecmwf.int/leaderboards ; https://aiweatherquest.ecmwf.int/wp-content/themes/picostrap5-child-base/js/results_page/response.json
MAM 2026,MAM,JR,slowMamba,,tas,RPSS (period-pooled quintile RPS vs climatology),global land (land frac >= 0.5),4,days 26-32,-0.089,leaderboard,"AIWQ official leaderboard response.json, period-aggregated, final week",https://aiweatherquest.ecmwf.int/leaderboards ; https://aiweatherquest.ecmwf.int/wp-content/themes/picostrap5-child-base/js/results_page/response.json
MAM 2026,MAM,CelestScience,Tellus,,tas,RPSS (period-pooled quintile RPS vs climatology),global land (land frac >= 0.5),3,days 19-25,-0.083,leaderboard,"AIWQ official leaderboard response.json, period-aggregated, final week",https://aiweatherquest.ecmwf.int/leaderboards ; https://aiweatherquest.ecmwf.int/wp-content/themes/picostrap5-child-base/js/results_page/response.json
MAM 2026,MAM,CelestScience,Tellus,,tas,RPSS (period-pooled quintile RPS vs climatology),global land (land frac >= 0.5),4,days 26-32,-0.123,leaderboard,"AIWQ official leaderboard response.json, period-aggregated, final week",https://aiweatherquest.ecmwf.int/leaderboards ; https://aiweatherquest.ecmwf.int/wp-content/themes/picostrap5-child-base/js/results_page/response.json
MAM 2026,MAM,Dynamical_S2SDatabase,KMA,,tas,RPSS (period-pooled quintile RPS vs climatology),global land (land frac >= 0.5),3,days 19-25,-0.085,leaderboard,"AIWQ official leaderboard response.json, period-aggregated, final week",https://aiweatherquest.ecmwf.int/leaderboards ; https://aiweatherquest.ecmwf.int/wp-content/themes/picostrap5-child-base/js/results_page/response.json
MAM 2026,MAM,Dynamical_S2SDatabase,KMA,,tas,RPSS (period-pooled quintile RPS vs climatology),global land (land frac >= 0.5),4,days 26-32,-0.109,leaderboard,"AIWQ official leaderboard response.json, period-aggregated, final week",https://aiweatherquest.ecmwf.int/leaderboards ; https://aiweatherquest.ecmwf.int/wp-content/themes/picostrap5-child-base/js/results_page/response.json
MAM 2026,MAM,Dynamical_S2SDatabase,JMA,,tas,RPSS (period-pooled quintile RPS vs climatology),global land (land frac >= 0.5),3,days 19-25,-0.145,leaderboard,"AIWQ official leaderboard response.json, period-aggregated, final week",https://aiweatherquest.ecmwf.int/leaderboards ; https://aiweatherquest.ecmwf.int/wp-content/themes/picostrap5-child-base/js/results_page/response.json
MAM 2026,MAM,Dynamical_S2SDatabase,JMA,,tas,RPSS (period-pooled quintile RPS vs climatology),global land (land frac >= 0.5),4,days 26-32,-0.196,leaderboard,"AIWQ official leaderboard response.json, period-aggregated, final week",https://aiweatherquest.ecmwf.int/leaderboards ; https://aiweatherquest.ecmwf.int/wp-content/themes/picostrap5-child-base/js/results_page/response.json
MAM 2026,MAM,SwissAIClimate,ESFM,,tas,RPSS (period-pooled quintile RPS vs climatology),global land (land frac >= 0.5),3,days 19-25,-0.186,leaderboard,"AIWQ official leaderboard response.json, period-aggregated, final week",https://aiweatherquest.ecmwf.int/leaderboards ; https://aiweatherquest.ecmwf.int/wp-content/themes/picostrap5-child-base/js/results_page/response.json
MAM 2026,MAM,SwissAIClimate,ESFM,,tas,RPSS (period-pooled quintile RPS vs climatology),global land (land frac >= 0.5),4,days 26-32,-0.268,leaderboard,"AIWQ official leaderboard response.json, period-aggregated, final week",https://aiweatherquest.ecmwf.int/leaderboards ; https://aiweatherquest.ecmwf.int/wp-content/themes/picostrap5-child-base/js/results_page/response.json
MAM 2026,MAM,Dynamical_S2SDatabase,NOAA,cfs,tas,RPSS (period-pooled quintile RPS vs climatology),global land (land frac >= 0.5),3,days 19-25,-0.194,leaderboard,"AIWQ official leaderboard response.json, period-aggregated, final week",https://aiweatherquest.ecmwf.int/leaderboards ; https://aiweatherquest.ecmwf.int/wp-content/themes/picostrap5-child-base/js/results_page/response.json
MAM 2026,MAM,Dynamical_S2SDatabase,NOAA,cfs,tas,RPSS (period-pooled quintile RPS vs climatology),global land (land frac >= 0.5),4,days 26-32,-0.203,leaderboard,"AIWQ official leaderboard response.json, period-aggregated, final week",https://aiweatherquest.ecmwf.int/leaderboards ; https://aiweatherquest.ecmwf.int/wp-content/themes/picostrap5-child-base/js/results_page/response.json
MAM 2026,MAM,Amberland,Amber2,,tas,RPSS (period-pooled quintile RPS vs climatology),global land (land frac >= 0.5),3,days 19-25,-0.22,leaderboard,"AIWQ official leaderboard response.json, period-aggregated, final week",https://aiweatherquest.ecmwf.int/leaderboards ; https://aiweatherquest.ecmwf.int/wp-content/themes/picostrap5-child-base/js/results_page/response.json
MAM 2026,MAM,Amberland,Amber2,,tas,RPSS (period-pooled quintile RPS vs climatology),global land (land frac >= 0.5),4,days 26-32,-0.243,leaderboard,"AIWQ official leaderboard response.json, period-aggregated, final week",https://aiweatherquest.ecmwf.int/leaderboards ; https://aiweatherquest.ecmwf.int/wp-content/themes/picostrap5-child-base/js/results_page/response.json
MAM 2026,MAM,Amberland,Amber3,,tas,RPSS (period-pooled quintile RPS vs climatology),global land (land frac >= 0.5),3,days 19-25,-0.288,leaderboard,"AIWQ official leaderboard response.json, period-aggregated, final week",https://aiweatherquest.ecmwf.int/leaderboards ; https://aiweatherquest.ecmwf.int/wp-content/themes/picostrap5-child-base/js/results_page/response.json
MAM 2026,MAM,Amberland,Amber3,,tas,RPSS (period-pooled quintile RPS vs climatology),global land (land frac >= 0.5),4,days 26-32,,leaderboard,"AIWQ official leaderboard response.json, period-aggregated, final week",https://aiweatherquest.ecmwf.int/leaderboards ; https://aiweatherquest.ecmwf.int/wp-content/themes/picostrap5-child-base/js/results_page/response.json
MAM 2026,MAM,Amberland,Amber1,,tas,RPSS (period-pooled quintile RPS vs climatology),global land (land frac >= 0.5),3,days 19-25,-0.337,leaderboard,"AIWQ official leaderboard response.json, period-aggregated, final week",https://aiweatherquest.ecmwf.int/leaderboards ; https://aiweatherquest.ecmwf.int/wp-content/themes/picostrap5-child-base/js/results_page/response.json
MAM 2026,MAM,Amberland,Amber1,,tas,RPSS (period-pooled quintile RPS vs climatology),global land (land frac >= 0.5),4,days 26-32,-0.419,leaderboard,"AIWQ official leaderboard response.json, period-aggregated, final week",https://aiweatherquest.ecmwf.int/leaderboards ; https://aiweatherquest.ecmwf.int/wp-content/themes/picostrap5-child-base/js/results_page/response.json
MAM 2026,MAM,HAPPY,AZN,,tas,RPSS (period-pooled quintile RPS vs climatology),global land (land frac >= 0.5),3,days 19-25,-0.257,leaderboard,"AIWQ official leaderboard response.json, period-aggregated, final week",https://aiweatherquest.ecmwf.int/leaderboards ; https://aiweatherquest.ecmwf.int/wp-content/themes/picostrap5-child-base/js/results_page/response.json
MAM 2026,MAM,HAPPY,AZN,,tas,RPSS (period-pooled quintile RPS vs climatology),global land (land frac >= 0.5),4,days 26-32,-0.277,leaderboard,"AIWQ official leaderboard response.json, period-aggregated, final week",https://aiweatherquest.ecmwf.int/leaderboards ; https://aiweatherquest.ecmwf.int/wp-content/themes/picostrap5-child-base/js/results_page/response.json
MAM 2026,MAM,HAPPY,BZN,,tas,RPSS (period-pooled quintile RPS vs climatology),global land (land frac >= 0.5),3,days 19-25,-1.068,leaderboard,"AIWQ official leaderboard response.json, period-aggregated, final week",https://aiweatherquest.ecmwf.int/leaderboards ; https://aiweatherquest.ecmwf.int/wp-content/themes/picostrap5-child-base/js/results_page/response.json
MAM 2026,MAM,HAPPY,BZN,,tas,RPSS (period-pooled quintile RPS vs climatology),global land (land frac >= 0.5),4,days 26-32,-1.091,leaderboard,"AIWQ official leaderboard response.json, period-aggregated, final week",https://aiweatherquest.ecmwf.int/leaderboards ; https://aiweatherquest.ecmwf.int/wp-content/themes/picostrap5-child-base/js/results_page/response.json
MAM 2026,MAM,Fahamu,fp16FahamuAIFSv1,,tas,RPSS (period-pooled quintile RPS vs climatology),global land (land frac >= 0.5),3,days 19-25,-0.261,leaderboard,"AIWQ official leaderboard response.json, period-aggregated, final week",https://aiweatherquest.ecmwf.int/leaderboards ; https://aiweatherquest.ecmwf.int/wp-content/themes/picostrap5-child-base/js/results_page/response.json
MAM 2026,MAM,Fahamu,fp16FahamuAIFSv1,,tas,RPSS (period-pooled quintile RPS vs climatology),global land (land frac >= 0.5),4,days 26-32,-0.482,leaderboard,"AIWQ official leaderboard response.json, period-aggregated, final week",https://aiweatherquest.ecmwf.int/leaderboards ; https://aiweatherquest.ecmwf.int/wp-content/themes/picostrap5-child-base/js/results_page/response.json
MAM 2026,MAM,CAMExpedition,SBCDiff,,tas,RPSS (period-pooled quintile RPS vs climatology),global land (land frac >= 0.5),3,days 19-25,-0.349,leaderboard,"AIWQ official leaderboard response.json, period-aggregated, final week",https://aiweatherquest.ecmwf.int/leaderboards ; https://aiweatherquest.ecmwf.int/wp-content/themes/picostrap5-child-base/js/results_page/response.json
MAM 2026,MAM,CAMExpedition,SBCDiff,,tas,RPSS (period-pooled quintile RPS vs climatology),global land (land frac >= 0.5),4,days 26-32,-0.353,leaderboard,"AIWQ official leaderboard response.json, period-aggregated, final week",https://aiweatherquest.ecmwf.int/leaderboards ; https://aiweatherquest.ecmwf.int/wp-content/themes/picostrap5-child-base/js/results_page/response.json
MAM 2026,MAM,NSFNCAR,subCESMulator,,tas,RPSS (period-pooled quintile RPS vs climatology),global land (land frac >= 0.5),3,days 19-25,-0.425,leaderboard,"AIWQ official leaderboard response.json, period-aggregated, final week",https://aiweatherquest.ecmwf.int/leaderboards ; https://aiweatherquest.ecmwf.int/wp-content/themes/picostrap5-child-base/js/results_page/response.json
MAM 2026,MAM,NSFNCAR,subCESMulator,,tas,RPSS (period-pooled quintile RPS vs climatology),global land (land frac >= 0.5),4,days 26-32,-0.488,leaderboard,"AIWQ official leaderboard response.json, period-aggregated, final week",https://aiweatherquest.ecmwf.int/leaderboards ; https://aiweatherquest.ecmwf.int/wp-content/themes/picostrap5-child-base/js/results_page/response.json
MAM 2026,MAM,Neuralio,NeuWeather,,tas,RPSS (period-pooled quintile RPS vs climatology),global land (land frac >= 0.5),3,days 19-25,-0.707,leaderboard,"AIWQ official leaderboard response.json, period-aggregated, final week",https://aiweatherquest.ecmwf.int/leaderboards ; https://aiweatherquest.ecmwf.int/wp-content/themes/picostrap5-child-base/js/results_page/response.json
MAM 2026,MAM,Neuralio,NeuWeather,,tas,RPSS (period-pooled quintile RPS vs climatology),global land (land frac >= 0.5),4,days 26-32,-0.884,leaderboard,"AIWQ official leaderboard response.json, period-aggregated, final week",https://aiweatherquest.ecmwf.int/leaderboards ; https://aiweatherquest.ecmwf.int/wp-content/themes/picostrap5-child-base/js/results_page/response.json
JJA 2026,JJA,CMAandFDU,FengshunAdjust,,tas,RPSS (period-pooled quintile RPS vs climatology),global land (land frac >= 0.5),3,days 19-25,0.168,leaderboard,"AIWQ official leaderboard response.json, period-aggregated, final week",https://aiweatherquest.ecmwf.int/leaderboards ; https://aiweatherquest.ecmwf.int/wp-content/themes/picostrap5-child-base/js/results_page/response.json
JJA 2026,JJA,CMAandFDU,FengshunAdjust,,tas,RPSS (period-pooled quintile RPS vs climatology),global land (land frac >= 0.5),4,days 26-32,0.168,leaderboard,"AIWQ official leaderboard response.json, period-aggregated, final week",https://aiweatherquest.ecmwf.int/leaderboards ; https://aiweatherquest.ecmwf.int/wp-content/themes/picostrap5-child-base/js/results_page/response.json
JJA 2026,JJA,CMAandFDU,Fengshun,,tas,RPSS (period-pooled quintile RPS vs climatology),global land (land frac >= 0.5),3,days 19-25,0.149,leaderboard,"AIWQ official leaderboard response.json, period-aggregated, final week",https://aiweatherquest.ecmwf.int/leaderboards ; https://aiweatherquest.ecmwf.int/wp-content/themes/picostrap5-child-base/js/results_page/response.json
JJA 2026,JJA,CMAandFDU,Fengshun,,tas,RPSS (period-pooled quintile RPS vs climatology),global land (land frac >= 0.5),4,days 26-32,0.143,leaderboard,"AIWQ official leaderboard response.json, period-aggregated, final week",https://aiweatherquest.ecmwf.int/leaderboards ; https://aiweatherquest.ecmwf.int/wp-content/themes/picostrap5-child-base/js/results_page/response.json
JJA 2026,JJA,CMAandFDU,FengshunHybrid,,tas,RPSS (period-pooled quintile RPS vs climatology),global land (land frac >= 0.5),3,days 19-25,0.148,leaderboard,"AIWQ official leaderboard response.json, period-aggregated, final week",https://aiweatherquest.ecmwf.int/leaderboards ; https://aiweatherquest.ecmwf.int/wp-content/themes/picostrap5-child-base/js/results_page/response.json
JJA 2026,JJA,CMAandFDU,FengshunHybrid,,tas,RPSS (period-pooled quintile RPS vs climatology),global land (land frac >= 0.5),4,days 26-32,0.151,leaderboard,"AIWQ official leaderboard response.json, period-aggregated, final week",https://aiweatherquest.ecmwf.int/leaderboards ; https://aiweatherquest.ecmwf.int/wp-content/themes/picostrap5-child-base/js/results_page/response.json
JJA 2026,JJA,MicroEnsemble,MicroDuet,,tas,RPSS (period-pooled quintile RPS vs climatology),global land (land frac >= 0.5),3,days 19-25,0.16,leaderboard,"AIWQ official leaderboard response.json, period-aggregated, final week",https://aiweatherquest.ecmwf.int/leaderboards ; https://aiweatherquest.ecmwf.int/wp-content/themes/picostrap5-child-base/js/results_page/response.json
JJA 2026,JJA,MicroEnsemble,MicroDuet,,tas,RPSS (period-pooled quintile RPS vs climatology),global land (land frac >= 0.5),4,days 26-32,0.16,leaderboard,"AIWQ official leaderboard response.json, period-aggregated, final week",https://aiweatherquest.ecmwf.int/leaderboards ; https://aiweatherquest.ecmwf.int/wp-content/themes/picostrap5-child-base/js/results_page/response.json
JJA 2026,JJA,MicroEnsemble,StillLearning,,tas,RPSS (period-pooled quintile RPS vs climatology),global land (land frac >= 0.5),3,days 19-25,0.158,leaderboard,"AIWQ official leaderboard response.json, period-aggregated, final week",https://aiweatherquest.ecmwf.int/leaderboards ; https://aiweatherquest.ecmwf.int/wp-content/themes/picostrap5-child-base/js/results_page/response.json
JJA 2026,JJA,MicroEnsemble,StillLearning,,tas,RPSS (period-pooled quintile RPS vs climatology),global land (land frac >= 0.5),4,days 26-32,0.159,leaderboard,"AIWQ official leaderboard response.json, period-aggregated, final week",https://aiweatherquest.ecmwf.int/leaderboards ; https://aiweatherquest.ecmwf.int/wp-content/themes/picostrap5-child-base/js/results_page/response.json
JJA 2026,JJA,MicroEnsemble,Huracan,,tas,RPSS (period-pooled quintile RPS vs climatology),global land (land frac >= 0.5),3,days 19-25,0.12,leaderboard,"AIWQ official leaderboard response.json, period-aggregated, final week",https://aiweatherquest.ecmwf.int/leaderboards ; https://aiweatherquest.ecmwf.int/wp-content/themes/picostrap5-child-base/js/results_page/response.json
JJA 2026,JJA,MicroEnsemble,Huracan,,tas,RPSS (period-pooled quintile RPS vs climatology),global land (land frac >= 0.5),4,days 26-32,0.12,leaderboard,"AIWQ official leaderboard response.json, period-aggregated, final week",https://aiweatherquest.ecmwf.int/leaderboards ; https://aiweatherquest.ecmwf.int/wp-content/themes/picostrap5-child-base/js/results_page/response.json
JJA 2026,JJA,LP,LPM,,tas,RPSS (period-pooled quintile RPS vs climatology),global land (land frac >= 0.5),3,days 19-25,0.159,leaderboard,"AIWQ official leaderboard response.json, period-aggregated, final week",https://aiweatherquest.ecmwf.int/leaderboards ; https://aiweatherquest.ecmwf.int/wp-content/themes/picostrap5-child-base/js/results_page/response.json
JJA 2026,JJA,LP,LPM,,tas,RPSS (period-pooled quintile RPS vs climatology),global land (land frac >= 0.5),4,days 26-32,0.16,leaderboard,"AIWQ official leaderboard response.json, period-aggregated, final week",https://aiweatherquest.ecmwf.int/leaderboards ; https://aiweatherquest.ecmwf.int/wp-content/themes/picostrap5-child-base/js/results_page/response.json
JJA 2026,JJA,AIFS,AIFSthalassa,,tas,RPSS (period-pooled quintile RPS vs climatology),global land (land frac >= 0.5),3,days 19-25,0.158,leaderboard,"AIWQ official leaderboard response.json, period-aggregated, final week",https://aiweatherquest.ecmwf.int/leaderboards ; https://aiweatherquest.ecmwf.int/wp-content/themes/picostrap5-child-base/js/results_page/response.json
JJA 2026,JJA,AIFS,AIFSthalassa,,tas,RPSS (period-pooled quintile RPS vs climatology),global land (land frac >= 0.5),4,days 26-32,0.15,leaderboard,"AIWQ official leaderboard response.json, period-aggregated, final week",https://aiweatherquest.ecmwf.int/leaderboards ; https://aiweatherquest.ecmwf.int/wp-content/themes/picostrap5-child-base/js/results_page/response.json
JJA 2026,JJA,AIFS,AIFShera,,tas,RPSS (period-pooled quintile RPS vs climatology),global land (land frac >= 0.5),3,days 19-25,0.146,leaderboard,"AIWQ official leaderboard response.json, period-aggregated, final week",https://aiweatherquest.ecmwf.int/leaderboards ; https://aiweatherquest.ecmwf.int/wp-content/themes/picostrap5-child-base/js/results_page/response.json
JJA 2026,JJA,AIFS,AIFShera,,tas,RPSS (period-pooled quintile RPS vs climatology),global land (land frac >= 0.5),4,days 26-32,0.143,leaderboard,"AIWQ official leaderboard response.json, period-aggregated, final week",https://aiweatherquest.ecmwf.int/leaderboards ; https://aiweatherquest.ecmwf.int/wp-content/themes/picostrap5-child-base/js/results_page/response.json
JJA 2026,JJA,AIFS,AIFSgaia,,tas,RPSS (period-pooled quintile RPS vs climatology),global land (land frac >= 0.5),3,days 19-25,0.131,leaderboard,"AIWQ official leaderboard response.json, period-aggregated, final week",https://aiweatherquest.ecmwf.int/leaderboards ; https://aiweatherquest.ecmwf.int/wp-content/themes/picostrap5-child-base/js/results_page/response.json
JJA 2026,JJA,AIFS,AIFSgaia,,tas,RPSS (period-pooled quintile RPS vs climatology),global land (land frac >= 0.5),4,days 26-32,0.121,leaderboard,"AIWQ official leaderboard response.json, period-aggregated, final week",https://aiweatherquest.ecmwf.int/leaderboards ; https://aiweatherquest.ecmwf.int/wp-content/themes/picostrap5-child-base/js/results_page/response.json
JJA 2026,JJA,CLINT,CLINTMF,,tas,RPSS (period-pooled quintile RPS vs climatology),global land (land frac >= 0.5),3,days 19-25,0.138,leaderboard,"AIWQ official leaderboard response.json, period-aggregated, final week",https://aiweatherquest.ecmwf.int/leaderboards ; https://aiweatherquest.ecmwf.int/wp-content/themes/picostrap5-child-base/js/results_page/response.json
JJA 2026,JJA,CLINT,CLINTMF,,tas,RPSS (period-pooled quintile RPS vs climatology),global land (land frac >= 0.5),4,days 26-32,0.141,leaderboard,"AIWQ official leaderboard response.json, period-aggregated, final week",https://aiweatherquest.ecmwf.int/leaderboards ; https://aiweatherquest.ecmwf.int/wp-content/themes/picostrap5-child-base/js/results_page/response.json
JJA 2026,JJA,CLINT,CLINTDD,,tas,RPSS (period-pooled quintile RPS vs climatology),global land (land frac >= 0.5),3,days 19-25,0.118,leaderboard,"AIWQ official leaderboard response.json, period-aggregated, final week",https://aiweatherquest.ecmwf.int/leaderboards ; https://aiweatherquest.ecmwf.int/wp-content/themes/picostrap5-child-base/js/results_page/response.json
JJA 2026,JJA,CLINT,CLINTDD,,tas,RPSS (period-pooled quintile RPS vs climatology),global land (land frac >= 0.5),4,days 26-32,0.106,leaderboard,"AIWQ official leaderboard response.json, period-aggregated, final week",https://aiweatherquest.ecmwf.int/leaderboards ; https://aiweatherquest.ecmwf.int/wp-content/themes/picostrap5-child-base/js/results_page/response.json
JJA 2026,JJA,CLINT,CLINTSE,,tas,RPSS (period-pooled quintile RPS vs climatology),global land (land frac >= 0.5),3,days 19-25,0.117,leaderboard,"AIWQ official leaderboard response.json, period-aggregated, final week",https://aiweatherquest.ecmwf.int/leaderboards ; https://aiweatherquest.ecmwf.int/wp-content/themes/picostrap5-child-base/js/results_page/response.json
JJA 2026,JJA,CLINT,CLINTSE,,tas,RPSS (period-pooled quintile RPS vs climatology),global land (land frac >= 0.5),4,days 26-32,0.123,leaderboard,"AIWQ official leaderboard response.json, period-aggregated, final week",https://aiweatherquest.ecmwf.int/leaderboards ; https://aiweatherquest.ecmwf.int/wp-content/themes/picostrap5-child-base/js/results_page/response.json
JJA 2026,JJA,MetaCarbon3060,PuyunWeather,,tas,RPSS (period-pooled quintile RPS vs climatology),global land (land frac >= 0.5),3,days 19-25,0.137,leaderboard,"AIWQ official leaderboard response.json, period-aggregated, final week",https://aiweatherquest.ecmwf.int/leaderboards ; https://aiweatherquest.ecmwf.int/wp-content/themes/picostrap5-child-base/js/results_page/response.json
JJA 2026,JJA,MetaCarbon3060,PuyunWeather,,tas,RPSS (period-pooled quintile RPS vs climatology),global land (land frac >= 0.5),4,days 26-32,0.146,leaderboard,"AIWQ official leaderboard response.json, period-aggregated, final week",https://aiweatherquest.ecmwf.int/leaderboards ; https://aiweatherquest.ecmwf.int/wp-content/themes/picostrap5-child-base/js/results_page/response.json
JJA 2026,JJA,MetaCarbon3060,PuyunEnsemble,,tas,RPSS (period-pooled quintile RPS vs climatology),global land (land frac >= 0.5),3,days 19-25,0.131,leaderboard,"AIWQ official leaderboard response.json, period-aggregated, final week",https://aiweatherquest.ecmwf.int/leaderboards ; https://aiweatherquest.ecmwf.int/wp-content/themes/picostrap5-child-base/js/results_page/response.json
JJA 2026,JJA,MetaCarbon3060,PuyunEnsemble,,tas,RPSS (period-pooled quintile RPS vs climatology),global land (land frac >= 0.5),4,days 26-32,0.13,leaderboard,"AIWQ official leaderboard response.json, period-aggregated, final week",https://aiweatherquest.ecmwf.int/leaderboards ; https://aiweatherquest.ecmwf.int/wp-content/themes/picostrap5-child-base/js/results_page/response.json
JJA 2026,JJA,MetaCarbon3060,PuyunLDM,,tas,RPSS (period-pooled quintile RPS vs climatology),global land (land frac >= 0.5),3,days 19-25,0.1,leaderboard,"AIWQ official leaderboard response.json, period-aggregated, final week",https://aiweatherquest.ecmwf.int/leaderboards ; https://aiweatherquest.ecmwf.int/wp-content/themes/picostrap5-child-base/js/results_page/response.json
JJA 2026,JJA,MetaCarbon3060,PuyunLDM,,tas,RPSS (period-pooled quintile RPS vs climatology),global land (land frac >= 0.5),4,days 26-32,0.098,leaderboard,"AIWQ official leaderboard response.json, period-aggregated, final week",https://aiweatherquest.ecmwf.int/leaderboards ; https://aiweatherquest.ecmwf.int/wp-content/themes/picostrap5-child-base/js/results_page/response.json
JJA 2026,JJA,UWAtmosNVIDIA,DLESyMS2Sv1,,tas,RPSS (period-pooled quintile RPS vs climatology),global land (land frac >= 0.5),3,days 19-25,0.127,leaderboard,"AIWQ official leaderboard response.json, period-aggregated, final week",https://aiweatherquest.ecmwf.int/leaderboards ; https://aiweatherquest.ecmwf.int/wp-content/themes/picostrap5-child-base/js/results_page/response.json
JJA 2026,JJA,UWAtmosNVIDIA,DLESyMS2Sv1,,tas,RPSS (period-pooled quintile RPS vs climatology),global land (land frac >= 0.5),4,days 26-32,0.119,leaderboard,"AIWQ official leaderboard response.json, period-aggregated, final week",https://aiweatherquest.ecmwf.int/leaderboards ; https://aiweatherquest.ecmwf.int/wp-content/themes/picostrap5-child-base/js/results_page/response.json
JJA 2026,JJA,Dynamical_S2SDatabase,ECMWF,ec46,tas,RPSS (period-pooled quintile RPS vs climatology),global land (land frac >= 0.5),3,days 19-25,0.125,leaderboard,"AIWQ official leaderboard response.json, period-aggregated, final week",https://aiweatherquest.ecmwf.int/leaderboards ; https://aiweatherquest.ecmwf.int/wp-content/themes/picostrap5-child-base/js/results_page/response.json
JJA 2026,JJA,Dynamical_S2SDatabase,ECMWF,ec46,tas,RPSS (period-pooled quintile RPS vs climatology),global land (land frac >= 0.5),4,days 26-32,0.13,leaderboard,"AIWQ official leaderboard response.json, period-aggregated, final week",https://aiweatherquest.ecmwf.int/leaderboards ; https://aiweatherquest.ecmwf.int/wp-content/themes/picostrap5-child-base/js/results_page/response.json
JJA 2026,JJA,SBUHybrid,HybridStillDeveloping,,tas,RPSS (period-pooled quintile RPS vs climatology),global land (land frac >= 0.5),3,days 19-25,0.122,leaderboard,"AIWQ official leaderboard response.json, period-aggregated, final week",https://aiweatherquest.ecmwf.int/leaderboards ; https://aiweatherquest.ecmwf.int/wp-content/themes/picostrap5-child-base/js/results_page/response.json
JJA 2026,JJA,SBUHybrid,HybridStillDeveloping,,tas,RPSS (period-pooled quintile RPS vs climatology),global land (land frac >= 0.5),4,days 26-32,0.124,leaderboard,"AIWQ official leaderboard response.json, period-aggregated, final week",https://aiweatherquest.ecmwf.int/leaderboards ; https://aiweatherquest.ecmwf.int/wp-content/themes/picostrap5-child-base/js/results_page/response.json
JJA 2026,JJA,SBUHybrid,HybridAC,,tas,RPSS (period-pooled quintile RPS vs climatology),global land (land frac >= 0.5),3,days 19-25,0.096,leaderboard,"AIWQ official leaderboard response.json, period-aggregated, final week",https://aiweatherquest.ecmwf.int/leaderboards ; https://aiweatherquest.ecmwf.int/wp-content/themes/picostrap5-child-base/js/results_page/response.json
JJA 2026,JJA,SBUHybrid,HybridAC,,tas,RPSS (period-pooled quintile RPS vs climatology),global land (land frac >= 0.5),4,days 26-32,0.093,leaderboard,"AIWQ official leaderboard response.json, period-aggregated, final week",https://aiweatherquest.ecmwf.int/leaderboards ; https://aiweatherquest.ecmwf.int/wp-content/themes/picostrap5-child-base/js/results_page/response.json
JJA 2026,JJA,SBUHybrid,HybridPPx,,tas,RPSS (period-pooled quintile RPS vs climatology),global land (land frac >= 0.5),3,days 19-25,0.096,leaderboard,"AIWQ official leaderboard response.json, period-aggregated, final week",https://aiweatherquest.ecmwf.int/leaderboards ; https://aiweatherquest.ecmwf.int/wp-content/themes/picostrap5-child-base/js/results_page/response.json
JJA 2026,JJA,SBUHybrid,HybridPPx,,tas,RPSS (period-pooled quintile RPS vs climatology),global land (land frac >= 0.5),4,days 26-32,0.105,leaderboard,"AIWQ official leaderboard response.json, period-aggregated, final week",https://aiweatherquest.ecmwf.int/leaderboards ; https://aiweatherquest.ecmwf.int/wp-content/themes/picostrap5-child-base/js/results_page/response.json
JJA 2026,JJA,Dynamical_S2SDatabase,multimodel_mean,,tas,RPSS (period-pooled quintile RPS vs climatology),global land (land frac >= 0.5),3,days 19-25,0.114,leaderboard,"AIWQ official leaderboard response.json, period-aggregated, final week",https://aiweatherquest.ecmwf.int/leaderboards ; https://aiweatherquest.ecmwf.int/wp-content/themes/picostrap5-child-base/js/results_page/response.json
JJA 2026,JJA,Dynamical_S2SDatabase,multimodel_mean,,tas,RPSS (period-pooled quintile RPS vs climatology),global land (land frac >= 0.5),4,days 26-32,0.119,leaderboard,"AIWQ official leaderboard response.json, period-aggregated, final week",https://aiweatherquest.ecmwf.int/leaderboards ; https://aiweatherquest.ecmwf.int/wp-content/themes/picostrap5-child-base/js/results_page/response.json
JJA 2026,JJA,CliMA,CliMAWeather,,tas,RPSS (period-pooled quintile RPS vs climatology),global land (land frac >= 0.5),3,days 19-25,0.105,leaderboard,"AIWQ official leaderboard response.json, period-aggregated, final week",https://aiweatherquest.ecmwf.int/leaderboards ; https://aiweatherquest.ecmwf.int/wp-content/themes/picostrap5-child-base/js/results_page/response.json
JJA 2026,JJA,CliMA,CliMAWeather,,tas,RPSS (period-pooled quintile RPS vs climatology),global land (land frac >= 0.5),4,days 26-32,0.121,leaderboard,"AIWQ official leaderboard response.json, period-aggregated, final week",https://aiweatherquest.ecmwf.int/leaderboards ; https://aiweatherquest.ecmwf.int/wp-content/themes/picostrap5-child-base/js/results_page/response.json
JJA 2026,JJA,CliMA,CliMAWeather2,,tas,RPSS (period-pooled quintile RPS vs climatology),global land (land frac >= 0.5),3,days 19-25,0.098,leaderboard,"AIWQ official leaderboard response.json, period-aggregated, final week",https://aiweatherquest.ecmwf.int/leaderboards ; https://aiweatherquest.ecmwf.int/wp-content/themes/picostrap5-child-base/js/results_page/response.json
JJA 2026,JJA,CliMA,CliMAWeather2,,tas,RPSS (period-pooled quintile RPS vs climatology),global land (land frac >= 0.5),4,days 26-32,0.115,leaderboard,"AIWQ official leaderboard response.json, period-aggregated, final week",https://aiweatherquest.ecmwf.int/leaderboards ; https://aiweatherquest.ecmwf.int/wp-content/themes/picostrap5-child-base/js/results_page/response.json
JJA 2026,JJA,scienceAI,ngcm,,tas,RPSS (period-pooled quintile RPS vs climatology),global land (land frac >= 0.5),3,days 19-25,0.095,leaderboard,"AIWQ official leaderboard response.json, period-aggregated, final week",https://aiweatherquest.ecmwf.int/leaderboards ; https://aiweatherquest.ecmwf.int/wp-content/themes/picostrap5-child-base/js/results_page/response.json
JJA 2026,JJA,scienceAI,ngcm,,tas,RPSS (period-pooled quintile RPS vs climatology),global land (land frac >= 0.5),4,days 26-32,0.107,leaderboard,"AIWQ official leaderboard response.json, period-aggregated, final week",https://aiweatherquest.ecmwf.int/leaderboards ; https://aiweatherquest.ecmwf.int/wp-content/themes/picostrap5-child-base/js/results_page/response.json
JJA 2026,JJA,scienceAI,zephyr,,tas,RPSS (period-pooled quintile RPS vs climatology),global land (land frac >= 0.5),3,days 19-25,0.083,leaderboard,"AIWQ official leaderboard response.json, period-aggregated, final week",https://aiweatherquest.ecmwf.int/leaderboards ; https://aiweatherquest.ecmwf.int/wp-content/themes/picostrap5-child-base/js/results_page/response.json
JJA 2026,JJA,scienceAI,zephyr,,tas,RPSS (period-pooled quintile RPS vs climatology),global land (land frac >= 0.5),4,days 26-32,0.096,leaderboard,"AIWQ official leaderboard response.json, period-aggregated, final week",https://aiweatherquest.ecmwf.int/leaderboards ; https://aiweatherquest.ecmwf.int/wp-content/themes/picostrap5-child-base/js/results_page/response.json
JJA 2026,JJA,scienceAI,findforecast,,tas,RPSS (period-pooled quintile RPS vs climatology),global land (land frac >= 0.5),3,days 19-25,0.077,leaderboard,"AIWQ official leaderboard response.json, period-aggregated, final week",https://aiweatherquest.ecmwf.int/leaderboards ; https://aiweatherquest.ecmwf.int/wp-content/themes/picostrap5-child-base/js/results_page/response.json
JJA 2026,JJA,scienceAI,findforecast,,tas,RPSS (period-pooled quintile RPS vs climatology),global land (land frac >= 0.5),4,days 26-32,0.09,leaderboard,"AIWQ official leaderboard response.json, period-aggregated, final week",https://aiweatherquest.ecmwf.int/leaderboards ; https://aiweatherquest.ecmwf.int/wp-content/themes/picostrap5-child-base/js/results_page/response.json
JJA 2026,JJA,Arcana,ArcanaSpherical,,tas,RPSS (period-pooled quintile RPS vs climatology),global land (land frac >= 0.5),3,days 19-25,0.086,leaderboard,"AIWQ official leaderboard response.json, period-aggregated, final week",https://aiweatherquest.ecmwf.int/leaderboards ; https://aiweatherquest.ecmwf.int/wp-content/themes/picostrap5-child-base/js/results_page/response.json
JJA 2026,JJA,Arcana,ArcanaSpherical,,tas,RPSS (period-pooled quintile RPS vs climatology),global land (land frac >= 0.5),4,days 26-32,0.064,leaderboard,"AIWQ official leaderboard response.json, period-aggregated, final week",https://aiweatherquest.ecmwf.int/leaderboards ; https://aiweatherquest.ecmwf.int/wp-content/themes/picostrap5-child-base/js/results_page/response.json
JJA 2026,JJA,Arcana,ArcanaSphericalv2,,tas,RPSS (period-pooled quintile RPS vs climatology),global land (land frac >= 0.5),3,days 19-25,0.082,leaderboard,"AIWQ official leaderboard response.json, period-aggregated, final week",https://aiweatherquest.ecmwf.int/leaderboards ; https://aiweatherquest.ecmwf.int/wp-content/themes/picostrap5-child-base/js/results_page/response.json
JJA 2026,JJA,Arcana,ArcanaSphericalv2,,tas,RPSS (period-pooled quintile RPS vs climatology),global land (land frac >= 0.5),4,days 26-32,0.044,leaderboard,"AIWQ official leaderboard response.json, period-aggregated, final week",https://aiweatherquest.ecmwf.int/leaderboards ; https://aiweatherquest.ecmwf.int/wp-content/themes/picostrap5-child-base/js/results_page/response.json
JJA 2026,JJA,IgnisNeuralis42,GCast42,,tas,RPSS (period-pooled quintile RPS vs climatology),global land (land frac >= 0.5),3,days 19-25,0.072,leaderboard,"AIWQ official leaderboard response.json, period-aggregated, final week",https://aiweatherquest.ecmwf.int/leaderboards ; https://aiweatherquest.ecmwf.int/wp-content/themes/picostrap5-child-base/js/results_page/response.json
JJA 2026,JJA,IgnisNeuralis42,GCast42,,tas,RPSS (period-pooled quintile RPS vs climatology),global land (land frac >= 0.5),4,days 26-32,0.078,leaderboard,"AIWQ official leaderboard response.json, period-aggregated, final week",https://aiweatherquest.ecmwf.int/leaderboards ; https://aiweatherquest.ecmwf.int/wp-content/themes/picostrap5-child-base/js/results_page/response.json
JJA 2026,JJA,JR,slowMamba,,tas,RPSS (period-pooled quintile RPS vs climatology),global land (land frac >= 0.5),3,days 19-25,0.031,leaderboard,"AIWQ official leaderboard response.json, period-aggregated, final week",https://aiweatherquest.ecmwf.int/leaderboards ; https://aiweatherquest.ecmwf.int/wp-content/themes/picostrap5-child-base/js/results_page/response.json
JJA 2026,JJA,JR,slowMamba,,tas,RPSS (period-pooled quintile RPS vs climatology),global land (land frac >= 0.5),4,days 26-32,-0.003,leaderboard,"AIWQ official leaderboard response.json, period-aggregated, final week",https://aiweatherquest.ecmwf.int/leaderboards ; https://aiweatherquest.ecmwf.int/wp-content/themes/picostrap5-child-base/js/results_page/response.json
JJA 2026,JJA,Dynamical_S2SDatabase,KMA,,tas,RPSS (period-pooled quintile RPS vs climatology),global land (land frac >= 0.5),3,days 19-25,0.014,leaderboard,"AIWQ official leaderboard response.json, period-aggregated, final week",https://aiweatherquest.ecmwf.int/leaderboards ; https://aiweatherquest.ecmwf.int/wp-content/themes/picostrap5-child-base/js/results_page/response.json
JJA 2026,JJA,Dynamical_S2SDatabase,KMA,,tas,RPSS (period-pooled quintile RPS vs climatology),global land (land frac >= 0.5),4,days 26-32,0.044,leaderboard,"AIWQ official leaderboard response.json, period-aggregated, final week",https://aiweatherquest.ecmwf.int/leaderboards ; https://aiweatherquest.ecmwf.int/wp-content/themes/picostrap5-child-base/js/results_page/response.json
JJA 2026,JJA,Dynamical_S2SDatabase,JMA,,tas,RPSS (period-pooled quintile RPS vs climatology),global land (land frac >= 0.5),3,days 19-25,0.001,leaderboard,"AIWQ official leaderboard response.json, period-aggregated, final week",https://aiweatherquest.ecmwf.int/leaderboards ; https://aiweatherquest.ecmwf.int/wp-content/themes/picostrap5-child-base/js/results_page/response.json
JJA 2026,JJA,Dynamical_S2SDatabase,JMA,,tas,RPSS (period-pooled quintile RPS vs climatology),global land (land frac >= 0.5),4,days 26-32,0.007,leaderboard,"AIWQ official leaderboard response.json, period-aggregated, final week",https://aiweatherquest.ecmwf.int/leaderboards ; https://aiweatherquest.ecmwf.int/wp-content/themes/picostrap5-child-base/js/results_page/response.json
JJA 2026,JJA,Dynamical_S2SDatabase,HMCR,,tas,RPSS (period-pooled quintile RPS vs climatology),global land (land frac >= 0.5),3,days 19-25,0.001,leaderboard,"AIWQ official leaderboard response.json, period-aggregated, final week",https://aiweatherquest.ecmwf.int/leaderboards ; https://aiweatherquest.ecmwf.int/wp-content/themes/picostrap5-child-base/js/results_page/response.json
JJA 2026,JJA,Dynamical_S2SDatabase,HMCR,,tas,RPSS (period-pooled quintile RPS vs climatology),global land (land frac >= 0.5),4,days 26-32,0.026,leaderboard,"AIWQ official leaderboard response.json, period-aggregated, final week",https://aiweatherquest.ecmwf.int/leaderboards ; https://aiweatherquest.ecmwf.int/wp-content/themes/picostrap5-child-base/js/results_page/response.json
JJA 2026,JJA,Dynamical_S2SDatabase,NOAA,cfs,tas,RPSS (period-pooled quintile RPS vs climatology),global land (land frac >= 0.5),3,days 19-25,-0.002,leaderboard,"AIWQ official leaderboard response.json, period-aggregated, final week",https://aiweatherquest.ecmwf.int/leaderboards ; https://aiweatherquest.ecmwf.int/wp-content/themes/picostrap5-child-base/js/results_page/response.json
JJA 2026,JJA,Dynamical_S2SDatabase,NOAA,cfs,tas,RPSS (period-pooled quintile RPS vs climatology),global land (land frac >= 0.5),4,days 26-32,0.019,leaderboard,"AIWQ official leaderboard response.json, period-aggregated, final week",https://aiweatherquest.ecmwf.int/leaderboards ; https://aiweatherquest.ecmwf.int/wp-content/themes/picostrap5-child-base/js/results_page/response.json
JJA 2026,JJA,RegimeCast,RegimeCastS2S,,tas,RPSS (period-pooled quintile RPS vs climatology),global land (land frac >= 0.5),3,days 19-25,-0.013,leaderboard,"AIWQ official leaderboard response.json, period-aggregated, final week",https://aiweatherquest.ecmwf.int/leaderboards ; https://aiweatherquest.ecmwf.int/wp-content/themes/picostrap5-child-base/js/results_page/response.json
JJA 2026,JJA,RegimeCast,RegimeCastS2S,,tas,RPSS (period-pooled quintile RPS vs climatology),global land (land frac >= 0.5),4,days 26-32,-0.013,leaderboard,"AIWQ official leaderboard response.json, period-aggregated, final week",https://aiweatherquest.ecmwf.int/leaderboards ; https://aiweatherquest.ecmwf.int/wp-content/themes/picostrap5-child-base/js/results_page/response.json
JJA 2026,JJA,CelestScience,Tellus,,tas,RPSS (period-pooled quintile RPS vs climatology),global land (land frac >= 0.5),3,days 19-25,-0.113,leaderboard,"AIWQ official leaderboard response.json, period-aggregated, final week",https://aiweatherquest.ecmwf.int/leaderboards ; https://aiweatherquest.ecmwf.int/wp-content/themes/picostrap5-child-base/js/results_page/response.json
JJA 2026,JJA,CelestScience,Tellus,,tas,RPSS (period-pooled quintile RPS vs climatology),global land (land frac >= 0.5),4,days 26-32,-0.141,leaderboard,"AIWQ official leaderboard response.json, period-aggregated, final week",https://aiweatherquest.ecmwf.int/leaderboards ; https://aiweatherquest.ecmwf.int/wp-content/themes/picostrap5-child-base/js/results_page/response.json
JJA 2026,JJA,HAPPY,AZN,,tas,RPSS (period-pooled quintile RPS vs climatology),global land (land frac >= 0.5),3,days 19-25,-0.163,leaderboard,"AIWQ official leaderboard response.json, period-aggregated, final week",https://aiweatherquest.ecmwf.int/leaderboards ; https://aiweatherquest.ecmwf.int/wp-content/themes/picostrap5-child-base/js/results_page/response.json
JJA 2026,JJA,HAPPY,AZN,,tas,RPSS (period-pooled quintile RPS vs climatology),global land (land frac >= 0.5),4,days 26-32,-0.19,leaderboard,"AIWQ official leaderboard response.json, period-aggregated, final week",https://aiweatherquest.ecmwf.int/leaderboards ; https://aiweatherquest.ecmwf.int/wp-content/themes/picostrap5-child-base/js/results_page/response.json
JJA 2026,JJA,Amberland,Amber1,,tas,RPSS (period-pooled quintile RPS vs climatology),global land (land frac >= 0.5),3,days 19-25,-0.201,leaderboard,"AIWQ official leaderboard response.json, period-aggregated, final week",https://aiweatherquest.ecmwf.int/leaderboards ; https://aiweatherquest.ecmwf.int/wp-content/themes/picostrap5-child-base/js/results_page/response.json
JJA 2026,JJA,Amberland,Amber1,,tas,RPSS (period-pooled quintile RPS vs climatology),global land (land frac >= 0.5),4,days 26-32,-0.204,leaderboard,"AIWQ official leaderboard response.json, period-aggregated, final week",https://aiweatherquest.ecmwf.int/leaderboards ; https://aiweatherquest.ecmwf.int/wp-content/themes/picostrap5-child-base/js/results_page/response.json
JJA 2026,JJA,Amberland,Amber2,,tas,RPSS (period-pooled quintile RPS vs climatology),global land (land frac >= 0.5),3,days 19-25,-0.337,leaderboard,"AIWQ official leaderboard response.json, period-aggregated, final week",https://aiweatherquest.ecmwf.int/leaderboards ; https://aiweatherquest.ecmwf.int/wp-content/themes/picostrap5-child-base/js/results_page/response.json
JJA 2026,JJA,Amberland,Amber2,,tas,RPSS (period-pooled quintile RPS vs climatology),global land (land frac >= 0.5),4,days 26-32,-0.333,leaderboard,"AIWQ official leaderboard response.json, period-aggregated, final week",https://aiweatherquest.ecmwf.int/leaderboards ; https://aiweatherquest.ecmwf.int/wp-content/themes/picostrap5-child-base/js/results_page/response.json
JJA 2026,JJA,Amberland,Amber3,,tas,RPSS (period-pooled quintile RPS vs climatology),global land (land frac >= 0.5),3,days 19-25,-0.37,leaderboard,"AIWQ official leaderboard response.json, period-aggregated, final week",https://aiweatherquest.ecmwf.int/leaderboards ; https://aiweatherquest.ecmwf.int/wp-content/themes/picostrap5-child-base/js/results_page/response.json
JJA 2026,JJA,Amberland,Amber3,,tas,RPSS (period-pooled quintile RPS vs climatology),global land (land frac >= 0.5),4,days 26-32,-0.368,leaderboard,"AIWQ official leaderboard response.json, period-aggregated, final week",https://aiweatherquest.ecmwf.int/leaderboards ; https://aiweatherquest.ecmwf.int/wp-content/themes/picostrap5-child-base/js/results_page/response.json
JJA 2026,JJA,WindBorne,WeatherMesh,,tas,RPSS (period-pooled quintile RPS vs climatology),global land (land frac >= 0.5),3,days 19-25,-0.236,leaderboard,"AIWQ official leaderboard response.json, period-aggregated, final week",https://aiweatherquest.ecmwf.int/leaderboards ; https://aiweatherquest.ecmwf.int/wp-content/themes/picostrap5-child-base/js/results_page/response.json
JJA 2026,JJA,WindBorne,WeatherMesh,,tas,RPSS (period-pooled quintile RPS vs climatology),global land (land frac >= 0.5),4,days 26-32,-0.249,leaderboard,"AIWQ official leaderboard response.json, period-aggregated, final week",https://aiweatherquest.ecmwf.int/leaderboards ; https://aiweatherquest.ecmwf.int/wp-content/themes/picostrap5-child-base/js/results_page/response.json
JJA 2026,JJA,WindBorne,WeatherMeshBeta,,tas,RPSS (period-pooled quintile RPS vs climatology),global land (land frac >= 0.5),3,days 19-25,-0.244,leaderboard,"AIWQ official leaderboard response.json, period-aggregated, final week",https://aiweatherquest.ecmwf.int/leaderboards ; https://aiweatherquest.ecmwf.int/wp-content/themes/picostrap5-child-base/js/results_page/response.json
JJA 2026,JJA,WindBorne,WeatherMeshBeta,,tas,RPSS (period-pooled quintile RPS vs climatology),global land (land frac >= 0.5),4,days 26-32,-0.254,leaderboard,"AIWQ official leaderboard response.json, period-aggregated, final week",https://aiweatherquest.ecmwf.int/leaderboards ; https://aiweatherquest.ecmwf.int/wp-content/themes/picostrap5-child-base/js/results_page/response.json
JJA 2026,JJA,CAMExpedition,SBCDiff,,tas,RPSS (period-pooled quintile RPS vs climatology),global land (land frac >= 0.5),3,days 19-25,-0.301,leaderboard,"AIWQ official leaderboard response.json, period-aggregated, final week",https://aiweatherquest.ecmwf.int/leaderboards ; https://aiweatherquest.ecmwf.int/wp-content/themes/picostrap5-child-base/js/results_page/response.json
JJA 2026,JJA,CAMExpedition,SBCDiff,,tas,RPSS (period-pooled quintile RPS vs climatology),global land (land frac >= 0.5),4,days 26-32,-0.274,leaderboard,"AIWQ official leaderboard response.json, period-aggregated, final week",https://aiweatherquest.ecmwf.int/leaderboards ; https://aiweatherquest.ecmwf.int/wp-content/themes/picostrap5-child-base/js/results_page/response.json
JJA 2026,JJA,XindaL,ISOX,,tas,RPSS (period-pooled quintile RPS vs climatology),global land (land frac >= 0.5),3,days 19-25,-0.358,leaderboard,"AIWQ official leaderboard response.json, period-aggregated, final week",https://aiweatherquest.ecmwf.int/leaderboards ; https://aiweatherquest.ecmwf.int/wp-content/themes/picostrap5-child-base/js/results_page/response.json
JJA 2026,JJA,XindaL,ISOX,,tas,RPSS (period-pooled quintile RPS vs climatology),global land (land frac >= 0.5),4,days 26-32,-0.258,leaderboard,"AIWQ official leaderboard response.json, period-aggregated, final week",https://aiweatherquest.ecmwf.int/leaderboards ; https://aiweatherquest.ecmwf.int/wp-content/themes/picostrap5-child-base/js/results_page/response.json
JJA 2026,JJA,Neuralio,NeuWeather,,tas,RPSS (period-pooled quintile RPS vs climatology),global land (land frac >= 0.5),3,days 19-25,-0.646,leaderboard,"AIWQ official leaderboard response.json, period-aggregated, final week",https://aiweatherquest.ecmwf.int/leaderboards ; https://aiweatherquest.ecmwf.int/wp-content/themes/picostrap5-child-base/js/results_page/response.json
JJA 2026,JJA,Neuralio,NeuWeather,,tas,RPSS (period-pooled quintile RPS vs climatology),global land (land frac >= 0.5),4,days 26-32,-0.744,leaderboard,"AIWQ official leaderboard response.json, period-aggregated, final week",https://aiweatherquest.ecmwf.int/leaderboards ; https://aiweatherquest.ecmwf.int/wp-content/themes/picostrap5-child-base/js/results_page/response.json
JJA 2026,JJA,NSFNCAR,subCESMulator,,tas,RPSS (period-pooled quintile RPS vs climatology),global land (land frac >= 0.5),3,days 19-25,-0.698,leaderboard,"AIWQ official leaderboard response.json, period-aggregated, final week",https://aiweatherquest.ecmwf.int/leaderboards ; https://aiweatherquest.ecmwf.int/wp-content/themes/picostrap5-child-base/js/results_page/response.json
JJA 2026,JJA,NSFNCAR,subCESMulator,,tas,RPSS (period-pooled quintile RPS vs climatology),global land (land frac >= 0.5),4,days 26-32,-0.782,leaderboard,"AIWQ official leaderboard response.json, period-aggregated, final week",https://aiweatherquest.ecmwf.int/leaderboards ; https://aiweatherquest.ecmwf.int/wp-content/themes/picostrap5-child-base/js/results_page/response.json
DJF 2025,DJF,Brightband,BB-SUBS,bbsubs,tas,RPSS (period-pooled quintile RPS vs climatology),global land (land frac >= 0.5),3,days 19-25,0.112,self_reported,Brightband self-reported via AIWQ evaluation code (not an AIWQ submission),https://www.brightband.com/company/news/introducing-brightband-subs/
DJF 2025,DJF,Brightband,BB-SUBS,bbsubs,tas,RPSS (period-pooled quintile RPS vs climatology),global land (land frac >= 0.5),4,days 26-32,0.072,self_reported,Brightband self-reported via AIWQ evaluation code (not an AIWQ submission),https://www.brightband.com/company/news/introducing-brightband-subs/
