2026-09-18T06:49:07Z watchdog start pid 3080662 slate=12 poll=300s
2026-09-18T06:49:09Z pin 1217_7 ExcNodeList=[nucla3m-a3meganodeset-1,nucla3m-a3meganodeset-5,nucla3m-a3meganodeset-6,nucla3m-a3meganodeset-7]
2026-09-18T06:49:09Z pin 1217_8 ExcNodeList=[nucla3m-a3meganodeset-1,nucla3m-a3meganodeset-5,nucla3m-a3meganodeset-6,nucla3m-a3meganodeset-7]
2026-09-18T06:49:09Z pin 1217_9 ExcNodeList=[nucla3m-a3meganodeset-1,nucla3m-a3meganodeset-5,nucla3m-a3meganodeset-6,nucla3m-a3meganodeset-7]
2026-09-18T06:49:09Z pin 1217_10 ExcNodeList=[nucla3m-a3meganodeset-1,nucla3m-a3meganodeset-5,nucla3m-a3meganodeset-6,nucla3m-a3meganodeset-7]
2026-09-18T06:49:09Z pin 1217_11 ExcNodeList=[nucla3m-a3meganodeset-1,nucla3m-a3meganodeset-5,nucla3m-a3meganodeset-6,nucla3m-a3meganodeset-7]
2026-09-18T06:49:09Z poll run=4 [1222_3@n3 1217_6@n2 1217_5@n4 1217_4@n0 ] pend=5 [1217_7 1217_8 1217_9 1217_10 1217_11 ] free=[] foreign=[1 5 6 7] df=336G :: n0:ours n1:FOREIGN(70503,68341,63077,67561,67539,67579,67561,69879) n2:ours n3:ours n4:ours n5:FOREIGN(65099,62919,62919,62919,62919,62919,62919,64479) n6:FOREIGN(67817,63195,63237,63233,63233,63235,63215,64777) n7:FOREIGN(74525,74525,2743,2743,4407,4407,9425,1163) 
2026-09-18T06:54:13Z poll run=4 [1222_3@n3 1217_6@n2 1217_5@n4 1217_4@n0 ] pend=5 [1217_11 1217_10 1217_9 1217_8 1217_7 ] free=[] foreign=[1 5 6 7] df=334G :: n0:ours n1:FOREIGN(67163,64721,63057,64659,64701,64659,64699,66259) n2:ours n3:ours n4:ours n5:FOREIGN(65105,62923,62923,62923,62925,62923,62923,64543) n6:FOREIGN(67817,63195,63237,63233,63233,63235,63215,64777) n7:FOREIGN(74525,74525,2743,2743,4407,4407,9425,1163) 
2026-09-18T06:59:17Z poll run=4 [1222_3@n3 1217_6@n2 1217_5@n4 1217_4@n0 ] pend=5 [1217_11 1217_10 1217_9 1217_8 1217_7 ] free=[] foreign=[1 5 6 7] df=323G :: n0:ours n1:FOREIGN(66597,64535,62973,64475,64495,64515,64495,66075) n2:ours n3:ours n4:ours n5:FOREIGN(65105,62923,62925,62925,62923,62923,62923,64543) n6:FOREIGN(67817,63195,63237,63233,63233,63235,63215,64777) n7:FOREIGN(74525,74525,2743,2743,4407,4407,9425,1163) 
2026-09-18T07:04:21Z poll run=4 [1222_3@n3 1217_6@n2 1217_5@n4 1217_4@n0 ] pend=5 [1217_11 1217_10 1217_9 1217_8 1217_7 ] free=[] foreign=[1 5 6 7] df=311G :: n0:ours n1:FOREIGN(66597,64535,62971,64475,64495,64513,64495,66075) n2:ours n3:ours n4:ours n5:FOREIGN(65103,62923,62923,62923,62921,62923,62923,64521) n6:FOREIGN(67817,63195,63237,63233,63233,63235,63215,64777) n7:FOREIGN(74525,74525,2743,2743,4407,4407,9425,1163) 
2026-09-18T07:09:25Z throttle 1217 3->4 (run=3 free=1 disk_slots=3)
2026-09-18T07:09:26Z compare case 3 e14_h4_20230104
2026-09-18T07:11:31Z compare OK case 3 e14_h4_20230104
2026-09-18T07:11:34Z prune OK case 3 e14_h4_20230104 df 313G->313G
2026-09-18T07:11:34Z poll run=3 [1217_6@n2 1217_5@n4 1217_4@n0 ] pend=5 [1217_11 1217_10 1217_9 1217_8 1217_7 ] free=[3] foreign=[1 5 6 7] df=313G :: n0:ours n1:FOREIGN(66597,64535,62971,64475,64495,64513,64495,66075) n2:ours n3:free n4:ours n5:FOREIGN(80391,80391,80391,80391,80391,80391,16831,4) n6:FOREIGN(67817,63195,63237,63233,63233,63235,63215,64777) n7:FOREIGN(74525,74525,2743,2743,4407,4407,9425,1163) 
2026-09-18T07:16:38Z pin 1217_11 ExcNodeList=[nucla3m-a3meganodeset-1,nucla3m-a3meganodeset-3,nucla3m-a3meganodeset-5,nucla3m-a3meganodeset-6,nucla3m-a3meganodeset-7]
2026-09-18T07:16:38Z pin 1217_10 ExcNodeList=[nucla3m-a3meganodeset-1,nucla3m-a3meganodeset-3,nucla3m-a3meganodeset-5,nucla3m-a3meganodeset-6,nucla3m-a3meganodeset-7]
2026-09-18T07:16:38Z pin 1217_9 ExcNodeList=[nucla3m-a3meganodeset-1,nucla3m-a3meganodeset-3,nucla3m-a3meganodeset-5,nucla3m-a3meganodeset-6,nucla3m-a3meganodeset-7]
2026-09-18T07:16:38Z pin 1217_8 ExcNodeList=[nucla3m-a3meganodeset-1,nucla3m-a3meganodeset-3,nucla3m-a3meganodeset-5,nucla3m-a3meganodeset-6,nucla3m-a3meganodeset-7]
2026-09-18T07:16:38Z pin 1217_7 ExcNodeList=[nucla3m-a3meganodeset-1,nucla3m-a3meganodeset-3,nucla3m-a3meganodeset-5,nucla3m-a3meganodeset-6,nucla3m-a3meganodeset-7]
2026-09-18T07:16:38Z throttle 1217 4->3 (run=3 free=0 disk_slots=4)
2026-09-18T07:16:40Z poll run=3 [1217_6@n2 1217_5@n4 1217_4@n0 ] pend=5 [1217_11 1217_10 1217_9 1217_8 1217_7 ] free=[] foreign=[1 3 5 6 7] df=349G :: n0:ours n1:FOREIGN(66597,64535,62971,64475,64495,64513,64495,66075) n2:ours n3:FOREIGN(32249,78347,78347,78347,78347,78347,78347,30247) n4:ours n5:FOREIGN(66459,64077,63137,64077,64077,64077,64077,65657) n6:FOREIGN(67817,63195,63237,63233,63233,63235,63215,64777) n7:FOREIGN(74525,74525,2743,2743,4407,4407,9425,1163) 
2026-09-18T07:21:44Z poll run=3 [1217_6@n2 1217_5@n4 1217_4@n0 ] pend=5 [1217_11 1217_10 1217_9 1217_8 1217_7 ] free=[] foreign=[1 3 5 6 7] df=359G :: n0:ours n1:FOREIGN(66597,64535,62971,64475,64495,64513,64495,66075) n2:ours n3:FOREIGN(33429,79729,79729,79729,79729,79729,79729,31429) n4:ours n5:FOREIGN(66459,64077,63137,64077,64077,64077,64077,65637) n6:FOREIGN(67817,63195,63237,63233,63233,63235,63215,64777) n7:FOREIGN(74525,74525,2743,2743,4407,4407,9425,1163) 
2026-09-18T07:26:49Z compare case 4 e23_h3_20231228
2026-09-18T07:28:49Z compare OK case 4 e23_h3_20231228
2026-09-18T07:28:52Z prune OK case 4 e23_h3_20231228 df 348G->348G
2026-09-18T07:28:52Z poll run=3 [1217_7@n0 1217_6@n2 1217_5@n4 ] pend=4 [1217_11 1217_10 1217_9 1217_8 ] free=[] foreign=[1 3 5 6 7] df=348G :: n0:ours n1:FOREIGN(66597,64535,62971,64475,64495,64513,64495,66075) n2:ours n3:FOREIGN(33429,79729,79729,79729,79729,79729,79729,31429) n4:ours n5:FOREIGN(66459,64077,63137,64077,64077,64077,64077,65657) n6:FOREIGN(67817,63195,63237,63233,63233,63235,63215,64777) n7:FOREIGN(74525,74525,2743,2743,4407,4407,9425,1163) 
2026-09-18T07:31:33Z watchdog exiting (pid 3080662)
2026-09-18T07:31:37Z watchdog start pid 3085840 slate=12 poll=300s
2026-09-18T07:31:40Z poll run=3 [1217_7@n0 1217_6@n2 1217_5@n4 ] pend=4 [1217_11 1217_10 1217_9 1217_8 ] free=[] foreign=[1 3 5 6 7] df=382G :: n0:ours n1:FOREIGN(66597,64535,62971,64475,64495,64513,64495,66075) n2:ours n3:FOREIGN(33469,79749,79749,79749,79749,79749,79749,31489) n4:ours n5:FOREIGN(66339,64077,63137,64077,64077,64077,64077,65639) n6:FOREIGN(67817,63195,63237,63233,63233,63235,63215,64777) n7:FOREIGN(74525,74525,2743,2743,4407,4407,9425,1163) 
2026-09-18T07:36:41Z paused since 2026-09-18T07:33Z by ubuntu (drain): run=3 pend=4 df=366G
2026-09-18T07:38:23Z watchdog exiting (pid 3085840)
2026-09-18T07:38:28Z watchdog start pid 3087486 slate=12 poll=300s
2026-09-18T07:38:29Z paused since 2026-09-18T07:33Z by ubuntu (drain): run=3 pend=4 df=363G
2026-09-18T07:43:30Z paused since 2026-09-18T07:33Z by ubuntu (drain): run=3 pend=4 df=352G
2026-09-18T07:48:32Z paused since 2026-09-18T07:33Z by ubuntu (drain): run=3 pend=4 df=348G
2026-09-18T07:53:33Z paused since 2026-09-18T07:33Z by ubuntu (drain): run=3 pend=4 df=363G
2026-09-18T07:58:34Z paused since 2026-09-18T07:33Z by ubuntu (drain): run=3 pend=4 df=375G
2026-09-18T08:03:36Z paused since 2026-09-18T07:33Z by ubuntu (drain): run=3 pend=4 df=364G
2026-09-18T08:04:41Z watchdog exiting (pid 3087486)
2026-09-18T08:04:52Z watchdog start pid 3092413 slate=42 poll=300s
2026-09-18T08:04:56Z poll run=3 [1217_7@n0 1217_6@n2 1217_5@n4 ] pend=34 [1250_0 1250_2 1250_3 1250_4 1250_5 1250_6 1250_7 1250_8 1250_9 1250_10 1250_14 1250_15 1250_16 1250_17 1250_18 1250_19 1250_20 1250_21 1250_25 1250_26 1250_27 1250_28 1250_29 1250_30 1250_31 1250_34 1250_37 1250_38 1250_39 1250_40 1217_11 1217_10 1217_9 1217_8 ] free=[] foreign=[1 3 5 6 7] df=857G :: n0:ours n1:FOREIGN(66597,64535,62971,64475,64495,64513,64495,66075) n2:ours n3:FOREIGN(34911,80789,80789,80789,80789,80789,80789,32931) n4:ours n5:FOREIGN(80507,80495,80495,80487,80391,80391,80391,80391) n6:FOREIGN(67817,63195,63237,63233,63233,63235,63215,64777) n7:FOREIGN(74525,74525,2743,2743,4407,4407,9425,1163) 
2026-09-18T08:09:57Z paused since 2026-09-18T08:09Z by ubuntu: run=0 pend=0 df=839G
2026-09-18T08:14:58Z paused since 2026-09-18T08:09Z by ubuntu: run=0 pend=0 df=839G
2026-09-18T08:19:59Z paused since 2026-09-18T08:09Z by ubuntu: run=0 pend=0 df=839G
2026-09-18T08:25:00Z paused since 2026-09-18T08:09Z by ubuntu: run=0 pend=0 df=839G
2026-09-18T08:30:02Z paused since 2026-09-18T08:09Z by ubuntu: run=0 pend=0 df=839G
2026-09-18T08:35:03Z paused since 2026-09-18T08:09Z by ubuntu: run=0 pend=0 df=839G
2026-09-18T08:40:04Z paused since 2026-09-18T08:09Z by ubuntu: run=0 pend=0 df=839G
2026-09-18T08:45:05Z paused since 2026-09-18T08:09Z by ubuntu: run=0 pend=0 df=839G
2026-09-18T08:50:06Z paused since 2026-09-18T08:09Z by ubuntu: run=0 pend=0 df=839G
2026-09-18T08:55:07Z paused since 2026-09-18T08:09Z by ubuntu: run=0 pend=0 df=839G
2026-09-18T09:00:08Z paused since 2026-09-18T08:09Z by ubuntu: run=0 pend=0 df=839G
2026-09-18T09:05:09Z paused since 2026-09-18T08:09Z by ubuntu: run=0 pend=0 df=839G
2026-09-18T09:10:10Z paused since 2026-09-18T08:09Z by ubuntu: run=0 pend=0 df=839G
2026-09-18T09:15:11Z paused since 2026-09-18T08:09Z by ubuntu: run=0 pend=0 df=839G
2026-09-18T09:20:12Z paused since 2026-09-18T08:09Z by ubuntu: run=0 pend=0 df=839G
2026-09-18T09:25:13Z paused since 2026-09-18T08:09Z by ubuntu: run=0 pend=0 df=839G
2026-09-18T09:30:14Z paused since 2026-09-18T08:09Z by ubuntu: run=0 pend=0 df=839G
2026-09-18T09:35:15Z paused since 2026-09-18T08:09Z by ubuntu: run=0 pend=0 df=839G
2026-09-18T09:40:17Z paused since 2026-09-18T08:09Z by ubuntu: run=0 pend=0 df=839G
2026-09-18T09:45:18Z paused since 2026-09-18T08:09Z by ubuntu: run=0 pend=0 df=839G
2026-09-18T09:50:19Z paused since 2026-09-18T08:09Z by ubuntu: run=0 pend=0 df=839G
2026-09-18T09:55:20Z paused since 2026-09-18T08:09Z by ubuntu: run=0 pend=0 df=839G
2026-09-18T10:00:21Z paused since 2026-09-18T08:09Z by ubuntu: run=0 pend=0 df=839G
2026-09-18T10:05:22Z paused since 2026-09-18T08:09Z by ubuntu: run=0 pend=0 df=839G
2026-09-18T10:10:23Z paused since 2026-09-18T08:09Z by ubuntu: run=0 pend=0 df=839G
2026-09-18T10:15:24Z paused since 2026-09-18T08:09Z by ubuntu: run=0 pend=0 df=839G
2026-09-18T10:20:25Z paused since 2026-09-18T08:09Z by ubuntu: run=0 pend=0 df=839G
2026-09-18T10:25:26Z paused since 2026-09-18T08:09Z by ubuntu: run=0 pend=0 df=839G
2026-09-18T10:30:27Z paused since 2026-09-18T08:09Z by ubuntu: run=0 pend=0 df=839G
2026-09-18T10:35:28Z paused since 2026-09-18T08:09Z by ubuntu: run=0 pend=0 df=839G
2026-09-18T10:40:29Z paused since 2026-09-18T08:09Z by ubuntu: run=0 pend=0 df=839G
2026-09-18T10:45:30Z paused since 2026-09-18T08:09Z by ubuntu: run=0 pend=0 df=839G
2026-09-18T10:50:31Z paused since 2026-09-18T08:09Z by ubuntu: run=0 pend=0 df=839G
2026-09-18T10:55:32Z paused since 2026-09-18T08:09Z by ubuntu: run=0 pend=0 df=839G
2026-09-18T11:00:33Z paused since 2026-09-18T08:09Z by ubuntu: run=0 pend=0 df=839G
2026-09-18T11:05:34Z paused since 2026-09-18T08:09Z by ubuntu: run=0 pend=0 df=839G
2026-09-18T11:10:36Z paused since 2026-09-18T08:09Z by ubuntu: run=0 pend=0 df=839G
2026-09-18T11:15:37Z paused since 2026-09-18T08:09Z by ubuntu: run=0 pend=0 df=839G
2026-09-18T11:20:38Z paused since 2026-09-18T08:09Z by ubuntu: run=0 pend=0 df=839G
2026-09-18T11:25:39Z paused since 2026-09-18T08:09Z by ubuntu: run=0 pend=0 df=839G
2026-09-18T11:30:40Z paused since 2026-09-18T08:09Z by ubuntu: run=0 pend=0 df=839G
2026-09-18T11:35:41Z paused since 2026-09-18T08:09Z by ubuntu: run=0 pend=0 df=839G
2026-09-18T11:40:42Z paused since 2026-09-18T08:09Z by ubuntu: run=0 pend=0 df=839G
2026-09-18T11:45:43Z paused since 2026-09-18T08:09Z by ubuntu: run=0 pend=0 df=839G
2026-09-18T11:50:44Z paused since 2026-09-18T08:09Z by ubuntu: run=0 pend=0 df=839G
2026-09-18T11:55:46Z paused since 2026-09-18T08:09Z by ubuntu: run=0 pend=0 df=839G
2026-09-18T12:00:47Z paused since 2026-09-18T08:09Z by ubuntu: run=0 pend=0 df=839G
2026-09-18T12:05:48Z paused since 2026-09-18T08:09Z by ubuntu: run=0 pend=0 df=839G
2026-09-18T12:10:49Z paused since 2026-09-18T08:09Z by ubuntu: run=0 pend=0 df=839G
2026-09-18T12:15:50Z paused since 2026-09-18T08:09Z by ubuntu: run=0 pend=0 df=839G
2026-09-18T12:20:51Z paused since 2026-09-18T08:09Z by ubuntu: run=0 pend=0 df=839G
2026-09-18T12:25:52Z paused since 2026-09-18T08:09Z by ubuntu: run=0 pend=0 df=839G
2026-09-18T12:30:53Z paused since 2026-09-18T08:09Z by ubuntu: run=0 pend=0 df=839G
2026-09-18T12:35:54Z paused since 2026-09-18T08:09Z by ubuntu: run=0 pend=0 df=839G
2026-09-18T12:40:55Z paused since 2026-09-18T08:09Z by ubuntu: run=0 pend=0 df=839G
2026-09-18T12:45:56Z paused since 2026-09-18T08:09Z by ubuntu: run=0 pend=0 df=839G
2026-09-18T12:50:57Z paused since 2026-09-18T08:09Z by ubuntu: run=0 pend=0 df=839G
2026-09-18T12:55:58Z paused since 2026-09-18T08:09Z by ubuntu: run=0 pend=0 df=839G
2026-09-18T13:01:00Z paused since 2026-09-18T08:09Z by ubuntu: run=0 pend=0 df=839G
2026-09-18T13:06:01Z paused since 2026-09-18T08:09Z by ubuntu: run=0 pend=0 df=839G
2026-09-18T13:11:02Z paused since 2026-09-18T08:09Z by ubuntu: run=0 pend=0 df=839G
2026-09-18T13:16:03Z paused since 2026-09-18T08:09Z by ubuntu: run=0 pend=0 df=839G
2026-09-18T13:21:04Z paused since 2026-09-18T08:09Z by ubuntu: run=0 pend=0 df=839G
2026-09-18T13:26:05Z paused since 2026-09-18T08:09Z by ubuntu: run=0 pend=0 df=839G
2026-09-18T13:31:06Z paused since 2026-09-18T08:09Z by ubuntu: run=0 pend=0 df=839G
2026-09-18T13:36:07Z paused since 2026-09-18T08:09Z by ubuntu: run=0 pend=0 df=839G
2026-09-18T13:41:08Z paused since 2026-09-18T08:09Z by ubuntu: run=0 pend=0 df=839G
2026-09-18T13:46:09Z paused since 2026-09-18T08:09Z by ubuntu: run=0 pend=0 df=839G
2026-09-18T13:51:10Z paused since 2026-09-18T08:09Z by ubuntu: run=0 pend=0 df=839G
2026-09-18T13:56:11Z paused since 2026-09-18T08:09Z by ubuntu: run=0 pend=0 df=839G
2026-09-18T14:01:12Z paused since 2026-09-18T08:09Z by ubuntu: run=0 pend=0 df=839G
2026-09-18T14:06:13Z paused since 2026-09-18T08:09Z by ubuntu: run=0 pend=0 df=839G
2026-09-18T14:11:14Z paused since 2026-09-18T08:09Z by ubuntu: run=0 pend=0 df=839G
2026-09-18T14:16:15Z paused since 2026-09-18T08:09Z by ubuntu: run=0 pend=0 df=839G
2026-09-18T14:21:16Z paused since 2026-09-18T08:09Z by ubuntu: run=0 pend=0 df=839G
2026-09-18T14:26:17Z paused since 2026-09-18T08:09Z by ubuntu: run=0 pend=0 df=839G
2026-09-18T14:31:18Z paused since 2026-09-18T08:09Z by ubuntu: run=0 pend=0 df=839G
2026-09-18T14:36:19Z paused since 2026-09-18T08:09Z by ubuntu: run=0 pend=0 df=839G
2026-09-18T14:41:21Z paused since 2026-09-18T08:09Z by ubuntu: run=0 pend=0 df=839G
2026-09-18T14:46:22Z paused since 2026-09-18T08:09Z by ubuntu: run=0 pend=0 df=839G
2026-09-18T14:51:23Z paused since 2026-09-18T08:09Z by ubuntu: run=0 pend=0 df=839G
2026-09-18T14:56:24Z paused since 2026-09-18T08:09Z by ubuntu: run=0 pend=0 df=839G
2026-09-18T15:01:25Z paused since 2026-09-18T08:09Z by ubuntu: run=0 pend=0 df=839G
2026-09-18T15:06:26Z paused since 2026-09-18T08:09Z by ubuntu: run=0 pend=0 df=839G
2026-09-18T15:11:27Z paused since 2026-09-18T08:09Z by ubuntu: run=0 pend=0 df=839G
2026-09-18T15:16:28Z paused since 2026-09-18T08:09Z by ubuntu: run=0 pend=0 df=839G
2026-09-18T15:21:29Z paused since 2026-09-18T08:09Z by ubuntu: run=0 pend=0 df=839G
2026-09-18T15:26:30Z paused since 2026-09-18T08:09Z by ubuntu: run=0 pend=0 df=839G
2026-09-18T15:31:31Z paused since 2026-09-18T08:09Z by ubuntu: run=0 pend=0 df=839G
2026-09-18T15:36:32Z paused since 2026-09-18T08:09Z by ubuntu: run=0 pend=0 df=839G
2026-09-18T15:41:33Z paused since 2026-09-18T08:09Z by ubuntu: run=0 pend=0 df=839G
2026-09-18T15:46:35Z paused since 2026-09-18T08:09Z by ubuntu: run=0 pend=0 df=835G
2026-09-18T15:51:36Z paused since 2026-09-18T08:09Z by ubuntu: run=0 pend=0 df=835G
2026-09-18T15:56:37Z paused since 2026-09-18T08:09Z by ubuntu: run=0 pend=0 df=835G
2026-09-18T16:01:38Z paused since 2026-09-18T08:09Z by ubuntu: run=0 pend=0 df=835G
2026-09-18T16:06:39Z paused since 2026-09-18T08:09Z by ubuntu: run=0 pend=0 df=835G
2026-09-18T16:11:40Z paused since 2026-09-18T08:09Z by ubuntu: run=0 pend=0 df=835G
2026-09-18T16:16:41Z paused since 2026-09-18T08:09Z by ubuntu: run=0 pend=0 df=835G
2026-09-18T16:21:42Z paused since 2026-09-18T08:09Z by ubuntu: run=0 pend=0 df=835G
2026-09-18T16:26:43Z paused since 2026-09-18T08:09Z by ubuntu: run=0 pend=0 df=835G
2026-09-18T16:31:44Z paused since 2026-09-18T08:09Z by ubuntu: run=0 pend=0 df=835G
2026-09-18T16:36:46Z paused since 2026-09-18T08:09Z by ubuntu: run=0 pend=0 df=835G
2026-09-18T16:41:47Z paused since 2026-09-18T08:09Z by ubuntu: run=0 pend=0 df=835G
2026-09-18T16:46:48Z paused since 2026-09-18T08:09Z by ubuntu: run=0 pend=0 df=835G
2026-09-18T16:51:49Z paused since 2026-09-18T08:09Z by ubuntu: run=0 pend=0 df=835G
2026-09-18T16:56:50Z paused since 2026-09-18T08:09Z by ubuntu: run=0 pend=0 df=835G
2026-09-18T17:01:51Z paused since 2026-09-18T08:09Z by ubuntu: run=0 pend=0 df=835G
2026-09-18T17:06:52Z paused since 2026-09-18T08:09Z by ubuntu: run=0 pend=0 df=835G
2026-09-18T17:11:53Z paused since 2026-09-18T08:09Z by ubuntu: run=0 pend=0 df=835G
2026-09-18T17:16:53Z paused since 2026-09-18T08:09Z by ubuntu: run=0 pend=0 df=835G
2026-09-18T17:21:55Z paused since 2026-09-18T08:09Z by ubuntu: run=0 pend=0 df=835G
2026-09-18T17:26:56Z paused since 2026-09-18T08:09Z by ubuntu: run=0 pend=0 df=835G
2026-09-18T17:31:58Z paused since 2026-09-18T08:09Z by ubuntu: run=0 pend=0 df=835G
2026-09-18T17:36:59Z paused since 2026-09-18T08:09Z by ubuntu: run=0 pend=0 df=835G
2026-09-18T17:42:00Z paused since 2026-09-18T08:09Z by ubuntu: run=0 pend=0 df=835G
2026-09-18T17:47:01Z paused since 2026-09-18T08:09Z by ubuntu: run=0 pend=0 df=835G
2026-09-18T17:52:02Z paused since 2026-09-18T08:09Z by ubuntu: run=0 pend=0 df=835G
2026-09-18T17:57:03Z paused since 2026-09-18T08:09Z by ubuntu: run=0 pend=0 df=835G
2026-09-18T18:02:04Z paused since 2026-09-18T08:09Z by ubuntu: run=0 pend=0 df=835G
2026-09-18T18:07:05Z paused since 2026-09-18T08:09Z by ubuntu: run=0 pend=0 df=835G
2026-09-18T18:12:06Z paused since 2026-09-18T08:09Z by ubuntu: run=0 pend=0 df=835G
2026-09-18T18:17:07Z paused since 2026-09-18T08:09Z by ubuntu: run=0 pend=0 df=835G
2026-09-18T18:22:08Z paused since 2026-09-18T08:09Z by ubuntu: run=0 pend=0 df=835G
2026-09-18T18:27:09Z paused since 2026-09-18T08:09Z by ubuntu: run=0 pend=0 df=835G
2026-09-18T18:32:10Z paused since 2026-09-18T08:09Z by ubuntu: run=0 pend=0 df=835G
2026-09-18T18:37:11Z paused since 2026-09-18T08:09Z by ubuntu: run=0 pend=0 df=835G
2026-09-18T18:42:13Z paused since 2026-09-18T08:09Z by ubuntu: run=0 pend=0 df=835G
2026-09-18T18:47:14Z paused since 2026-09-18T08:09Z by ubuntu: run=0 pend=0 df=835G
2026-09-18T18:52:15Z paused since 2026-09-18T08:09Z by ubuntu: run=0 pend=0 df=835G
2026-09-18T18:57:16Z paused since 2026-09-18T08:09Z by ubuntu: run=0 pend=0 df=835G
2026-09-18T19:02:17Z paused since 2026-09-18T08:09Z by ubuntu: run=0 pend=0 df=835G
2026-09-18T19:07:18Z paused since 2026-09-18T08:09Z by ubuntu: run=0 pend=0 df=835G
2026-09-18T19:12:19Z paused since 2026-09-18T08:09Z by ubuntu: run=0 pend=0 df=835G
2026-09-18T19:17:20Z paused since 2026-09-18T08:09Z by ubuntu: run=0 pend=0 df=835G
2026-09-18T19:22:21Z paused since 2026-09-18T08:09Z by ubuntu: run=0 pend=0 df=835G
2026-09-18T19:27:22Z paused since 2026-09-18T08:09Z by ubuntu: run=0 pend=0 df=835G
2026-09-18T19:32:24Z paused since 2026-09-18T08:09Z by ubuntu: run=0 pend=0 df=835G
2026-09-18T19:37:25Z paused since 2026-09-18T08:09Z by ubuntu: run=0 pend=0 df=835G
2026-09-18T19:42:26Z paused since 2026-09-18T08:09Z by ubuntu: run=0 pend=0 df=835G
2026-09-18T19:47:27Z paused since 2026-09-18T08:09Z by ubuntu: run=0 pend=0 df=835G
2026-09-18T19:52:28Z paused since 2026-09-18T08:09Z by ubuntu: run=0 pend=0 df=835G
2026-09-18T19:57:29Z paused since 2026-09-18T08:09Z by ubuntu: run=0 pend=0 df=835G
2026-09-18T20:02:30Z paused since 2026-09-18T08:09Z by ubuntu: run=0 pend=0 df=835G
2026-09-18T20:07:31Z paused since 2026-09-18T08:09Z by ubuntu: run=0 pend=0 df=835G
2026-09-18T20:12:32Z paused since 2026-09-18T08:09Z by ubuntu: run=0 pend=0 df=835G
2026-09-18T20:17:33Z paused since 2026-09-18T08:09Z by ubuntu: run=0 pend=0 df=835G
2026-09-18T20:22:35Z paused since 2026-09-18T08:09Z by ubuntu: run=0 pend=0 df=835G
2026-09-18T20:27:36Z paused since 2026-09-18T08:09Z by ubuntu: run=0 pend=0 df=835G
2026-09-18T20:32:37Z paused since 2026-09-18T08:09Z by ubuntu: run=0 pend=0 df=835G
2026-09-18T20:37:38Z paused since 2026-09-18T08:09Z by ubuntu: run=0 pend=0 df=835G
2026-09-18T20:42:39Z paused since 2026-09-18T08:09Z by ubuntu: run=0 pend=0 df=835G
2026-09-18T20:47:40Z paused since 2026-09-18T08:09Z by ubuntu: run=0 pend=0 df=835G
2026-09-18T20:52:41Z paused since 2026-09-18T08:09Z by ubuntu: run=0 pend=0 df=835G
2026-09-18T20:57:42Z paused since 2026-09-18T08:09Z by ubuntu: run=0 pend=0 df=835G
2026-09-18T21:02:43Z paused since 2026-09-18T08:09Z by ubuntu: run=0 pend=0 df=835G
2026-09-18T21:07:44Z paused since 2026-09-18T08:09Z by ubuntu: run=0 pend=0 df=835G
2026-09-18T21:12:45Z paused since 2026-09-18T08:09Z by ubuntu: run=0 pend=0 df=835G
2026-09-18T21:17:46Z paused since 2026-09-18T08:09Z by ubuntu: run=0 pend=0 df=835G
2026-09-18T21:22:47Z paused since 2026-09-18T08:09Z by ubuntu: run=0 pend=0 df=835G
2026-09-18T21:27:48Z paused since 2026-09-18T08:09Z by ubuntu: run=0 pend=0 df=835G
2026-09-18T21:32:49Z paused since 2026-09-18T08:09Z by ubuntu: run=0 pend=0 df=835G
2026-09-18T21:37:50Z paused since 2026-09-18T08:09Z by ubuntu: run=0 pend=0 df=835G
2026-09-18T21:42:51Z paused since 2026-09-18T08:09Z by ubuntu: run=0 pend=0 df=835G
2026-09-18T21:47:52Z paused since 2026-09-18T08:09Z by ubuntu: run=0 pend=0 df=835G
2026-09-18T21:52:53Z paused since 2026-09-18T08:09Z by ubuntu: run=0 pend=0 df=835G
2026-09-18T21:57:54Z paused since 2026-09-18T08:09Z by ubuntu: run=0 pend=0 df=835G
2026-09-18T22:02:55Z paused since 2026-09-18T08:09Z by ubuntu: run=0 pend=0 df=835G
2026-09-18T22:07:56Z paused since 2026-09-18T08:09Z by ubuntu: run=0 pend=0 df=835G
2026-09-18T22:12:57Z paused since 2026-09-18T08:09Z by ubuntu: run=0 pend=0 df=835G
2026-09-18T22:17:58Z paused since 2026-09-18T08:09Z by ubuntu: run=0 pend=0 df=835G
2026-09-18T22:22:59Z paused since 2026-09-18T08:09Z by ubuntu: run=0 pend=0 df=835G
2026-09-18T22:28:00Z paused since 2026-09-18T08:09Z by ubuntu: run=0 pend=0 df=835G
2026-09-18T22:33:01Z paused since 2026-09-18T08:09Z by ubuntu: run=0 pend=0 df=835G
2026-09-18T22:38:02Z paused since 2026-09-18T08:09Z by ubuntu: run=0 pend=0 df=835G
2026-09-18T22:43:03Z paused since 2026-09-18T08:09Z by ubuntu: run=0 pend=0 df=835G
2026-09-18T22:48:04Z paused since 2026-09-18T08:09Z by ubuntu: run=0 pend=0 df=835G
2026-09-18T22:53:05Z paused since 2026-09-18T08:09Z by ubuntu: run=0 pend=0 df=835G
2026-09-18T22:58:06Z paused since 2026-09-18T08:09Z by ubuntu: run=0 pend=0 df=835G
2026-09-18T23:03:07Z paused since 2026-09-18T08:09Z by ubuntu: run=0 pend=0 df=835G
2026-09-18T23:08:09Z paused since 2026-09-18T08:09Z by ubuntu: run=0 pend=0 df=835G
2026-09-18T23:13:10Z paused since 2026-09-18T08:09Z by ubuntu: run=0 pend=0 df=835G
2026-09-18T23:18:11Z paused since 2026-09-18T08:09Z by ubuntu: run=0 pend=0 df=835G
2026-09-18T23:23:12Z paused since 2026-09-18T08:09Z by ubuntu: run=0 pend=0 df=835G
2026-09-18T23:28:13Z paused since 2026-09-18T08:09Z by ubuntu: run=0 pend=0 df=835G
2026-09-18T23:33:14Z paused since 2026-09-18T08:09Z by ubuntu: run=0 pend=0 df=835G
2026-09-18T23:38:15Z paused since 2026-09-18T08:09Z by ubuntu: run=0 pend=0 df=835G
2026-09-18T23:43:16Z paused since 2026-09-18T08:09Z by ubuntu: run=0 pend=0 df=835G
2026-09-18T23:48:17Z paused since 2026-09-18T08:09Z by ubuntu: run=0 pend=0 df=835G
2026-09-18T23:53:18Z paused since 2026-09-18T08:09Z by ubuntu: run=0 pend=0 df=835G
2026-09-18T23:58:19Z paused since 2026-09-18T08:09Z by ubuntu: run=0 pend=0 df=835G
2026-09-19T00:03:20Z paused since 2026-09-18T08:09Z by ubuntu: run=0 pend=0 df=835G
2026-09-19T00:08:21Z paused since 2026-09-18T08:09Z by ubuntu: run=0 pend=0 df=835G
2026-09-19T00:13:23Z paused since 2026-09-18T08:09Z by ubuntu: run=0 pend=0 df=835G
2026-09-19T00:18:24Z paused since 2026-09-18T08:09Z by ubuntu: run=0 pend=0 df=835G
2026-09-19T00:23:25Z paused since 2026-09-18T08:09Z by ubuntu: run=0 pend=0 df=835G
2026-09-19T00:28:26Z paused since 2026-09-18T08:09Z by ubuntu: run=0 pend=0 df=835G
2026-09-19T00:33:27Z paused since 2026-09-18T08:09Z by ubuntu: run=0 pend=0 df=835G
2026-09-19T00:38:28Z paused since 2026-09-18T08:09Z by ubuntu: run=0 pend=0 df=835G
2026-09-19T00:43:29Z paused since 2026-09-18T08:09Z by ubuntu: run=0 pend=0 df=835G
2026-09-19T00:48:30Z paused since 2026-09-18T08:09Z by ubuntu: run=0 pend=0 df=835G
2026-09-19T00:53:31Z paused since 2026-09-18T08:09Z by ubuntu: run=0 pend=0 df=835G
2026-09-19T00:58:32Z paused since 2026-09-18T08:09Z by ubuntu: run=0 pend=0 df=835G
2026-09-19T01:03:33Z paused since 2026-09-18T08:09Z by ubuntu: run=0 pend=0 df=835G
2026-09-19T01:08:34Z paused since 2026-09-18T08:09Z by ubuntu: run=0 pend=0 df=835G
2026-09-19T01:13:35Z paused since 2026-09-18T08:09Z by ubuntu: run=0 pend=0 df=835G
2026-09-19T01:18:36Z paused since 2026-09-18T08:09Z by ubuntu: run=0 pend=0 df=835G
2026-09-19T01:23:37Z paused since 2026-09-18T08:09Z by ubuntu: run=0 pend=0 df=835G
2026-09-19T01:28:38Z paused since 2026-09-18T08:09Z by ubuntu: run=0 pend=0 df=835G
2026-09-19T01:33:39Z paused since 2026-09-18T08:09Z by ubuntu: run=0 pend=0 df=835G
2026-09-19T01:38:41Z paused since 2026-09-18T08:09Z by ubuntu: run=0 pend=0 df=835G
2026-09-19T01:43:42Z paused since 2026-09-18T08:09Z by ubuntu: run=0 pend=0 df=835G
2026-09-19T01:48:43Z paused since 2026-09-18T08:09Z by ubuntu: run=0 pend=0 df=835G
2026-09-19T01:53:44Z paused since 2026-09-18T08:09Z by ubuntu: run=0 pend=0 df=835G
2026-09-19T01:58:45Z paused since 2026-09-18T08:09Z by ubuntu: run=0 pend=0 df=835G
2026-09-19T02:03:46Z paused since 2026-09-18T08:09Z by ubuntu: run=0 pend=0 df=835G
2026-09-19T02:08:47Z paused since 2026-09-18T08:09Z by ubuntu: run=0 pend=0 df=835G
2026-09-19T02:13:48Z paused since 2026-09-18T08:09Z by ubuntu: run=0 pend=0 df=835G
2026-09-19T02:18:49Z paused since 2026-09-18T08:09Z by ubuntu: run=0 pend=0 df=835G
2026-09-19T02:23:50Z paused since 2026-09-18T08:09Z by ubuntu: run=0 pend=0 df=835G
2026-09-19T02:28:51Z paused since 2026-09-18T08:09Z by ubuntu: run=0 pend=0 df=835G
2026-09-19T02:33:52Z paused since 2026-09-18T08:09Z by ubuntu: run=0 pend=0 df=835G
2026-09-19T02:38:53Z paused since 2026-09-18T08:09Z by ubuntu: run=0 pend=0 df=835G
2026-09-19T02:43:54Z paused since 2026-09-18T08:09Z by ubuntu: run=0 pend=0 df=835G
2026-09-19T02:48:55Z paused since 2026-09-18T08:09Z by ubuntu: run=0 pend=0 df=835G
2026-09-19T02:53:56Z paused since 2026-09-18T08:09Z by ubuntu: run=0 pend=0 df=835G
2026-09-19T02:58:57Z paused since 2026-09-18T08:09Z by ubuntu: run=0 pend=0 df=835G
2026-09-19T03:03:58Z paused since 2026-09-18T08:09Z by ubuntu: run=0 pend=0 df=835G
2026-09-19T03:08:59Z paused since 2026-09-18T08:09Z by ubuntu: run=0 pend=0 df=835G
2026-09-19T03:14:00Z paused since 2026-09-18T08:09Z by ubuntu: run=0 pend=0 df=835G
2026-09-19T03:19:01Z paused since 2026-09-18T08:09Z by ubuntu: run=0 pend=0 df=835G
2026-09-19T03:24:02Z paused since 2026-09-18T08:09Z by ubuntu: run=0 pend=0 df=835G
2026-09-19T03:29:03Z paused since 2026-09-18T08:09Z by ubuntu: run=0 pend=0 df=835G
2026-09-19T03:34:04Z paused since 2026-09-18T08:09Z by ubuntu: run=0 pend=0 df=835G
2026-09-19T03:39:05Z paused since 2026-09-18T08:09Z by ubuntu: run=0 pend=0 df=835G
2026-09-19T03:44:06Z paused since 2026-09-18T08:09Z by ubuntu: run=0 pend=0 df=835G
2026-09-19T03:49:07Z paused since 2026-09-18T08:09Z by ubuntu: run=0 pend=0 df=835G
2026-09-19T03:54:08Z paused since 2026-09-18T08:09Z by ubuntu: run=0 pend=0 df=835G
2026-09-19T03:59:10Z paused since 2026-09-18T08:09Z by ubuntu: run=0 pend=0 df=835G
2026-09-19T04:04:11Z paused since 2026-09-18T08:09Z by ubuntu: run=0 pend=0 df=835G
2026-09-19T04:09:12Z paused since 2026-09-18T08:09Z by ubuntu: run=0 pend=0 df=835G
2026-09-19T04:14:13Z paused since 2026-09-18T08:09Z by ubuntu: run=0 pend=0 df=835G
2026-09-19T04:19:14Z paused since 2026-09-18T08:09Z by ubuntu: run=0 pend=0 df=835G
2026-09-19T04:24:15Z paused since 2026-09-18T08:09Z by ubuntu: run=0 pend=0 df=835G
2026-09-19T04:29:16Z paused since 2026-09-18T08:09Z by ubuntu: run=0 pend=0 df=835G
2026-09-19T04:34:17Z paused since 2026-09-18T08:09Z by ubuntu: run=0 pend=0 df=835G
2026-09-19T04:39:18Z paused since 2026-09-18T08:09Z by ubuntu: run=0 pend=0 df=835G
2026-09-19T04:44:19Z paused since 2026-09-18T08:09Z by ubuntu: run=0 pend=0 df=835G
2026-09-19T04:49:20Z paused since 2026-09-18T08:09Z by ubuntu: run=0 pend=0 df=835G
2026-09-19T04:54:22Z paused since 2026-09-18T08:09Z by ubuntu: run=0 pend=0 df=835G
2026-09-19T04:59:23Z paused since 2026-09-18T08:09Z by ubuntu: run=0 pend=0 df=835G
2026-09-19T05:04:24Z paused since 2026-09-18T08:09Z by ubuntu: run=0 pend=0 df=835G
2026-09-19T05:09:25Z paused since 2026-09-18T08:09Z by ubuntu: run=0 pend=0 df=835G
2026-09-19T05:14:26Z paused since 2026-09-18T08:09Z by ubuntu: run=0 pend=0 df=835G
2026-09-19T05:19:27Z paused since 2026-09-18T08:09Z by ubuntu: run=0 pend=0 df=835G
2026-09-19T05:24:28Z paused since 2026-09-18T08:09Z by ubuntu: run=0 pend=0 df=835G
2026-09-19T05:29:30Z paused since 2026-09-18T08:09Z by ubuntu: run=0 pend=0 df=834G
2026-09-19T05:34:31Z paused since 2026-09-18T08:09Z by ubuntu: run=0 pend=0 df=834G
2026-09-19T05:39:32Z paused since 2026-09-18T08:09Z by ubuntu: run=0 pend=0 df=834G
2026-09-19T05:44:33Z paused since 2026-09-18T08:09Z by ubuntu: run=0 pend=0 df=834G
2026-09-19T05:49:34Z paused since 2026-09-18T08:09Z by ubuntu: run=0 pend=0 df=834G
2026-09-19T05:54:35Z paused since 2026-09-18T08:09Z by ubuntu: run=0 pend=0 df=834G
2026-09-19T05:59:36Z paused since 2026-09-18T08:09Z by ubuntu: run=0 pend=0 df=834G
2026-09-19T06:04:37Z paused since 2026-09-18T08:09Z by ubuntu: run=0 pend=0 df=834G
2026-09-19T06:09:38Z paused since 2026-09-18T08:09Z by ubuntu: run=0 pend=0 df=834G
2026-09-19T06:14:39Z paused since 2026-09-18T08:09Z by ubuntu: run=0 pend=0 df=834G
2026-09-19T06:19:40Z paused since 2026-09-18T08:09Z by ubuntu: run=0 pend=0 df=834G
2026-09-19T06:24:41Z paused since 2026-09-18T08:09Z by ubuntu: run=0 pend=0 df=834G
2026-09-19T06:29:42Z paused since 2026-09-18T08:09Z by ubuntu: run=0 pend=0 df=834G
2026-09-19T06:34:43Z paused since 2026-09-18T08:09Z by ubuntu: run=0 pend=0 df=834G
2026-09-19T06:39:44Z paused since 2026-09-18T08:09Z by ubuntu: run=0 pend=0 df=834G
2026-09-19T06:44:45Z paused since 2026-09-18T08:09Z by ubuntu: run=0 pend=0 df=834G
2026-09-19T06:49:46Z paused since 2026-09-18T08:09Z by ubuntu: run=0 pend=0 df=834G
2026-09-19T06:54:47Z paused since 2026-09-18T08:09Z by ubuntu: run=0 pend=0 df=834G
2026-09-19T06:59:48Z paused since 2026-09-18T08:09Z by ubuntu: run=0 pend=0 df=834G
2026-09-19T07:04:49Z paused since 2026-09-18T08:09Z by ubuntu: run=0 pend=0 df=834G
2026-09-19T07:09:50Z paused since 2026-09-18T08:09Z by ubuntu: run=0 pend=0 df=834G
2026-09-19T07:14:51Z paused since 2026-09-18T08:09Z by ubuntu: run=0 pend=0 df=834G
2026-09-19T07:19:52Z paused since 2026-09-18T08:09Z by ubuntu: run=0 pend=0 df=834G
2026-09-19T07:24:53Z paused since 2026-09-18T08:09Z by ubuntu: run=0 pend=0 df=834G
2026-09-19T07:29:54Z paused since 2026-09-18T08:09Z by ubuntu: run=0 pend=0 df=834G
2026-09-19T07:34:55Z paused since 2026-09-18T08:09Z by ubuntu: run=0 pend=0 df=834G
2026-09-19T07:39:56Z paused since 2026-09-18T08:09Z by ubuntu: run=0 pend=0 df=834G
2026-09-19T07:44:57Z paused since 2026-09-18T08:09Z by ubuntu: run=0 pend=0 df=834G
2026-09-19T07:49:58Z paused since 2026-09-18T08:09Z by ubuntu: run=0 pend=0 df=834G
2026-09-19T07:54:59Z paused since 2026-09-18T08:09Z by ubuntu: run=0 pend=0 df=834G
2026-09-19T08:00:00Z paused since 2026-09-18T08:09Z by ubuntu: run=0 pend=0 df=834G
2026-09-19T08:05:01Z paused since 2026-09-18T08:09Z by ubuntu: run=0 pend=0 df=834G
2026-09-19T08:10:02Z paused since 2026-09-18T08:09Z by ubuntu: run=0 pend=0 df=834G
2026-09-19T08:15:03Z paused since 2026-09-18T08:09Z by ubuntu: run=0 pend=0 df=834G
2026-09-19T08:20:04Z paused since 2026-09-18T08:09Z by ubuntu: run=0 pend=0 df=834G
2026-09-19T08:25:05Z paused since 2026-09-18T08:09Z by ubuntu: run=0 pend=0 df=834G
2026-09-19T08:30:06Z paused since 2026-09-18T08:09Z by ubuntu: run=0 pend=0 df=834G
2026-09-19T08:35:07Z paused since 2026-09-18T08:09Z by ubuntu: run=0 pend=0 df=834G
2026-09-19T08:40:08Z paused since 2026-09-18T08:09Z by ubuntu: run=0 pend=0 df=834G
2026-09-19T08:45:09Z paused since 2026-09-18T08:09Z by ubuntu: run=0 pend=0 df=834G
2026-09-19T08:50:10Z paused since 2026-09-18T08:09Z by ubuntu: run=0 pend=0 df=834G
2026-09-19T08:55:11Z paused since 2026-09-18T08:09Z by ubuntu: run=0 pend=0 df=834G
2026-09-19T09:00:12Z paused since 2026-09-18T08:09Z by ubuntu: run=0 pend=0 df=834G
2026-09-19T09:05:13Z paused since 2026-09-18T08:09Z by ubuntu: run=0 pend=0 df=834G
2026-09-19T09:10:14Z paused since 2026-09-18T08:09Z by ubuntu: run=0 pend=0 df=834G
2026-09-19T09:15:15Z paused since 2026-09-18T08:09Z by ubuntu: run=0 pend=0 df=834G
2026-09-19T09:20:16Z paused since 2026-09-18T08:09Z by ubuntu: run=0 pend=0 df=834G
2026-09-19T09:25:17Z paused since 2026-09-18T08:09Z by ubuntu: run=0 pend=0 df=834G
2026-09-19T09:30:18Z paused since 2026-09-18T08:09Z by ubuntu: run=0 pend=0 df=834G
2026-09-19T09:35:19Z paused since 2026-09-18T08:09Z by ubuntu: run=0 pend=0 df=834G
2026-09-19T09:40:20Z paused since 2026-09-18T08:09Z by ubuntu: run=0 pend=0 df=834G
2026-09-19T09:45:21Z paused since 2026-09-18T08:09Z by ubuntu: run=0 pend=0 df=834G
2026-09-19T09:50:22Z paused since 2026-09-18T08:09Z by ubuntu: run=0 pend=0 df=834G
2026-09-19T09:55:23Z paused since 2026-09-18T08:09Z by ubuntu: run=0 pend=0 df=834G
2026-09-19T10:00:24Z paused since 2026-09-18T08:09Z by ubuntu: run=0 pend=0 df=834G
2026-09-19T10:05:25Z paused since 2026-09-18T08:09Z by ubuntu: run=0 pend=0 df=834G
2026-09-19T10:10:27Z paused since 2026-09-18T08:09Z by ubuntu: run=0 pend=0 df=834G
2026-09-19T10:15:28Z paused since 2026-09-18T08:09Z by ubuntu: run=0 pend=0 df=834G
2026-09-19T10:20:29Z paused since 2026-09-18T08:09Z by ubuntu: run=0 pend=0 df=834G
2026-09-19T10:25:30Z paused since 2026-09-18T08:09Z by ubuntu: run=0 pend=0 df=834G
2026-09-19T10:30:31Z paused since 2026-09-18T08:09Z by ubuntu: run=0 pend=0 df=834G
2026-09-19T10:35:32Z paused since 2026-09-18T08:09Z by ubuntu: run=0 pend=0 df=834G
2026-09-19T10:40:33Z paused since 2026-09-18T08:09Z by ubuntu: run=0 pend=0 df=834G
2026-09-19T10:45:34Z paused since 2026-09-18T08:09Z by ubuntu: run=0 pend=0 df=834G
2026-09-19T10:50:35Z paused since 2026-09-18T08:09Z by ubuntu: run=0 pend=0 df=834G
2026-09-19T10:55:36Z paused since 2026-09-18T08:09Z by ubuntu: run=0 pend=0 df=834G
2026-09-19T11:00:37Z paused since 2026-09-18T08:09Z by ubuntu: run=0 pend=0 df=834G
2026-09-19T11:05:38Z paused since 2026-09-18T08:09Z by ubuntu: run=0 pend=0 df=834G
2026-09-19T11:10:39Z paused since 2026-09-18T08:09Z by ubuntu: run=0 pend=0 df=834G
2026-09-19T11:15:40Z paused since 2026-09-18T08:09Z by ubuntu: run=0 pend=0 df=834G
2026-09-19T11:20:41Z paused since 2026-09-18T08:09Z by ubuntu: run=0 pend=0 df=834G
2026-09-19T11:25:42Z paused since 2026-09-18T08:09Z by ubuntu: run=0 pend=0 df=834G
2026-09-19T11:30:43Z paused since 2026-09-18T08:09Z by ubuntu: run=0 pend=0 df=834G
2026-09-19T11:35:44Z paused since 2026-09-18T08:09Z by ubuntu: run=0 pend=0 df=834G
2026-09-19T11:40:45Z paused since 2026-09-18T08:09Z by ubuntu: run=0 pend=0 df=834G
2026-09-19T11:45:46Z paused since 2026-09-18T08:09Z by ubuntu: run=0 pend=0 df=834G
2026-09-19T11:50:47Z paused since 2026-09-18T08:09Z by ubuntu: run=0 pend=0 df=834G
2026-09-19T11:55:48Z paused since 2026-09-18T08:09Z by ubuntu: run=0 pend=0 df=834G
2026-09-19T12:00:49Z paused since 2026-09-18T08:09Z by ubuntu: run=0 pend=0 df=834G
2026-09-19T12:05:50Z paused since 2026-09-18T08:09Z by ubuntu: run=0 pend=0 df=834G
2026-09-19T12:10:51Z paused since 2026-09-18T08:09Z by ubuntu: run=0 pend=0 df=834G
2026-09-19T12:15:52Z paused since 2026-09-18T08:09Z by ubuntu: run=0 pend=0 df=834G
2026-09-19T12:20:53Z paused since 2026-09-18T08:09Z by ubuntu: run=0 pend=0 df=834G
2026-09-19T12:25:55Z paused since 2026-09-18T08:09Z by ubuntu: run=0 pend=0 df=834G
2026-09-19T12:30:55Z paused since 2026-09-18T08:09Z by ubuntu: run=0 pend=0 df=834G
2026-09-19T12:35:57Z paused since 2026-09-18T08:09Z by ubuntu: run=0 pend=0 df=834G
2026-09-19T12:40:58Z paused since 2026-09-18T08:09Z by ubuntu: run=0 pend=0 df=834G
2026-09-19T12:45:59Z paused since 2026-09-18T08:09Z by ubuntu: run=0 pend=0 df=834G
2026-09-19T12:51:00Z paused since 2026-09-18T08:09Z by ubuntu: run=0 pend=0 df=834G
2026-09-19T12:56:01Z paused since 2026-09-18T08:09Z by ubuntu: run=0 pend=0 df=834G
2026-09-19T13:01:02Z paused since 2026-09-18T08:09Z by ubuntu: run=0 pend=0 df=834G
2026-09-19T13:06:03Z paused since 2026-09-18T08:09Z by ubuntu: run=0 pend=0 df=834G
2026-09-19T13:11:04Z paused since 2026-09-18T08:09Z by ubuntu: run=0 pend=0 df=834G
2026-09-19T13:16:05Z paused since 2026-09-18T08:09Z by ubuntu: run=0 pend=0 df=834G
2026-09-19T13:21:06Z paused since 2026-09-18T08:09Z by ubuntu: run=0 pend=0 df=834G
2026-09-19T13:26:07Z paused since 2026-09-18T08:09Z by ubuntu: run=0 pend=0 df=834G
2026-09-19T13:31:08Z paused since 2026-09-18T08:09Z by ubuntu: run=0 pend=0 df=834G
2026-09-19T13:36:09Z paused since 2026-09-18T08:09Z by ubuntu: run=0 pend=0 df=834G
2026-09-19T13:41:10Z paused since 2026-09-18T08:09Z by ubuntu: run=0 pend=0 df=834G
2026-09-19T13:46:11Z paused since 2026-09-18T08:09Z by ubuntu: run=0 pend=0 df=834G
2026-09-19T13:51:12Z paused since 2026-09-18T08:09Z by ubuntu: run=0 pend=0 df=834G
2026-09-19T13:56:13Z paused since 2026-09-18T08:09Z by ubuntu: run=0 pend=0 df=834G
2026-09-19T14:01:14Z paused since 2026-09-18T08:09Z by ubuntu: run=0 pend=0 df=834G
2026-09-19T14:06:15Z paused since 2026-09-18T08:09Z by ubuntu: run=0 pend=0 df=834G
2026-09-19T14:11:16Z paused since 2026-09-18T08:09Z by ubuntu: run=0 pend=0 df=834G
2026-09-19T14:16:17Z paused since 2026-09-18T08:09Z by ubuntu: run=0 pend=0 df=834G
2026-09-19T14:21:18Z paused since 2026-09-18T08:09Z by ubuntu: run=0 pend=0 df=834G
2026-09-19T14:26:19Z paused since 2026-09-18T08:09Z by ubuntu: run=0 pend=0 df=834G
2026-09-19T14:31:20Z paused since 2026-09-18T08:09Z by ubuntu: run=0 pend=0 df=834G
2026-09-19T14:36:21Z paused since 2026-09-18T08:09Z by ubuntu: run=0 pend=0 df=834G
2026-09-19T14:41:22Z paused since 2026-09-18T08:09Z by ubuntu: run=0 pend=0 df=834G
2026-09-19T14:46:24Z paused since 2026-09-18T08:09Z by ubuntu: run=0 pend=0 df=834G
2026-09-19T14:51:25Z paused since 2026-09-18T08:09Z by ubuntu: run=0 pend=0 df=834G
2026-09-19T14:56:26Z paused since 2026-09-18T08:09Z by ubuntu: run=0 pend=0 df=834G
2026-09-19T15:01:27Z paused since 2026-09-18T08:09Z by ubuntu: run=0 pend=0 df=834G
2026-09-19T15:06:28Z paused since 2026-09-18T08:09Z by ubuntu: run=0 pend=0 df=834G
2026-09-19T15:11:29Z paused since 2026-09-18T08:09Z by ubuntu: run=0 pend=0 df=834G
2026-09-19T15:16:30Z paused since 2026-09-18T08:09Z by ubuntu: run=0 pend=0 df=834G
2026-09-19T15:21:31Z paused since 2026-09-18T08:09Z by ubuntu: run=0 pend=0 df=834G
2026-09-19T15:26:32Z paused since 2026-09-18T08:09Z by ubuntu: run=0 pend=0 df=834G
2026-09-19T15:31:33Z paused since 2026-09-18T08:09Z by ubuntu: run=0 pend=0 df=834G
2026-09-19T15:36:34Z paused since 2026-09-18T08:09Z by ubuntu: run=0 pend=0 df=834G
2026-09-19T15:41:35Z paused since 2026-09-18T08:09Z by ubuntu: run=0 pend=0 df=834G
2026-09-19T15:46:36Z paused since 2026-09-18T08:09Z by ubuntu: run=0 pend=0 df=834G
2026-09-19T15:51:37Z paused since 2026-09-18T08:09Z by ubuntu: run=0 pend=0 df=834G
2026-09-19T15:56:39Z paused since 2026-09-18T08:09Z by ubuntu: run=0 pend=0 df=835G
2026-09-19T16:01:40Z paused since 2026-09-18T08:09Z by ubuntu: run=0 pend=0 df=835G
2026-09-19T16:06:41Z paused since 2026-09-18T08:09Z by ubuntu: run=0 pend=0 df=835G
2026-09-19T16:11:42Z paused since 2026-09-18T08:09Z by ubuntu: run=0 pend=0 df=835G
2026-09-19T16:16:43Z paused since 2026-09-18T08:09Z by ubuntu: run=0 pend=0 df=835G
2026-09-19T16:21:44Z paused since 2026-09-18T08:09Z by ubuntu: run=0 pend=0 df=835G
2026-09-19T16:26:45Z paused since 2026-09-18T08:09Z by ubuntu: run=0 pend=0 df=835G
2026-09-19T16:31:46Z paused since 2026-09-18T08:09Z by ubuntu: run=0 pend=0 df=835G
2026-09-19T16:36:47Z paused since 2026-09-18T08:09Z by ubuntu: run=0 pend=0 df=835G
2026-09-19T16:41:48Z paused since 2026-09-18T08:09Z by ubuntu: run=0 pend=0 df=835G
2026-09-19T16:46:49Z paused since 2026-09-18T08:09Z by ubuntu: run=0 pend=0 df=835G
2026-09-19T16:51:50Z paused since 2026-09-18T08:09Z by ubuntu: run=0 pend=0 df=835G
2026-09-19T16:56:51Z paused since 2026-09-18T08:09Z by ubuntu: run=0 pend=0 df=835G
2026-09-19T17:01:52Z paused since 2026-09-18T08:09Z by ubuntu: run=0 pend=0 df=835G
2026-09-19T17:06:53Z paused since 2026-09-18T08:09Z by ubuntu: run=0 pend=0 df=835G
2026-09-19T17:11:54Z paused since 2026-09-18T08:09Z by ubuntu: run=0 pend=0 df=835G
2026-09-19T17:16:55Z paused since 2026-09-18T08:09Z by ubuntu: run=0 pend=0 df=835G
2026-09-19T17:21:56Z paused since 2026-09-18T08:09Z by ubuntu: run=0 pend=0 df=835G
2026-09-19T17:26:57Z paused since 2026-09-18T08:09Z by ubuntu: run=0 pend=0 df=835G
2026-09-19T17:31:58Z paused since 2026-09-18T08:09Z by ubuntu: run=0 pend=0 df=835G
2026-09-19T17:36:59Z paused since 2026-09-18T08:09Z by ubuntu: run=0 pend=0 df=835G
2026-09-19T17:42:00Z paused since 2026-09-18T08:09Z by ubuntu: run=0 pend=0 df=835G
2026-09-19T17:47:01Z paused since 2026-09-18T08:09Z by ubuntu: run=0 pend=0 df=835G
2026-09-19T17:52:02Z paused since 2026-09-18T08:09Z by ubuntu: run=0 pend=0 df=835G
2026-09-19T17:57:03Z paused since 2026-09-18T08:09Z by ubuntu: run=0 pend=0 df=835G
2026-09-19T18:02:04Z paused since 2026-09-18T08:09Z by ubuntu: run=0 pend=0 df=835G
2026-09-19T18:07:05Z paused since 2026-09-18T08:09Z by ubuntu: run=0 pend=0 df=835G
2026-09-19T18:12:06Z paused since 2026-09-18T08:09Z by ubuntu: run=0 pend=0 df=835G
2026-09-19T18:17:07Z paused since 2026-09-18T08:09Z by ubuntu: run=0 pend=0 df=835G
2026-09-19T18:22:08Z paused since 2026-09-18T08:09Z by ubuntu: run=0 pend=0 df=835G
2026-09-19T18:27:09Z paused since 2026-09-18T08:09Z by ubuntu: run=0 pend=0 df=835G
2026-09-19T18:32:10Z paused since 2026-09-18T08:09Z by ubuntu: run=0 pend=0 df=835G
2026-09-19T18:37:11Z paused since 2026-09-18T08:09Z by ubuntu: run=0 pend=0 df=835G
2026-09-19T18:42:12Z paused since 2026-09-18T08:09Z by ubuntu: run=0 pend=0 df=835G
2026-09-19T18:47:13Z paused since 2026-09-18T08:09Z by ubuntu: run=0 pend=0 df=835G
2026-09-19T18:52:14Z paused since 2026-09-18T08:09Z by ubuntu: run=0 pend=0 df=835G
2026-09-19T18:57:15Z paused since 2026-09-18T08:09Z by ubuntu: run=0 pend=0 df=835G
2026-09-19T19:02:16Z paused since 2026-09-18T08:09Z by ubuntu: run=0 pend=0 df=835G
2026-09-19T19:07:17Z paused since 2026-09-18T08:09Z by ubuntu: run=0 pend=0 df=835G
2026-09-19T19:12:18Z paused since 2026-09-18T08:09Z by ubuntu: run=0 pend=0 df=835G
2026-09-19T19:17:19Z paused since 2026-09-18T08:09Z by ubuntu: run=0 pend=0 df=835G
2026-09-19T19:22:20Z paused since 2026-09-18T08:09Z by ubuntu: run=0 pend=0 df=835G
2026-09-19T19:27:21Z paused since 2026-09-18T08:09Z by ubuntu: run=0 pend=0 df=835G
2026-09-19T19:32:22Z paused since 2026-09-18T08:09Z by ubuntu: run=0 pend=0 df=835G
2026-09-19T19:37:23Z paused since 2026-09-18T08:09Z by ubuntu: run=0 pend=0 df=835G
2026-09-19T19:42:24Z paused since 2026-09-18T08:09Z by ubuntu: run=0 pend=0 df=835G
2026-09-19T19:47:25Z paused since 2026-09-18T08:09Z by ubuntu: run=0 pend=0 df=835G
2026-09-19T19:52:26Z paused since 2026-09-18T08:09Z by ubuntu: run=0 pend=0 df=835G
2026-09-19T19:57:28Z paused since 2026-09-18T08:09Z by ubuntu: run=0 pend=0 df=835G
2026-09-19T20:02:29Z paused since 2026-09-18T08:09Z by ubuntu: run=0 pend=0 df=835G
2026-09-19T20:07:30Z paused since 2026-09-18T08:09Z by ubuntu: run=0 pend=0 df=835G
2026-09-19T20:12:31Z paused since 2026-09-18T08:09Z by ubuntu: run=0 pend=0 df=835G
2026-09-19T20:17:32Z paused since 2026-09-18T08:09Z by ubuntu: run=0 pend=0 df=835G
2026-09-19T20:22:33Z paused since 2026-09-18T08:09Z by ubuntu: run=0 pend=0 df=835G
2026-09-19T20:27:34Z paused since 2026-09-18T08:09Z by ubuntu: run=0 pend=0 df=835G
2026-09-19T20:32:35Z paused since 2026-09-18T08:09Z by ubuntu: run=0 pend=0 df=835G
2026-09-19T20:37:36Z paused since 2026-09-18T08:09Z by ubuntu: run=0 pend=0 df=835G
2026-09-19T20:42:37Z paused since 2026-09-18T08:09Z by ubuntu: run=0 pend=0 df=835G
2026-09-19T20:47:38Z paused since 2026-09-18T08:09Z by ubuntu: run=0 pend=0 df=835G
2026-09-19T20:52:39Z paused since 2026-09-18T08:09Z by ubuntu: run=0 pend=0 df=835G
2026-09-19T20:57:40Z paused since 2026-09-18T08:09Z by ubuntu: run=0 pend=0 df=835G
2026-09-19T21:02:41Z paused since 2026-09-18T08:09Z by ubuntu: run=0 pend=0 df=835G
2026-09-19T21:07:42Z paused since 2026-09-18T08:09Z by ubuntu: run=0 pend=0 df=835G
2026-09-19T21:12:43Z paused since 2026-09-18T08:09Z by ubuntu: run=0 pend=0 df=835G
2026-09-19T21:17:44Z paused since 2026-09-18T08:09Z by ubuntu: run=0 pend=0 df=835G
2026-09-19T21:22:45Z paused since 2026-09-18T08:09Z by ubuntu: run=0 pend=0 df=835G
2026-09-19T21:27:46Z paused since 2026-09-18T08:09Z by ubuntu: run=0 pend=0 df=835G
2026-09-19T21:32:47Z paused since 2026-09-18T08:09Z by ubuntu: run=0 pend=0 df=835G
2026-09-19T21:37:48Z paused since 2026-09-18T08:09Z by ubuntu: run=0 pend=0 df=835G
2026-09-19T21:42:49Z paused since 2026-09-18T08:09Z by ubuntu: run=0 pend=0 df=835G
2026-09-19T21:47:50Z paused since 2026-09-18T08:09Z by ubuntu: run=0 pend=0 df=835G
2026-09-19T21:52:51Z paused since 2026-09-18T08:09Z by ubuntu: run=0 pend=0 df=835G
2026-09-19T21:57:52Z paused since 2026-09-18T08:09Z by ubuntu: run=0 pend=0 df=835G
2026-09-19T22:02:52Z paused since 2026-09-18T08:09Z by ubuntu: run=0 pend=0 df=835G
2026-09-19T22:07:53Z paused since 2026-09-18T08:09Z by ubuntu: run=0 pend=0 df=835G
2026-09-19T22:12:54Z paused since 2026-09-18T08:09Z by ubuntu: run=0 pend=0 df=835G
2026-09-19T22:17:55Z paused since 2026-09-18T08:09Z by ubuntu: run=0 pend=0 df=835G
2026-09-19T22:22:56Z paused since 2026-09-18T08:09Z by ubuntu: run=0 pend=0 df=835G
2026-09-19T22:27:57Z paused since 2026-09-18T08:09Z by ubuntu: run=0 pend=0 df=835G
2026-09-19T22:32:58Z paused since 2026-09-18T08:09Z by ubuntu: run=0 pend=0 df=835G
2026-09-19T22:37:59Z paused since 2026-09-18T08:09Z by ubuntu: run=0 pend=0 df=835G
2026-09-19T22:43:00Z paused since 2026-09-18T08:09Z by ubuntu: run=0 pend=0 df=835G
2026-09-19T22:48:01Z paused since 2026-09-18T08:09Z by ubuntu: run=0 pend=0 df=835G
2026-09-19T22:53:02Z paused since 2026-09-18T08:09Z by ubuntu: run=0 pend=0 df=835G
2026-09-19T22:58:03Z paused since 2026-09-18T08:09Z by ubuntu: run=0 pend=0 df=835G
2026-09-19T23:03:04Z paused since 2026-09-18T08:09Z by ubuntu: run=0 pend=0 df=835G
2026-09-19T23:08:05Z paused since 2026-09-18T08:09Z by ubuntu: run=0 pend=0 df=835G
2026-09-19T23:13:06Z paused since 2026-09-18T08:09Z by ubuntu: run=0 pend=0 df=835G
2026-09-19T23:18:07Z paused since 2026-09-18T08:09Z by ubuntu: run=0 pend=0 df=835G
2026-09-19T23:23:08Z paused since 2026-09-18T08:09Z by ubuntu: run=0 pend=0 df=835G
2026-09-19T23:28:09Z paused since 2026-09-18T08:09Z by ubuntu: run=0 pend=0 df=835G
2026-09-19T23:33:10Z paused since 2026-09-18T08:09Z by ubuntu: run=0 pend=0 df=835G
2026-09-19T23:38:11Z paused since 2026-09-18T08:09Z by ubuntu: run=0 pend=0 df=835G
2026-09-19T23:43:12Z paused since 2026-09-18T08:09Z by ubuntu: run=0 pend=0 df=835G
2026-09-19T23:48:12Z paused since 2026-09-18T08:09Z by ubuntu: run=0 pend=0 df=835G
2026-09-19T23:53:13Z paused since 2026-09-18T08:09Z by ubuntu: run=0 pend=0 df=835G
2026-09-19T23:58:14Z paused since 2026-09-18T08:09Z by ubuntu: run=0 pend=0 df=835G
2026-09-20T00:03:15Z paused since 2026-09-18T08:09Z by ubuntu: run=0 pend=0 df=835G
2026-09-20T00:08:16Z paused since 2026-09-18T08:09Z by ubuntu: run=0 pend=0 df=835G
2026-09-20T00:13:17Z paused since 2026-09-18T08:09Z by ubuntu: run=0 pend=0 df=835G
2026-09-20T00:18:18Z paused since 2026-09-18T08:09Z by ubuntu: run=0 pend=0 df=835G
2026-09-20T00:23:19Z paused since 2026-09-18T08:09Z by ubuntu: run=0 pend=0 df=835G
2026-09-20T00:28:20Z paused since 2026-09-18T08:09Z by ubuntu: run=0 pend=0 df=835G
2026-09-20T00:33:21Z paused since 2026-09-18T08:09Z by ubuntu: run=0 pend=0 df=835G
2026-09-20T00:38:23Z paused since 2026-09-18T08:09Z by ubuntu: run=0 pend=0 df=835G
2026-09-20T00:43:23Z paused since 2026-09-18T08:09Z by ubuntu: run=0 pend=0 df=835G
2026-09-20T00:48:24Z paused since 2026-09-18T08:09Z by ubuntu: run=0 pend=0 df=833G
2026-09-20T00:53:25Z paused since 2026-09-18T08:09Z by ubuntu: run=0 pend=0 df=829G
2026-09-20T00:58:27Z paused since 2026-09-18T08:09Z by ubuntu: run=0 pend=0 df=827G
2026-09-20T01:03:28Z paused since 2026-09-18T08:09Z by ubuntu: run=0 pend=0 df=827G
2026-09-20T01:08:29Z paused since 2026-09-18T08:09Z by ubuntu: run=0 pend=0 df=825G
2026-09-20T01:13:30Z paused since 2026-09-18T08:09Z by ubuntu: run=0 pend=0 df=823G
2026-09-20T01:18:31Z paused since 2026-09-18T08:09Z by ubuntu: run=0 pend=0 df=823G
2026-09-20T01:23:32Z paused since 2026-09-18T08:09Z by ubuntu: run=0 pend=0 df=819G
2026-09-20T01:28:33Z paused since 2026-09-18T08:09Z by ubuntu: run=0 pend=0 df=819G
2026-09-20T01:33:34Z paused since 2026-09-18T08:09Z by ubuntu: run=0 pend=0 df=819G
2026-09-20T01:38:35Z paused since 2026-09-18T08:09Z by ubuntu: run=0 pend=0 df=816G
2026-09-20T01:43:36Z paused since 2026-09-18T08:09Z by ubuntu: run=0 pend=0 df=816G
2026-09-20T01:48:37Z paused since 2026-09-18T08:09Z by ubuntu: run=0 pend=0 df=816G
2026-09-20T01:53:38Z paused since 2026-09-18T08:09Z by ubuntu: run=0 pend=0 df=812G
2026-09-20T01:58:39Z paused since 2026-09-18T08:09Z by ubuntu: run=0 pend=0 df=812G
2026-09-20T02:03:40Z paused since 2026-09-18T08:09Z by ubuntu: run=0 pend=0 df=810G
2026-09-20T02:08:41Z paused since 2026-09-18T08:09Z by ubuntu: run=0 pend=0 df=808G
2026-09-20T02:13:42Z paused since 2026-09-18T08:09Z by ubuntu: run=0 pend=0 df=808G
2026-09-20T02:18:43Z paused since 2026-09-18T08:09Z by ubuntu: run=0 pend=0 df=806G
2026-09-20T02:23:44Z paused since 2026-09-18T08:09Z by ubuntu: run=0 pend=0 df=800G
2026-09-20T02:28:45Z paused since 2026-09-18T08:09Z by ubuntu: run=0 pend=0 df=800G
2026-09-20T02:33:46Z paused since 2026-09-18T08:09Z by ubuntu: run=0 pend=0 df=800G
2026-09-20T02:38:47Z paused since 2026-09-18T08:09Z by ubuntu: run=0 pend=0 df=799G
2026-09-20T02:43:48Z paused since 2026-09-18T08:09Z by ubuntu: run=0 pend=0 df=799G
2026-09-20T02:48:50Z paused since 2026-09-18T08:09Z by ubuntu: run=0 pend=0 df=795G
2026-09-20T02:53:51Z paused since 2026-09-18T08:09Z by ubuntu: run=0 pend=0 df=795G
2026-09-20T02:58:52Z paused since 2026-09-18T08:09Z by ubuntu: run=0 pend=0 df=795G
2026-09-20T03:03:53Z paused since 2026-09-18T08:09Z by ubuntu: run=0 pend=0 df=795G
2026-09-20T03:08:53Z paused since 2026-09-18T08:09Z by ubuntu: run=0 pend=0 df=795G
2026-09-20T03:13:54Z paused since 2026-09-18T08:09Z by ubuntu: run=0 pend=0 df=795G
2026-09-20T03:18:55Z paused since 2026-09-18T08:09Z by ubuntu: run=0 pend=0 df=794G
2026-09-20T03:23:57Z paused since 2026-09-18T08:09Z by ubuntu: run=0 pend=0 df=794G
2026-09-20T03:28:58Z paused since 2026-09-18T08:09Z by ubuntu: run=0 pend=0 df=794G
2026-09-20T03:33:59Z paused since 2026-09-18T08:09Z by ubuntu: run=0 pend=0 df=794G
2026-09-20T03:39:00Z paused since 2026-09-18T08:09Z by ubuntu: run=0 pend=0 df=794G
2026-09-20T03:44:01Z paused since 2026-09-18T08:09Z by ubuntu: run=0 pend=0 df=794G
2026-09-20T03:49:02Z paused since 2026-09-18T08:09Z by ubuntu: run=0 pend=0 df=794G
2026-09-20T03:54:03Z paused since 2026-09-18T08:09Z by ubuntu: run=0 pend=0 df=794G
2026-09-20T03:59:04Z paused since 2026-09-18T08:09Z by ubuntu: run=0 pend=0 df=794G
2026-09-20T04:04:05Z paused since 2026-09-18T08:09Z by ubuntu: run=0 pend=0 df=794G
2026-09-20T04:09:06Z paused since 2026-09-18T08:09Z by ubuntu: run=0 pend=0 df=794G
2026-09-20T04:14:07Z paused since 2026-09-18T08:09Z by ubuntu: run=0 pend=0 df=794G
2026-09-20T04:19:08Z paused since 2026-09-18T08:09Z by ubuntu: run=0 pend=0 df=794G
2026-09-20T04:24:09Z paused since 2026-09-18T08:09Z by ubuntu: run=0 pend=0 df=794G
2026-09-20T04:29:10Z paused since 2026-09-18T08:09Z by ubuntu: run=0 pend=0 df=794G
2026-09-20T04:34:11Z paused since 2026-09-18T08:09Z by ubuntu: run=0 pend=0 df=794G
2026-09-20T04:39:12Z paused since 2026-09-18T08:09Z by ubuntu: run=0 pend=0 df=794G
2026-09-20T04:44:13Z paused since 2026-09-18T08:09Z by ubuntu: run=0 pend=0 df=794G
2026-09-20T04:49:14Z paused since 2026-09-18T08:09Z by ubuntu: run=0 pend=0 df=794G
2026-09-20T04:54:15Z paused since 2026-09-18T08:09Z by ubuntu: run=0 pend=0 df=794G
2026-09-20T04:59:16Z paused since 2026-09-18T08:09Z by ubuntu: run=0 pend=0 df=794G
2026-09-20T05:04:17Z paused since 2026-09-18T08:09Z by ubuntu: run=0 pend=0 df=794G
2026-09-20T05:09:18Z paused since 2026-09-18T08:09Z by ubuntu: run=0 pend=0 df=794G
2026-09-20T05:14:19Z paused since 2026-09-18T08:09Z by ubuntu: run=0 pend=0 df=794G
2026-09-20T05:19:20Z paused since 2026-09-18T08:09Z by ubuntu: run=0 pend=0 df=794G
2026-09-20T05:24:22Z paused since 2026-09-18T08:09Z by ubuntu: run=0 pend=0 df=793G
2026-09-20T05:29:23Z paused since 2026-09-18T08:09Z by ubuntu: run=0 pend=0 df=793G
2026-09-20T05:34:24Z paused since 2026-09-18T08:09Z by ubuntu: run=0 pend=0 df=791G
2026-09-20T05:39:25Z paused since 2026-09-18T08:09Z by ubuntu: run=0 pend=0 df=790G
2026-09-20T05:44:26Z paused since 2026-09-18T08:09Z by ubuntu: run=0 pend=0 df=789G
2026-09-20T05:49:27Z paused since 2026-09-18T08:09Z by ubuntu: run=0 pend=0 df=787G
2026-09-20T05:54:29Z paused since 2026-09-18T08:09Z by ubuntu: run=0 pend=0 df=785G
2026-09-20T05:59:30Z paused since 2026-09-18T08:09Z by ubuntu: run=0 pend=0 df=785G
2026-09-20T06:04:31Z paused since 2026-09-18T08:09Z by ubuntu: run=0 pend=0 df=779G
2026-09-20T06:09:32Z paused since 2026-09-18T08:09Z by ubuntu: run=0 pend=0 df=775G
2026-09-20T06:14:33Z paused since 2026-09-18T08:09Z by ubuntu: run=0 pend=0 df=775G
2026-09-20T06:19:34Z paused since 2026-09-18T08:09Z by ubuntu: run=0 pend=0 df=772G
2026-09-20T06:24:35Z paused since 2026-09-18T08:09Z by ubuntu: run=0 pend=0 df=770G
2026-09-20T06:29:36Z paused since 2026-09-18T08:09Z by ubuntu: run=0 pend=0 df=770G
2026-09-20T06:34:37Z paused since 2026-09-18T08:09Z by ubuntu: run=0 pend=0 df=766G
2026-09-20T06:39:38Z paused since 2026-09-18T08:09Z by ubuntu: run=0 pend=0 df=764G
2026-09-20T06:44:39Z paused since 2026-09-18T08:09Z by ubuntu: run=0 pend=0 df=764G
2026-09-20T06:49:40Z paused since 2026-09-18T08:09Z by ubuntu: run=0 pend=0 df=760G
2026-09-20T06:54:41Z paused since 2026-09-18T08:09Z by ubuntu: run=0 pend=0 df=758G
2026-09-20T06:59:42Z paused since 2026-09-18T08:09Z by ubuntu: run=0 pend=0 df=758G
2026-09-20T07:04:43Z paused since 2026-09-18T08:09Z by ubuntu: run=0 pend=0 df=747G
2026-09-20T07:09:44Z paused since 2026-09-18T08:09Z by ubuntu: run=0 pend=0 df=747G
2026-09-20T07:14:45Z paused since 2026-09-18T08:09Z by ubuntu: run=0 pend=0 df=747G
2026-09-20T07:19:46Z paused since 2026-09-18T08:09Z by ubuntu: run=0 pend=0 df=741G
2026-09-20T07:24:47Z paused since 2026-09-18T08:09Z by ubuntu: run=0 pend=0 df=741G
2026-09-20T07:29:48Z paused since 2026-09-18T08:09Z by ubuntu: run=0 pend=0 df=741G
2026-09-20T07:34:49Z paused since 2026-09-18T08:09Z by ubuntu: run=0 pend=0 df=741G
2026-09-20T07:39:50Z paused since 2026-09-18T08:09Z by ubuntu: run=0 pend=0 df=741G
2026-09-20T07:44:51Z paused since 2026-09-18T08:09Z by ubuntu: run=0 pend=0 df=741G
2026-09-20T07:49:52Z paused since 2026-09-18T08:09Z by ubuntu: run=0 pend=0 df=741G
2026-09-20T07:54:53Z paused since 2026-09-18T08:09Z by ubuntu: run=0 pend=0 df=741G
2026-09-20T07:59:54Z paused since 2026-09-18T08:09Z by ubuntu: run=0 pend=0 df=741G
2026-09-20T08:04:55Z paused since 2026-09-18T08:09Z by ubuntu: run=0 pend=0 df=741G
2026-09-20T08:09:56Z paused since 2026-09-18T08:09Z by ubuntu: run=0 pend=0 df=741G
2026-09-20T08:14:57Z paused since 2026-09-18T08:09Z by ubuntu: run=0 pend=0 df=741G
2026-09-20T08:19:58Z paused since 2026-09-18T08:09Z by ubuntu: run=0 pend=0 df=741G
2026-09-20T08:24:59Z paused since 2026-09-18T08:09Z by ubuntu: run=0 pend=0 df=741G
2026-09-20T08:30:00Z paused since 2026-09-18T08:09Z by ubuntu: run=0 pend=0 df=741G
2026-09-20T08:35:01Z paused since 2026-09-18T08:09Z by ubuntu: run=0 pend=0 df=741G
2026-09-20T08:40:02Z paused since 2026-09-18T08:09Z by ubuntu: run=0 pend=0 df=741G
2026-09-20T08:45:03Z paused since 2026-09-18T08:09Z by ubuntu: run=0 pend=0 df=741G
2026-09-20T08:50:04Z paused since 2026-09-18T08:09Z by ubuntu: run=0 pend=0 df=741G
2026-09-20T08:55:05Z paused since 2026-09-18T08:09Z by ubuntu: run=0 pend=0 df=741G
2026-09-20T09:00:05Z paused since 2026-09-18T08:09Z by ubuntu: run=0 pend=0 df=741G
2026-09-20T09:05:06Z paused since 2026-09-18T08:09Z by ubuntu: run=0 pend=0 df=741G
2026-09-20T09:10:07Z paused since 2026-09-18T08:09Z by ubuntu: run=0 pend=0 df=741G
2026-09-20T09:15:08Z paused since 2026-09-18T08:09Z by ubuntu: run=0 pend=0 df=741G
2026-09-20T09:20:09Z paused since 2026-09-18T08:09Z by ubuntu: run=0 pend=0 df=741G
2026-09-20T09:25:10Z paused since 2026-09-18T08:09Z by ubuntu: run=0 pend=0 df=741G
2026-09-20T09:30:11Z paused since 2026-09-18T08:09Z by ubuntu: run=0 pend=0 df=741G
2026-09-20T09:35:12Z paused since 2026-09-18T08:09Z by ubuntu: run=0 pend=0 df=741G
2026-09-20T09:40:13Z paused since 2026-09-18T08:09Z by ubuntu: run=0 pend=0 df=741G
2026-09-20T09:45:14Z paused since 2026-09-18T08:09Z by ubuntu: run=0 pend=0 df=741G
2026-09-20T09:50:15Z paused since 2026-09-18T08:09Z by ubuntu: run=0 pend=0 df=741G
2026-09-20T09:55:16Z paused since 2026-09-18T08:09Z by ubuntu: run=0 pend=0 df=741G
2026-09-20T10:00:17Z paused since 2026-09-18T08:09Z by ubuntu: run=0 pend=0 df=741G
2026-09-20T10:05:18Z paused since 2026-09-18T08:09Z by ubuntu: run=0 pend=0 df=741G
2026-09-20T10:10:19Z paused since 2026-09-18T08:09Z by ubuntu: run=0 pend=0 df=741G
2026-09-20T10:15:20Z paused since 2026-09-18T08:09Z by ubuntu: run=0 pend=0 df=741G
2026-09-20T10:20:21Z paused since 2026-09-18T08:09Z by ubuntu: run=0 pend=0 df=741G
2026-09-20T10:25:22Z paused since 2026-09-18T08:09Z by ubuntu: run=0 pend=0 df=741G
2026-09-20T10:30:23Z paused since 2026-09-18T08:09Z by ubuntu: run=0 pend=0 df=741G
2026-09-20T10:35:24Z paused since 2026-09-18T08:09Z by ubuntu: run=0 pend=0 df=741G
2026-09-20T10:40:25Z paused since 2026-09-18T08:09Z by ubuntu: run=0 pend=0 df=741G
2026-09-20T10:45:26Z paused since 2026-09-18T08:09Z by ubuntu: run=0 pend=0 df=741G
2026-09-20T10:50:27Z paused since 2026-09-18T08:09Z by ubuntu: run=0 pend=0 df=741G
2026-09-20T10:55:28Z paused since 2026-09-18T08:09Z by ubuntu: run=0 pend=0 df=741G
2026-09-20T11:00:29Z paused since 2026-09-18T08:09Z by ubuntu: run=0 pend=0 df=741G
2026-09-20T11:05:30Z paused since 2026-09-18T08:09Z by ubuntu: run=0 pend=0 df=741G
2026-09-20T11:10:31Z paused since 2026-09-18T08:09Z by ubuntu: run=0 pend=0 df=741G
2026-09-20T11:15:32Z paused since 2026-09-18T08:09Z by ubuntu: run=0 pend=0 df=741G
2026-09-20T11:20:33Z paused since 2026-09-18T08:09Z by ubuntu: run=0 pend=0 df=741G
2026-09-20T11:25:34Z paused since 2026-09-18T08:09Z by ubuntu: run=0 pend=0 df=741G
2026-09-20T11:30:35Z paused since 2026-09-18T08:09Z by ubuntu: run=0 pend=0 df=741G
2026-09-20T11:35:36Z paused since 2026-09-18T08:09Z by ubuntu: run=0 pend=0 df=741G
2026-09-20T11:40:37Z paused since 2026-09-18T08:09Z by ubuntu: run=0 pend=0 df=741G
2026-09-20T11:45:38Z paused since 2026-09-18T08:09Z by ubuntu: run=0 pend=0 df=741G
2026-09-20T11:50:39Z paused since 2026-09-18T08:09Z by ubuntu: run=0 pend=0 df=741G
2026-09-20T11:55:40Z paused since 2026-09-18T08:09Z by ubuntu: run=0 pend=0 df=741G
2026-09-20T12:00:41Z paused since 2026-09-18T08:09Z by ubuntu: run=0 pend=0 df=741G
2026-09-20T12:05:42Z paused since 2026-09-18T08:09Z by ubuntu: run=0 pend=0 df=741G
2026-09-20T12:10:43Z paused since 2026-09-18T08:09Z by ubuntu: run=0 pend=0 df=741G
2026-09-20T12:15:44Z paused since 2026-09-18T08:09Z by ubuntu: run=0 pend=0 df=741G
2026-09-20T12:20:45Z paused since 2026-09-18T08:09Z by ubuntu: run=0 pend=0 df=741G
2026-09-20T12:25:46Z paused since 2026-09-18T08:09Z by ubuntu: run=0 pend=0 df=741G
2026-09-20T12:30:47Z paused since 2026-09-18T08:09Z by ubuntu: run=0 pend=0 df=741G
2026-09-20T12:35:48Z paused since 2026-09-18T08:09Z by ubuntu: run=0 pend=0 df=741G
2026-09-20T12:40:49Z paused since 2026-09-18T08:09Z by ubuntu: run=0 pend=0 df=741G
2026-09-20T12:45:50Z paused since 2026-09-18T08:09Z by ubuntu: run=0 pend=0 df=741G
2026-09-20T12:50:51Z paused since 2026-09-18T08:09Z by ubuntu: run=0 pend=0 df=741G
2026-09-20T12:55:52Z paused since 2026-09-18T08:09Z by ubuntu: run=0 pend=0 df=741G
2026-09-20T13:00:53Z paused since 2026-09-18T08:09Z by ubuntu: run=0 pend=0 df=741G
2026-09-20T13:05:54Z paused since 2026-09-18T08:09Z by ubuntu: run=0 pend=0 df=741G
2026-09-20T13:10:55Z paused since 2026-09-18T08:09Z by ubuntu: run=0 pend=0 df=741G
2026-09-20T13:15:56Z paused since 2026-09-18T08:09Z by ubuntu: run=0 pend=0 df=741G
2026-09-20T13:20:57Z paused since 2026-09-18T08:09Z by ubuntu: run=0 pend=0 df=741G
2026-09-20T13:25:58Z paused since 2026-09-18T08:09Z by ubuntu: run=0 pend=0 df=741G
2026-09-20T13:30:59Z paused since 2026-09-18T08:09Z by ubuntu: run=0 pend=0 df=741G
2026-09-20T13:36:00Z paused since 2026-09-18T08:09Z by ubuntu: run=0 pend=0 df=741G
2026-09-20T13:41:01Z paused since 2026-09-18T08:09Z by ubuntu: run=0 pend=0 df=741G
2026-09-20T13:46:02Z paused since 2026-09-18T08:09Z by ubuntu: run=0 pend=0 df=741G
2026-09-20T13:51:03Z paused since 2026-09-18T08:09Z by ubuntu: run=0 pend=0 df=741G
2026-09-20T13:56:04Z paused since 2026-09-18T08:09Z by ubuntu: run=0 pend=0 df=741G
2026-09-20T14:01:05Z paused since 2026-09-18T08:09Z by ubuntu: run=0 pend=0 df=741G
2026-09-20T14:06:06Z paused since 2026-09-18T08:09Z by ubuntu: run=0 pend=0 df=741G
2026-09-20T14:11:07Z paused since 2026-09-18T08:09Z by ubuntu: run=0 pend=0 df=741G
2026-09-20T14:16:08Z paused since 2026-09-18T08:09Z by ubuntu: run=0 pend=0 df=741G
2026-09-20T14:21:09Z paused since 2026-09-18T08:09Z by ubuntu: run=0 pend=0 df=741G
2026-09-20T14:26:10Z paused since 2026-09-18T08:09Z by ubuntu: run=0 pend=0 df=741G
2026-09-20T14:31:11Z paused since 2026-09-18T08:09Z by ubuntu: run=0 pend=0 df=741G
2026-09-20T14:36:12Z paused since 2026-09-18T08:09Z by ubuntu: run=0 pend=0 df=741G
2026-09-20T14:41:13Z paused since 2026-09-18T08:09Z by ubuntu: run=0 pend=0 df=741G
2026-09-20T14:46:14Z paused since 2026-09-18T08:09Z by ubuntu: run=0 pend=0 df=741G
2026-09-20T14:51:15Z paused since 2026-09-18T08:09Z by ubuntu: run=0 pend=0 df=741G
2026-09-20T14:56:16Z paused since 2026-09-18T08:09Z by ubuntu: run=0 pend=0 df=741G
2026-09-20T15:01:17Z paused since 2026-09-18T08:09Z by ubuntu: run=0 pend=0 df=741G
2026-09-20T15:06:18Z paused since 2026-09-18T08:09Z by ubuntu: run=0 pend=0 df=741G
2026-09-20T15:11:19Z paused since 2026-09-18T08:09Z by ubuntu: run=0 pend=0 df=741G
2026-09-20T15:16:20Z paused since 2026-09-18T08:09Z by ubuntu: run=0 pend=0 df=741G
2026-09-20T15:21:21Z paused since 2026-09-18T08:09Z by ubuntu: run=0 pend=0 df=741G
2026-09-20T15:26:22Z paused since 2026-09-18T08:09Z by ubuntu: run=0 pend=0 df=741G
2026-09-20T15:31:23Z paused since 2026-09-18T08:09Z by ubuntu: run=0 pend=0 df=741G
2026-09-20T15:36:24Z paused since 2026-09-18T08:09Z by ubuntu: run=0 pend=0 df=741G
2026-09-20T15:41:26Z paused since 2026-09-18T08:09Z by ubuntu: run=0 pend=0 df=741G
2026-09-20T15:46:27Z paused since 2026-09-18T08:09Z by ubuntu: run=0 pend=0 df=741G
2026-09-20T15:51:28Z paused since 2026-09-18T08:09Z by ubuntu: run=0 pend=0 df=741G
2026-09-20T15:56:29Z paused since 2026-09-18T08:09Z by ubuntu: run=0 pend=0 df=741G
2026-09-20T16:01:30Z paused since 2026-09-18T08:09Z by ubuntu: run=0 pend=0 df=741G
2026-09-20T16:06:31Z paused since 2026-09-18T08:09Z by ubuntu: run=0 pend=0 df=741G
2026-09-20T16:11:32Z paused since 2026-09-18T08:09Z by ubuntu: run=0 pend=0 df=741G
2026-09-20T16:16:33Z paused since 2026-09-18T08:09Z by ubuntu: run=0 pend=0 df=741G
2026-09-20T16:21:34Z paused since 2026-09-18T08:09Z by ubuntu: run=0 pend=0 df=741G
2026-09-20T16:26:35Z paused since 2026-09-18T08:09Z by ubuntu: run=0 pend=0 df=741G
2026-09-20T16:31:36Z paused since 2026-09-18T08:09Z by ubuntu: run=0 pend=0 df=741G
2026-09-20T16:36:37Z paused since 2026-09-18T08:09Z by ubuntu: run=0 pend=0 df=741G
2026-09-20T16:41:38Z paused since 2026-09-18T08:09Z by ubuntu: run=0 pend=0 df=741G
2026-09-20T16:46:39Z paused since 2026-09-18T08:09Z by ubuntu: run=0 pend=0 df=741G
2026-09-20T16:51:40Z paused since 2026-09-18T08:09Z by ubuntu: run=0 pend=0 df=741G
2026-09-20T16:56:41Z paused since 2026-09-18T08:09Z by ubuntu: run=0 pend=0 df=741G
2026-09-20T17:01:42Z paused since 2026-09-18T08:09Z by ubuntu: run=0 pend=0 df=741G
2026-09-20T17:06:43Z paused since 2026-09-18T08:09Z by ubuntu: run=0 pend=0 df=741G
2026-09-20T17:11:44Z paused since 2026-09-18T08:09Z by ubuntu: run=0 pend=0 df=741G
2026-09-20T17:16:45Z paused since 2026-09-18T08:09Z by ubuntu: run=0 pend=0 df=741G
2026-09-20T17:21:46Z paused since 2026-09-18T08:09Z by ubuntu: run=0 pend=0 df=741G
2026-09-20T17:26:47Z paused since 2026-09-18T08:09Z by ubuntu: run=0 pend=0 df=741G
2026-09-20T17:31:48Z paused since 2026-09-18T08:09Z by ubuntu: run=0 pend=0 df=741G
2026-09-20T17:36:49Z paused since 2026-09-18T08:09Z by ubuntu: run=0 pend=0 df=741G
2026-09-20T17:41:50Z paused since 2026-09-18T08:09Z by ubuntu: run=0 pend=0 df=741G
2026-09-20T17:46:51Z paused since 2026-09-18T08:09Z by ubuntu: run=0 pend=0 df=741G
2026-09-20T17:51:52Z paused since 2026-09-18T08:09Z by ubuntu: run=0 pend=0 df=741G
2026-09-20T17:56:53Z paused since 2026-09-18T08:09Z by ubuntu: run=0 pend=0 df=741G
2026-09-20T18:01:54Z paused since 2026-09-18T08:09Z by ubuntu: run=0 pend=0 df=741G
2026-09-20T18:06:55Z paused since 2026-09-18T08:09Z by ubuntu: run=0 pend=0 df=741G
2026-09-20T18:11:56Z paused since 2026-09-18T08:09Z by ubuntu: run=0 pend=0 df=741G
2026-09-20T18:16:57Z paused since 2026-09-18T08:09Z by ubuntu: run=0 pend=0 df=741G
2026-09-20T18:21:58Z paused since 2026-09-18T08:09Z by ubuntu: run=0 pend=0 df=741G
2026-09-20T18:26:59Z paused since 2026-09-18T08:09Z by ubuntu: run=0 pend=0 df=741G
2026-09-20T18:32:00Z paused since 2026-09-18T08:09Z by ubuntu: run=0 pend=0 df=741G
2026-09-20T18:37:01Z paused since 2026-09-18T08:09Z by ubuntu: run=0 pend=0 df=741G
2026-09-20T18:42:02Z paused since 2026-09-18T08:09Z by ubuntu: run=0 pend=0 df=741G
2026-09-20T18:47:03Z paused since 2026-09-18T08:09Z by ubuntu: run=0 pend=0 df=741G
2026-09-20T18:52:04Z paused since 2026-09-18T08:09Z by ubuntu: run=0 pend=0 df=741G
2026-09-20T18:57:05Z paused since 2026-09-18T08:09Z by ubuntu: run=0 pend=0 df=741G
2026-09-20T19:02:06Z paused since 2026-09-18T08:09Z by ubuntu: run=0 pend=0 df=741G
2026-09-20T19:07:06Z paused since 2026-09-18T08:09Z by ubuntu: run=0 pend=0 df=741G
2026-09-20T19:12:07Z paused since 2026-09-18T08:09Z by ubuntu: run=0 pend=0 df=741G
2026-09-20T19:17:08Z paused since 2026-09-18T08:09Z by ubuntu: run=0 pend=0 df=741G
2026-09-20T19:22:09Z paused since 2026-09-18T08:09Z by ubuntu: run=0 pend=0 df=741G
2026-09-20T19:27:10Z paused since 2026-09-18T08:09Z by ubuntu: run=0 pend=0 df=741G
2026-09-20T19:32:11Z paused since 2026-09-18T08:09Z by ubuntu: run=0 pend=0 df=741G
2026-09-20T19:37:12Z paused since 2026-09-18T08:09Z by ubuntu: run=0 pend=0 df=741G
2026-09-20T19:42:13Z paused since 2026-09-18T08:09Z by ubuntu: run=0 pend=0 df=741G
2026-09-20T19:47:14Z paused since 2026-09-18T08:09Z by ubuntu: run=0 pend=0 df=741G
2026-09-20T19:52:15Z paused since 2026-09-18T08:09Z by ubuntu: run=0 pend=0 df=741G
2026-09-20T19:57:16Z paused since 2026-09-18T08:09Z by ubuntu: run=0 pend=0 df=741G
2026-09-20T20:02:17Z paused since 2026-09-18T08:09Z by ubuntu: run=0 pend=0 df=741G
2026-09-20T20:07:18Z paused since 2026-09-18T08:09Z by ubuntu: run=0 pend=0 df=741G
2026-09-20T20:12:20Z paused since 2026-09-18T08:09Z by ubuntu: run=0 pend=0 df=741G
2026-09-20T20:17:21Z paused since 2026-09-18T08:09Z by ubuntu: run=0 pend=0 df=741G
2026-09-20T20:22:22Z paused since 2026-09-18T08:09Z by ubuntu: run=0 pend=0 df=741G
2026-09-20T20:27:23Z paused since 2026-09-18T08:09Z by ubuntu: run=0 pend=0 df=741G
2026-09-20T20:32:24Z paused since 2026-09-18T08:09Z by ubuntu: run=0 pend=0 df=741G
2026-09-20T20:37:25Z paused since 2026-09-18T08:09Z by ubuntu: run=0 pend=0 df=741G
2026-09-20T20:42:26Z paused since 2026-09-18T08:09Z by ubuntu: run=0 pend=0 df=741G
2026-09-20T20:47:27Z paused since 2026-09-18T08:09Z by ubuntu: run=0 pend=0 df=741G
2026-09-20T20:52:28Z paused since 2026-09-18T08:09Z by ubuntu: run=0 pend=0 df=741G
2026-09-20T20:57:29Z paused since 2026-09-18T08:09Z by ubuntu: run=0 pend=0 df=741G
2026-09-20T21:02:30Z paused since 2026-09-18T08:09Z by ubuntu: run=0 pend=0 df=741G
2026-09-20T21:07:32Z paused since 2026-09-18T08:09Z by ubuntu: run=0 pend=0 df=741G
2026-09-20T21:12:33Z paused since 2026-09-18T08:09Z by ubuntu: run=0 pend=0 df=741G
2026-09-20T21:17:34Z paused since 2026-09-18T08:09Z by ubuntu: run=0 pend=0 df=741G
2026-09-20T21:22:35Z paused since 2026-09-18T08:09Z by ubuntu: run=0 pend=0 df=741G
2026-09-20T21:27:36Z paused since 2026-09-18T08:09Z by ubuntu: run=0 pend=0 df=741G
2026-09-20T21:32:37Z paused since 2026-09-18T08:09Z by ubuntu: run=0 pend=0 df=741G
2026-09-20T21:37:38Z paused since 2026-09-18T08:09Z by ubuntu: run=0 pend=0 df=741G
2026-09-20T21:42:39Z paused since 2026-09-18T08:09Z by ubuntu: run=0 pend=0 df=741G
2026-09-20T21:47:40Z paused since 2026-09-18T08:09Z by ubuntu: run=0 pend=0 df=741G
2026-09-20T21:52:41Z paused since 2026-09-18T08:09Z by ubuntu: run=0 pend=0 df=741G
2026-09-20T21:57:42Z paused since 2026-09-18T08:09Z by ubuntu: run=0 pend=0 df=741G
2026-09-20T22:02:43Z paused since 2026-09-18T08:09Z by ubuntu: run=0 pend=0 df=741G
2026-09-20T22:07:44Z paused since 2026-09-18T08:09Z by ubuntu: run=0 pend=0 df=741G
2026-09-20T22:12:45Z paused since 2026-09-18T08:09Z by ubuntu: run=0 pend=0 df=741G
2026-09-20T22:17:46Z paused since 2026-09-18T08:09Z by ubuntu: run=0 pend=0 df=741G
2026-09-20T22:22:47Z paused since 2026-09-18T08:09Z by ubuntu: run=0 pend=0 df=741G
2026-09-20T22:27:48Z paused since 2026-09-18T08:09Z by ubuntu: run=0 pend=0 df=741G
2026-09-20T22:32:49Z paused since 2026-09-18T08:09Z by ubuntu: run=0 pend=0 df=741G
2026-09-20T22:37:50Z paused since 2026-09-18T08:09Z by ubuntu: run=0 pend=0 df=741G
2026-09-20T22:42:51Z paused since 2026-09-18T08:09Z by ubuntu: run=0 pend=0 df=741G
2026-09-20T22:47:52Z paused since 2026-09-18T08:09Z by ubuntu: run=0 pend=0 df=741G
2026-09-20T22:52:53Z paused since 2026-09-18T08:09Z by ubuntu: run=0 pend=0 df=741G
2026-09-20T22:57:54Z paused since 2026-09-18T08:09Z by ubuntu: run=0 pend=0 df=741G
2026-09-20T23:02:55Z paused since 2026-09-18T08:09Z by ubuntu: run=0 pend=0 df=741G
2026-09-20T23:07:56Z paused since 2026-09-18T08:09Z by ubuntu: run=0 pend=0 df=741G
2026-09-20T23:12:57Z paused since 2026-09-18T08:09Z by ubuntu: run=0 pend=0 df=741G
2026-09-20T23:17:57Z paused since 2026-09-18T08:09Z by ubuntu: run=0 pend=0 df=741G
2026-09-20T23:22:58Z paused since 2026-09-18T08:09Z by ubuntu: run=0 pend=0 df=741G
2026-09-20T23:27:59Z paused since 2026-09-18T08:09Z by ubuntu: run=0 pend=0 df=741G
2026-09-20T23:33:00Z paused since 2026-09-18T08:09Z by ubuntu: run=0 pend=0 df=741G
2026-09-20T23:38:02Z paused since 2026-09-18T08:09Z by ubuntu: run=0 pend=0 df=741G
2026-09-20T23:43:03Z paused since 2026-09-18T08:09Z by ubuntu: run=0 pend=0 df=741G
2026-09-20T23:48:04Z paused since 2026-09-18T08:09Z by ubuntu: run=0 pend=0 df=741G
2026-09-20T23:53:04Z paused since 2026-09-18T08:09Z by ubuntu: run=0 pend=0 df=741G
2026-09-20T23:58:05Z paused since 2026-09-18T08:09Z by ubuntu: run=0 pend=0 df=741G
2026-09-21T00:03:06Z paused since 2026-09-18T08:09Z by ubuntu: run=0 pend=0 df=741G
2026-09-21T00:08:07Z paused since 2026-09-18T08:09Z by ubuntu: run=0 pend=0 df=741G
2026-09-21T00:13:08Z paused since 2026-09-18T08:09Z by ubuntu: run=0 pend=0 df=741G
2026-09-21T00:18:09Z paused since 2026-09-18T08:09Z by ubuntu: run=0 pend=0 df=741G
2026-09-21T00:23:10Z paused since 2026-09-18T08:09Z by ubuntu: run=0 pend=0 df=741G
2026-09-21T00:28:11Z paused since 2026-09-18T08:09Z by ubuntu: run=0 pend=0 df=741G
2026-09-21T00:33:12Z paused since 2026-09-18T08:09Z by ubuntu: run=0 pend=0 df=741G
2026-09-21T00:38:14Z paused since 2026-09-18T08:09Z by ubuntu: run=0 pend=0 df=741G
2026-09-21T00:43:15Z paused since 2026-09-18T08:09Z by ubuntu: run=0 pend=0 df=741G
2026-09-21T00:48:16Z paused since 2026-09-18T08:09Z by ubuntu: run=0 pend=0 df=741G
2026-09-21T00:53:17Z paused since 2026-09-18T08:09Z by ubuntu: run=0 pend=0 df=741G
2026-09-21T00:58:18Z paused since 2026-09-18T08:09Z by ubuntu: run=0 pend=0 df=741G
2026-09-21T01:03:19Z paused since 2026-09-18T08:09Z by ubuntu: run=0 pend=0 df=741G
2026-09-21T01:08:20Z paused since 2026-09-18T08:09Z by ubuntu: run=0 pend=0 df=741G
2026-09-21T01:13:21Z paused since 2026-09-18T08:09Z by ubuntu: run=0 pend=0 df=741G
2026-09-21T01:18:22Z paused since 2026-09-18T08:09Z by ubuntu: run=0 pend=0 df=741G
2026-09-21T01:23:23Z paused since 2026-09-18T08:09Z by ubuntu: run=0 pend=0 df=741G
2026-09-21T01:28:25Z paused since 2026-09-18T08:09Z by ubuntu: run=0 pend=0 df=741G
2026-09-21T01:33:26Z paused since 2026-09-18T08:09Z by ubuntu: run=0 pend=0 df=741G
2026-09-21T01:38:27Z paused since 2026-09-18T08:09Z by ubuntu: run=0 pend=0 df=741G
2026-09-21T01:43:28Z paused since 2026-09-18T08:09Z by ubuntu: run=0 pend=0 df=741G
2026-09-21T01:48:29Z paused since 2026-09-18T08:09Z by ubuntu: run=0 pend=0 df=741G
2026-09-21T01:53:30Z paused since 2026-09-18T08:09Z by ubuntu: run=0 pend=0 df=741G
2026-09-21T01:58:31Z paused since 2026-09-18T08:09Z by ubuntu: run=0 pend=0 df=741G
2026-09-21T02:03:32Z paused since 2026-09-18T08:09Z by ubuntu: run=0 pend=0 df=741G
2026-09-21T02:08:33Z paused since 2026-09-18T08:09Z by ubuntu: run=0 pend=0 df=741G
2026-09-21T02:13:34Z paused since 2026-09-18T08:09Z by ubuntu: run=0 pend=0 df=741G
2026-09-21T02:18:35Z paused since 2026-09-18T08:09Z by ubuntu: run=0 pend=0 df=741G
2026-09-21T02:23:36Z paused since 2026-09-18T08:09Z by ubuntu: run=0 pend=0 df=741G
2026-09-21T02:28:37Z paused since 2026-09-18T08:09Z by ubuntu: run=0 pend=0 df=741G
2026-09-21T02:33:38Z paused since 2026-09-18T08:09Z by ubuntu: run=0 pend=0 df=741G
2026-09-21T02:38:39Z paused since 2026-09-18T08:09Z by ubuntu: run=0 pend=0 df=741G
2026-09-21T02:43:40Z paused since 2026-09-18T08:09Z by ubuntu: run=0 pend=0 df=741G
2026-09-21T02:48:41Z paused since 2026-09-18T08:09Z by ubuntu: run=0 pend=0 df=741G
2026-09-21T02:53:42Z paused since 2026-09-18T08:09Z by ubuntu: run=0 pend=0 df=741G
2026-09-21T02:58:43Z paused since 2026-09-18T08:09Z by ubuntu: run=0 pend=0 df=741G
2026-09-21T03:03:44Z paused since 2026-09-18T08:09Z by ubuntu: run=0 pend=0 df=741G
2026-09-21T03:08:45Z paused since 2026-09-18T08:09Z by ubuntu: run=0 pend=0 df=741G
2026-09-21T03:13:46Z paused since 2026-09-18T08:09Z by ubuntu: run=0 pend=0 df=741G
2026-09-21T03:18:47Z paused since 2026-09-18T08:09Z by ubuntu: run=0 pend=0 df=741G
2026-09-21T03:23:48Z paused since 2026-09-18T08:09Z by ubuntu: run=0 pend=0 df=741G
2026-09-21T03:28:49Z paused since 2026-09-18T08:09Z by ubuntu: run=0 pend=0 df=741G
2026-09-21T03:33:50Z paused since 2026-09-18T08:09Z by ubuntu: run=0 pend=0 df=741G
2026-09-21T03:38:51Z paused since 2026-09-18T08:09Z by ubuntu: run=0 pend=0 df=741G
2026-09-21T03:43:52Z paused since 2026-09-18T08:09Z by ubuntu: run=0 pend=0 df=741G
2026-09-21T03:48:53Z paused since 2026-09-18T08:09Z by ubuntu: run=0 pend=0 df=741G
2026-09-21T03:53:54Z paused since 2026-09-18T08:09Z by ubuntu: run=0 pend=0 df=741G
2026-09-21T03:58:55Z paused since 2026-09-18T08:09Z by ubuntu: run=0 pend=0 df=741G
2026-09-21T04:03:56Z paused since 2026-09-18T08:09Z by ubuntu: run=0 pend=0 df=741G
2026-09-21T04:08:57Z paused since 2026-09-18T08:09Z by ubuntu: run=0 pend=0 df=741G
2026-09-21T04:13:58Z paused since 2026-09-18T08:09Z by ubuntu: run=0 pend=0 df=741G
2026-09-21T04:18:59Z paused since 2026-09-18T08:09Z by ubuntu: run=0 pend=0 df=741G
2026-09-21T04:24:00Z paused since 2026-09-18T08:09Z by ubuntu: run=0 pend=0 df=741G
2026-09-21T04:29:00Z paused since 2026-09-18T08:09Z by ubuntu: run=0 pend=0 df=741G
2026-09-21T04:34:01Z paused since 2026-09-18T08:09Z by ubuntu: run=0 pend=0 df=741G
2026-09-21T04:39:02Z paused since 2026-09-18T08:09Z by ubuntu: run=0 pend=0 df=741G
2026-09-21T04:44:03Z paused since 2026-09-18T08:09Z by ubuntu: run=0 pend=0 df=741G
2026-09-21T04:49:04Z paused since 2026-09-18T08:09Z by ubuntu: run=0 pend=0 df=741G
2026-09-21T04:54:05Z paused since 2026-09-18T08:09Z by ubuntu: run=0 pend=0 df=741G
2026-09-21T04:59:06Z paused since 2026-09-18T08:09Z by ubuntu: run=0 pend=0 df=741G
2026-09-21T05:04:07Z paused since 2026-09-18T08:09Z by ubuntu: run=0 pend=0 df=741G
2026-09-21T05:09:08Z paused since 2026-09-18T08:09Z by ubuntu: run=0 pend=0 df=741G
2026-09-21T05:14:09Z paused since 2026-09-18T08:09Z by ubuntu: run=0 pend=0 df=741G
2026-09-21T05:19:10Z paused since 2026-09-18T08:09Z by ubuntu: run=0 pend=0 df=741G
2026-09-21T05:24:11Z paused since 2026-09-18T08:09Z by ubuntu: run=0 pend=0 df=741G
2026-09-21T05:29:12Z paused since 2026-09-18T08:09Z by ubuntu: run=0 pend=0 df=741G
2026-09-21T05:34:13Z paused since 2026-09-18T08:09Z by ubuntu: run=0 pend=0 df=741G
2026-09-21T05:39:14Z paused since 2026-09-18T08:09Z by ubuntu: run=0 pend=0 df=741G
2026-09-21T05:44:15Z paused since 2026-09-18T08:09Z by ubuntu: run=0 pend=0 df=741G
2026-09-21T05:49:16Z paused since 2026-09-18T08:09Z by ubuntu: run=0 pend=0 df=741G
2026-09-21T05:54:17Z paused since 2026-09-18T08:09Z by ubuntu: run=0 pend=0 df=741G
2026-09-21T05:59:18Z paused since 2026-09-18T08:09Z by ubuntu: run=0 pend=0 df=741G
2026-09-21T06:04:19Z paused since 2026-09-18T08:09Z by ubuntu: run=0 pend=0 df=741G
2026-09-21T06:09:20Z paused since 2026-09-18T08:09Z by ubuntu: run=0 pend=0 df=741G
2026-09-21T06:14:21Z paused since 2026-09-18T08:09Z by ubuntu: run=0 pend=0 df=741G
2026-09-21T06:19:22Z paused since 2026-09-18T08:09Z by ubuntu: run=0 pend=0 df=741G
2026-09-21T06:24:23Z paused since 2026-09-18T08:09Z by ubuntu: run=0 pend=0 df=741G
2026-09-21T06:29:24Z paused since 2026-09-18T08:09Z by ubuntu: run=0 pend=0 df=741G
2026-09-21T06:34:25Z paused since 2026-09-18T08:09Z by ubuntu: run=0 pend=0 df=741G
2026-09-21T06:39:26Z paused since 2026-09-18T08:09Z by ubuntu: run=0 pend=0 df=741G
2026-09-21T06:44:27Z paused since 2026-09-18T08:09Z by ubuntu: run=0 pend=0 df=741G
2026-09-21T06:49:28Z paused since 2026-09-18T08:09Z by ubuntu: run=0 pend=0 df=741G
2026-09-21T06:54:29Z paused since 2026-09-18T08:09Z by ubuntu: run=0 pend=0 df=741G
2026-09-21T06:59:30Z paused since 2026-09-18T08:09Z by ubuntu: run=0 pend=0 df=741G
2026-09-21T07:04:31Z paused since 2026-09-18T08:09Z by ubuntu: run=0 pend=0 df=741G
2026-09-21T07:09:32Z paused since 2026-09-18T08:09Z by ubuntu: run=0 pend=0 df=741G
2026-09-21T07:14:33Z paused since 2026-09-18T08:09Z by ubuntu: run=0 pend=0 df=741G
2026-09-21T07:19:34Z paused since 2026-09-18T08:09Z by ubuntu: run=0 pend=0 df=741G
2026-09-21T07:24:35Z paused since 2026-09-18T08:09Z by ubuntu: run=0 pend=0 df=741G
2026-09-21T07:29:36Z paused since 2026-09-18T08:09Z by ubuntu: run=0 pend=0 df=741G
2026-09-21T07:34:37Z paused since 2026-09-18T08:09Z by ubuntu: run=0 pend=0 df=741G
2026-09-21T07:39:37Z paused since 2026-09-18T08:09Z by ubuntu: run=0 pend=0 df=741G
2026-09-21T07:44:38Z paused since 2026-09-18T08:09Z by ubuntu: run=0 pend=0 df=741G
2026-09-21T07:49:39Z paused since 2026-09-18T08:09Z by ubuntu: run=0 pend=0 df=741G
2026-09-21T07:54:40Z paused since 2026-09-18T08:09Z by ubuntu: run=0 pend=0 df=741G
2026-09-21T07:59:41Z paused since 2026-09-18T08:09Z by ubuntu: run=0 pend=0 df=741G
2026-09-21T08:04:42Z paused since 2026-09-18T08:09Z by ubuntu: run=0 pend=0 df=741G
2026-09-21T08:09:43Z paused since 2026-09-18T08:09Z by ubuntu: run=0 pend=0 df=741G
2026-09-21T08:14:44Z paused since 2026-09-18T08:09Z by ubuntu: run=0 pend=0 df=741G
2026-09-21T08:19:45Z paused since 2026-09-18T08:09Z by ubuntu: run=0 pend=0 df=741G
2026-09-21T08:24:46Z paused since 2026-09-18T08:09Z by ubuntu: run=0 pend=0 df=741G
2026-09-21T08:29:47Z paused since 2026-09-18T08:09Z by ubuntu: run=0 pend=0 df=741G
2026-09-21T08:34:48Z paused since 2026-09-18T08:09Z by ubuntu: run=0 pend=0 df=741G
2026-09-21T08:39:49Z paused since 2026-09-18T08:09Z by ubuntu: run=0 pend=0 df=741G
2026-09-21T08:44:50Z paused since 2026-09-18T08:09Z by ubuntu: run=0 pend=0 df=741G
2026-09-21T08:49:51Z paused since 2026-09-18T08:09Z by ubuntu: run=0 pend=0 df=741G
2026-09-21T08:54:51Z paused since 2026-09-18T08:09Z by ubuntu: run=0 pend=0 df=741G
2026-09-21T08:59:52Z paused since 2026-09-18T08:09Z by ubuntu: run=0 pend=0 df=741G
2026-09-21T09:04:53Z paused since 2026-09-18T08:09Z by ubuntu: run=0 pend=0 df=741G
2026-09-21T09:09:54Z paused since 2026-09-18T08:09Z by ubuntu: run=0 pend=0 df=741G
2026-09-21T09:14:55Z paused since 2026-09-18T08:09Z by ubuntu: run=0 pend=0 df=741G
2026-09-21T09:19:56Z paused since 2026-09-18T08:09Z by ubuntu: run=0 pend=0 df=741G
2026-09-21T09:24:57Z paused since 2026-09-18T08:09Z by ubuntu: run=0 pend=0 df=741G
2026-09-21T09:29:58Z paused since 2026-09-18T08:09Z by ubuntu: run=0 pend=0 df=741G
2026-09-21T09:34:59Z paused since 2026-09-18T08:09Z by ubuntu: run=0 pend=0 df=741G
2026-09-21T09:40:00Z paused since 2026-09-18T08:09Z by ubuntu: run=0 pend=0 df=741G
2026-09-21T09:45:01Z paused since 2026-09-18T08:09Z by ubuntu: run=0 pend=0 df=741G
2026-09-21T09:50:02Z paused since 2026-09-18T08:09Z by ubuntu: run=0 pend=0 df=741G
2026-09-21T09:55:03Z paused since 2026-09-18T08:09Z by ubuntu: run=0 pend=0 df=741G
2026-09-21T10:00:04Z paused since 2026-09-18T08:09Z by ubuntu: run=0 pend=0 df=741G
2026-09-21T10:05:05Z paused since 2026-09-18T08:09Z by ubuntu: run=0 pend=0 df=741G
2026-09-21T10:10:06Z paused since 2026-09-18T08:09Z by ubuntu: run=0 pend=0 df=741G
2026-09-21T10:15:07Z paused since 2026-09-18T08:09Z by ubuntu: run=0 pend=0 df=741G
2026-09-21T10:20:08Z paused since 2026-09-18T08:09Z by ubuntu: run=0 pend=0 df=741G
2026-09-21T10:25:09Z paused since 2026-09-18T08:09Z by ubuntu: run=0 pend=0 df=741G
2026-09-21T10:30:10Z paused since 2026-09-18T08:09Z by ubuntu: run=0 pend=0 df=741G
2026-09-21T10:35:11Z paused since 2026-09-18T08:09Z by ubuntu: run=0 pend=0 df=741G
2026-09-21T10:40:12Z paused since 2026-09-18T08:09Z by ubuntu: run=0 pend=0 df=741G
2026-09-21T10:45:13Z paused since 2026-09-18T08:09Z by ubuntu: run=0 pend=0 df=741G
2026-09-21T10:50:14Z paused since 2026-09-18T08:09Z by ubuntu: run=0 pend=0 df=741G
2026-09-21T10:55:15Z paused since 2026-09-18T08:09Z by ubuntu: run=0 pend=0 df=741G
2026-09-21T11:00:16Z paused since 2026-09-18T08:09Z by ubuntu: run=0 pend=0 df=741G
2026-09-21T11:05:17Z paused since 2026-09-18T08:09Z by ubuntu: run=0 pend=0 df=741G
2026-09-21T11:10:18Z paused since 2026-09-18T08:09Z by ubuntu: run=0 pend=0 df=741G
2026-09-21T11:15:19Z paused since 2026-09-18T08:09Z by ubuntu: run=0 pend=0 df=741G
2026-09-21T11:20:20Z paused since 2026-09-18T08:09Z by ubuntu: run=0 pend=0 df=741G
2026-09-21T11:25:21Z paused since 2026-09-18T08:09Z by ubuntu: run=0 pend=0 df=741G
2026-09-21T11:30:22Z paused since 2026-09-18T08:09Z by ubuntu: run=0 pend=0 df=741G
2026-09-21T11:35:22Z paused since 2026-09-18T08:09Z by ubuntu: run=0 pend=0 df=741G
2026-09-21T11:40:23Z paused since 2026-09-18T08:09Z by ubuntu: run=0 pend=0 df=741G
2026-09-21T11:45:24Z paused since 2026-09-18T08:09Z by ubuntu: run=0 pend=0 df=741G
2026-09-21T11:50:25Z paused since 2026-09-18T08:09Z by ubuntu: run=0 pend=0 df=741G
2026-09-21T11:55:26Z paused since 2026-09-18T08:09Z by ubuntu: run=0 pend=0 df=741G
2026-09-21T12:00:27Z paused since 2026-09-18T08:09Z by ubuntu: run=0 pend=0 df=741G
2026-09-21T12:05:28Z paused since 2026-09-18T08:09Z by ubuntu: run=0 pend=0 df=741G
2026-09-21T12:10:29Z paused since 2026-09-18T08:09Z by ubuntu: run=0 pend=0 df=741G
2026-09-21T12:15:30Z paused since 2026-09-18T08:09Z by ubuntu: run=0 pend=0 df=741G
2026-09-21T12:20:31Z paused since 2026-09-18T08:09Z by ubuntu: run=0 pend=0 df=741G
2026-09-21T12:25:32Z paused since 2026-09-18T08:09Z by ubuntu: run=0 pend=0 df=741G
2026-09-21T12:30:33Z paused since 2026-09-18T08:09Z by ubuntu: run=0 pend=0 df=741G
2026-09-21T12:35:34Z paused since 2026-09-18T08:09Z by ubuntu: run=0 pend=0 df=741G
2026-09-21T12:40:35Z paused since 2026-09-18T08:09Z by ubuntu: run=0 pend=0 df=741G
2026-09-21T12:45:36Z paused since 2026-09-18T08:09Z by ubuntu: run=0 pend=0 df=741G
2026-09-21T12:50:37Z paused since 2026-09-18T08:09Z by ubuntu: run=0 pend=0 df=741G
2026-09-21T12:55:38Z paused since 2026-09-18T08:09Z by ubuntu: run=0 pend=0 df=741G
2026-09-21T13:00:39Z paused since 2026-09-18T08:09Z by ubuntu: run=0 pend=0 df=741G
2026-09-21T13:05:40Z paused since 2026-09-18T08:09Z by ubuntu: run=0 pend=0 df=741G
2026-09-21T13:10:41Z paused since 2026-09-18T08:09Z by ubuntu: run=0 pend=0 df=741G
2026-09-21T13:15:42Z paused since 2026-09-18T08:09Z by ubuntu: run=0 pend=0 df=741G
2026-09-21T13:20:43Z paused since 2026-09-18T08:09Z by ubuntu: run=0 pend=0 df=741G
2026-09-21T13:25:44Z paused since 2026-09-18T08:09Z by ubuntu: run=0 pend=0 df=741G
2026-09-21T13:30:45Z paused since 2026-09-18T08:09Z by ubuntu: run=0 pend=0 df=741G
2026-09-21T13:35:46Z paused since 2026-09-18T08:09Z by ubuntu: run=0 pend=0 df=741G
2026-09-21T13:40:47Z paused since 2026-09-18T08:09Z by ubuntu: run=0 pend=0 df=741G
2026-09-21T13:45:48Z paused since 2026-09-18T08:09Z by ubuntu: run=0 pend=0 df=741G
2026-09-21T13:50:49Z paused since 2026-09-18T08:09Z by ubuntu: run=0 pend=0 df=741G
2026-09-21T13:55:50Z paused since 2026-09-18T08:09Z by ubuntu: run=0 pend=0 df=741G
2026-09-21T14:00:51Z paused since 2026-09-18T08:09Z by ubuntu: run=0 pend=0 df=741G
2026-09-21T14:05:52Z paused since 2026-09-18T08:09Z by ubuntu: run=0 pend=0 df=741G
2026-09-21T14:10:53Z paused since 2026-09-18T08:09Z by ubuntu: run=0 pend=0 df=741G
2026-09-21T14:15:54Z paused since 2026-09-18T08:09Z by ubuntu: run=0 pend=0 df=741G
2026-09-21T14:20:55Z paused since 2026-09-18T08:09Z by ubuntu: run=0 pend=0 df=741G
2026-09-21T14:25:56Z paused since 2026-09-18T08:09Z by ubuntu: run=0 pend=0 df=741G
2026-09-21T14:30:57Z paused since 2026-09-18T08:09Z by ubuntu: run=0 pend=0 df=741G
2026-09-21T14:35:58Z paused since 2026-09-18T08:09Z by ubuntu: run=0 pend=0 df=741G
2026-09-21T14:40:59Z paused since 2026-09-18T08:09Z by ubuntu: run=0 pend=0 df=741G
2026-09-21T14:46:00Z paused since 2026-09-18T08:09Z by ubuntu: run=0 pend=0 df=741G
2026-09-21T14:51:01Z paused since 2026-09-18T08:09Z by ubuntu: run=0 pend=0 df=741G
2026-09-21T14:56:02Z paused since 2026-09-18T08:09Z by ubuntu: run=0 pend=0 df=741G
2026-09-21T15:01:03Z paused since 2026-09-18T08:09Z by ubuntu: run=0 pend=0 df=741G
2026-09-21T15:06:04Z paused since 2026-09-18T08:09Z by ubuntu: run=0 pend=0 df=741G
2026-09-21T15:11:05Z paused since 2026-09-18T08:09Z by ubuntu: run=0 pend=0 df=741G
2026-09-21T15:16:06Z paused since 2026-09-18T08:09Z by ubuntu: run=0 pend=0 df=741G
2026-09-21T15:21:07Z paused since 2026-09-18T08:09Z by ubuntu: run=0 pend=0 df=741G
2026-09-21T15:26:08Z paused since 2026-09-18T08:09Z by ubuntu: run=0 pend=0 df=741G
2026-09-21T15:31:09Z paused since 2026-09-18T08:09Z by ubuntu: run=0 pend=0 df=741G
2026-09-21T15:36:10Z paused since 2026-09-18T08:09Z by ubuntu: run=0 pend=0 df=741G
2026-09-21T15:41:11Z paused since 2026-09-18T08:09Z by ubuntu: run=0 pend=0 df=741G
2026-09-21T15:46:12Z paused since 2026-09-18T08:09Z by ubuntu: run=0 pend=0 df=741G
2026-09-21T15:51:13Z paused since 2026-09-18T08:09Z by ubuntu: run=0 pend=0 df=741G
2026-09-21T15:56:14Z paused since 2026-09-18T08:09Z by ubuntu: run=0 pend=0 df=741G
2026-09-21T16:01:15Z paused since 2026-09-18T08:09Z by ubuntu: run=0 pend=0 df=741G
2026-09-21T16:06:16Z paused since 2026-09-18T08:09Z by ubuntu: run=0 pend=0 df=741G
2026-09-21T16:11:17Z paused since 2026-09-18T08:09Z by ubuntu: run=0 pend=0 df=741G
2026-09-21T16:16:18Z paused since 2026-09-18T08:09Z by ubuntu: run=0 pend=0 df=741G
2026-09-21T16:21:19Z paused since 2026-09-18T08:09Z by ubuntu: run=0 pend=0 df=741G
2026-09-21T16:26:20Z paused since 2026-09-18T08:09Z by ubuntu: run=0 pend=0 df=741G
2026-09-21T16:31:21Z paused since 2026-09-18T08:09Z by ubuntu: run=0 pend=0 df=741G
2026-09-21T16:36:22Z paused since 2026-09-18T08:09Z by ubuntu: run=0 pend=0 df=741G
2026-09-21T16:41:23Z paused since 2026-09-18T08:09Z by ubuntu: run=0 pend=0 df=741G
2026-09-21T16:46:24Z paused since 2026-09-18T08:09Z by ubuntu: run=0 pend=0 df=741G
2026-09-21T16:51:25Z paused since 2026-09-18T08:09Z by ubuntu: run=0 pend=0 df=741G
2026-09-21T16:56:26Z paused since 2026-09-18T08:09Z by ubuntu: run=0 pend=0 df=741G
2026-09-21T17:01:27Z paused since 2026-09-18T08:09Z by ubuntu: run=0 pend=0 df=741G
2026-09-21T17:06:28Z paused since 2026-09-18T08:09Z by ubuntu: run=0 pend=0 df=741G
2026-09-21T17:11:29Z paused since 2026-09-18T08:09Z by ubuntu: run=0 pend=0 df=741G
2026-09-21T17:16:30Z paused since 2026-09-18T08:09Z by ubuntu: run=0 pend=0 df=741G
2026-09-21T17:21:31Z paused since 2026-09-18T08:09Z by ubuntu: run=0 pend=0 df=741G
2026-09-21T17:26:32Z paused since 2026-09-18T08:09Z by ubuntu: run=0 pend=0 df=741G
2026-09-21T17:31:33Z paused since 2026-09-18T08:09Z by ubuntu: run=0 pend=0 df=741G
2026-09-21T17:36:34Z paused since 2026-09-18T08:09Z by ubuntu: run=0 pend=0 df=741G
2026-09-21T17:41:35Z paused since 2026-09-18T08:09Z by ubuntu: run=0 pend=0 df=741G
2026-09-21T17:46:36Z paused since 2026-09-18T08:09Z by ubuntu: run=0 pend=0 df=741G
2026-09-21T17:51:37Z paused since 2026-09-18T08:09Z by ubuntu: run=0 pend=0 df=741G
2026-09-21T17:56:38Z paused since 2026-09-18T08:09Z by ubuntu: run=0 pend=0 df=741G
2026-09-21T18:01:39Z paused since 2026-09-18T08:09Z by ubuntu: run=0 pend=0 df=741G
2026-09-21T18:06:40Z paused since 2026-09-18T08:09Z by ubuntu: run=0 pend=0 df=741G
2026-09-21T18:11:41Z paused since 2026-09-18T08:09Z by ubuntu: run=0 pend=0 df=741G
2026-09-21T18:16:43Z paused since 2026-09-18T08:09Z by ubuntu: run=0 pend=0 df=741G
2026-09-21T18:21:45Z paused since 2026-09-18T08:09Z by ubuntu: run=0 pend=0 df=741G
2026-09-21T18:26:46Z paused since 2026-09-18T08:09Z by ubuntu: run=0 pend=0 df=741G
2026-09-21T18:31:47Z paused since 2026-09-18T08:09Z by ubuntu: run=0 pend=0 df=741G
2026-09-21T18:36:48Z paused since 2026-09-18T08:09Z by ubuntu: run=0 pend=0 df=741G
2026-09-21T18:41:49Z paused since 2026-09-18T08:09Z by ubuntu: run=0 pend=0 df=741G
2026-09-21T18:46:51Z paused since 2026-09-18T08:09Z by ubuntu: run=0 pend=0 df=741G
2026-09-21T18:51:52Z paused since 2026-09-18T08:09Z by ubuntu: run=0 pend=0 df=741G
2026-09-21T18:56:54Z paused since 2026-09-18T08:09Z by ubuntu: run=0 pend=0 df=741G
2026-09-21T19:01:55Z paused since 2026-09-18T08:09Z by ubuntu: run=0 pend=0 df=741G
2026-09-21T19:06:56Z paused since 2026-09-18T08:09Z by ubuntu: run=0 pend=0 df=741G
2026-09-21T19:11:57Z paused since 2026-09-18T08:09Z by ubuntu: run=0 pend=0 df=741G
2026-09-21T19:16:58Z paused since 2026-09-18T08:09Z by ubuntu: run=0 pend=0 df=741G
2026-09-21T19:21:59Z paused since 2026-09-18T08:09Z by ubuntu: run=0 pend=0 df=741G
2026-09-21T19:27:00Z paused since 2026-09-18T08:09Z by ubuntu: run=0 pend=0 df=741G
2026-09-21T19:32:01Z paused since 2026-09-18T08:09Z by ubuntu: run=0 pend=0 df=741G
2026-09-21T19:37:02Z paused since 2026-09-18T08:09Z by ubuntu: run=0 pend=0 df=741G
2026-09-21T19:42:04Z paused since 2026-09-18T08:09Z by ubuntu: run=0 pend=0 df=741G
2026-09-21T19:47:05Z paused since 2026-09-18T08:09Z by ubuntu: run=0 pend=0 df=741G
2026-09-21T19:52:06Z paused since 2026-09-18T08:09Z by ubuntu: run=0 pend=0 df=741G
2026-09-21T19:57:07Z paused since 2026-09-18T08:09Z by ubuntu: run=0 pend=0 df=741G
2026-09-21T20:02:08Z paused since 2026-09-18T08:09Z by ubuntu: run=0 pend=0 df=741G
2026-09-21T20:07:09Z paused since 2026-09-18T08:09Z by ubuntu: run=0 pend=0 df=741G
2026-09-21T20:12:10Z paused since 2026-09-18T08:09Z by ubuntu: run=0 pend=0 df=741G
2026-09-21T20:17:11Z paused since 2026-09-18T08:09Z by ubuntu: run=0 pend=0 df=741G
2026-09-21T20:22:13Z paused since 2026-09-18T08:09Z by ubuntu: run=0 pend=0 df=741G
2026-09-21T20:27:14Z paused since 2026-09-18T08:09Z by ubuntu: run=0 pend=0 df=741G
2026-09-21T20:32:15Z paused since 2026-09-18T08:09Z by ubuntu: run=0 pend=0 df=741G
2026-09-21T20:37:16Z paused since 2026-09-18T08:09Z by ubuntu: run=0 pend=0 df=741G
2026-09-21T20:42:17Z paused since 2026-09-18T08:09Z by ubuntu: run=0 pend=0 df=741G
2026-09-21T20:47:19Z paused since 2026-09-18T08:09Z by ubuntu: run=0 pend=0 df=741G
2026-09-21T20:52:20Z paused since 2026-09-18T08:09Z by ubuntu: run=0 pend=0 df=741G
2026-09-21T20:57:21Z paused since 2026-09-18T08:09Z by ubuntu: run=0 pend=0 df=741G
2026-09-21T21:02:22Z paused since 2026-09-18T08:09Z by ubuntu: run=0 pend=0 df=741G
2026-09-21T21:07:23Z paused since 2026-09-18T08:09Z by ubuntu: run=0 pend=0 df=741G
2026-09-21T21:12:24Z paused since 2026-09-18T08:09Z by ubuntu: run=0 pend=0 df=741G
2026-09-21T21:17:25Z paused since 2026-09-18T08:09Z by ubuntu: run=0 pend=0 df=741G
2026-09-21T21:22:26Z paused since 2026-09-18T08:09Z by ubuntu: run=0 pend=0 df=741G
2026-09-21T21:27:27Z paused since 2026-09-18T08:09Z by ubuntu: run=0 pend=0 df=741G
2026-09-21T21:32:28Z paused since 2026-09-18T08:09Z by ubuntu: run=0 pend=0 df=741G
2026-09-21T21:37:29Z paused since 2026-09-18T08:09Z by ubuntu: run=0 pend=0 df=741G
2026-09-21T21:42:31Z paused since 2026-09-18T08:09Z by ubuntu: run=0 pend=0 df=741G
2026-09-21T21:47:32Z paused since 2026-09-18T08:09Z by ubuntu: run=0 pend=0 df=742G
2026-09-21T21:52:33Z paused since 2026-09-18T08:09Z by ubuntu: run=0 pend=0 df=742G
2026-09-21T21:57:34Z paused since 2026-09-18T08:09Z by ubuntu: run=0 pend=0 df=742G
2026-09-21T22:02:35Z paused since 2026-09-18T08:09Z by ubuntu: run=0 pend=0 df=742G
2026-09-21T22:07:36Z paused since 2026-09-18T08:09Z by ubuntu: run=0 pend=0 df=742G
2026-09-21T22:12:37Z paused since 2026-09-18T08:09Z by ubuntu: run=0 pend=0 df=742G
2026-09-21T22:17:38Z paused since 2026-09-18T08:09Z by ubuntu: run=0 pend=0 df=742G
2026-09-21T22:22:39Z paused since 2026-09-18T08:09Z by ubuntu: run=0 pend=0 df=742G
2026-09-21T22:27:40Z paused since 2026-09-18T08:09Z by ubuntu: run=0 pend=0 df=742G
2026-09-21T22:32:41Z paused since 2026-09-18T08:09Z by ubuntu: run=0 pend=0 df=738G
2026-09-21T22:37:42Z paused since 2026-09-18T08:09Z by ubuntu: run=0 pend=0 df=738G
2026-09-21T22:42:43Z paused since 2026-09-18T08:09Z by ubuntu: run=0 pend=0 df=738G
2026-09-21T22:47:44Z paused since 2026-09-18T08:09Z by ubuntu: run=0 pend=0 df=738G
2026-09-21T22:52:45Z paused since 2026-09-18T08:09Z by ubuntu: run=0 pend=0 df=738G
2026-09-21T22:57:46Z paused since 2026-09-18T08:09Z by ubuntu: run=0 pend=0 df=738G
2026-09-21T23:02:47Z paused since 2026-09-18T08:09Z by ubuntu: run=0 pend=0 df=738G
2026-09-21T23:07:48Z paused since 2026-09-18T08:09Z by ubuntu: run=0 pend=0 df=738G
2026-09-21T23:12:49Z paused since 2026-09-18T08:09Z by ubuntu: run=0 pend=0 df=738G
2026-09-21T23:17:50Z paused since 2026-09-18T08:09Z by ubuntu: run=0 pend=0 df=738G
2026-09-21T23:22:51Z paused since 2026-09-18T08:09Z by ubuntu: run=0 pend=0 df=738G
2026-09-21T23:27:52Z paused since 2026-09-18T08:09Z by ubuntu: run=0 pend=0 df=738G
2026-09-21T23:32:53Z paused since 2026-09-18T08:09Z by ubuntu: run=0 pend=0 df=738G
2026-09-21T23:37:54Z paused since 2026-09-18T08:09Z by ubuntu: run=0 pend=0 df=738G
2026-09-21T23:42:57Z paused since 2026-09-18T08:09Z by ubuntu: run=0 pend=0 df=738G
2026-09-21T23:47:59Z paused since 2026-09-18T08:09Z by ubuntu: run=0 pend=0 df=736G
2026-09-21T23:53:00Z paused since 2026-09-18T08:09Z by ubuntu: run=0 pend=0 df=736G
2026-09-21T23:58:02Z paused since 2026-09-18T08:09Z by ubuntu: run=0 pend=0 df=736G
2026-09-22T00:03:04Z paused since 2026-09-18T08:09Z by ubuntu: run=0 pend=0 df=736G
2026-09-22T00:08:05Z paused since 2026-09-18T08:09Z by ubuntu: run=0 pend=0 df=736G
2026-09-22T00:13:07Z paused since 2026-09-18T08:09Z by ubuntu: run=0 pend=0 df=736G
2026-09-22T00:18:08Z paused since 2026-09-18T08:09Z by ubuntu: run=0 pend=0 df=736G
2026-09-22T00:23:10Z paused since 2026-09-18T08:09Z by ubuntu: run=0 pend=0 df=736G
2026-09-22T00:28:11Z paused since 2026-09-18T08:09Z by ubuntu: run=0 pend=0 df=736G
2026-09-22T00:33:13Z paused since 2026-09-18T08:09Z by ubuntu: run=0 pend=0 df=736G
2026-09-22T00:38:15Z paused since 2026-09-18T08:09Z by ubuntu: run=0 pend=0 df=736G
2026-09-22T00:43:16Z paused since 2026-09-18T08:09Z by ubuntu: run=0 pend=0 df=736G
2026-09-22T00:48:17Z paused since 2026-09-18T08:09Z by ubuntu: run=0 pend=0 df=736G
2026-09-22T00:53:18Z paused since 2026-09-18T08:09Z by ubuntu: run=0 pend=0 df=736G
2026-09-22T00:58:20Z paused since 2026-09-18T08:09Z by ubuntu: run=0 pend=0 df=736G
2026-09-22T01:03:21Z paused since 2026-09-18T08:09Z by ubuntu: run=0 pend=0 df=736G
2026-09-22T01:08:22Z paused since 2026-09-18T08:09Z by ubuntu: run=0 pend=0 df=736G
2026-09-22T01:13:23Z paused since 2026-09-18T08:09Z by ubuntu: run=0 pend=0 df=736G
2026-09-22T01:18:24Z paused since 2026-09-18T08:09Z by ubuntu: run=0 pend=0 df=736G
2026-09-22T01:23:25Z paused since 2026-09-18T08:09Z by ubuntu: run=0 pend=0 df=736G
2026-09-22T01:28:26Z paused since 2026-09-18T08:09Z by ubuntu: run=0 pend=0 df=736G
2026-09-22T01:33:27Z paused since 2026-09-18T08:09Z by ubuntu: run=0 pend=0 df=736G
2026-09-22T01:38:29Z paused since 2026-09-18T08:09Z by ubuntu: run=0 pend=0 df=736G
2026-09-22T01:43:30Z paused since 2026-09-18T08:09Z by ubuntu: run=0 pend=0 df=736G
2026-09-22T01:48:31Z paused since 2026-09-18T08:09Z by ubuntu: run=0 pend=0 df=736G
2026-09-22T01:53:32Z paused since 2026-09-18T08:09Z by ubuntu: run=0 pend=0 df=736G
2026-09-22T01:58:33Z paused since 2026-09-18T08:09Z by ubuntu: run=0 pend=0 df=736G
2026-09-22T02:03:34Z paused since 2026-09-18T08:09Z by ubuntu: run=0 pend=0 df=736G
2026-09-22T02:08:35Z paused since 2026-09-18T08:09Z by ubuntu: run=0 pend=0 df=736G
2026-09-22T02:13:36Z paused since 2026-09-18T08:09Z by ubuntu: run=0 pend=0 df=736G
2026-09-22T02:18:37Z paused since 2026-09-18T08:09Z by ubuntu: run=0 pend=0 df=736G
2026-09-22T02:23:38Z paused since 2026-09-18T08:09Z by ubuntu: run=0 pend=0 df=736G
2026-09-22T02:28:39Z paused since 2026-09-18T08:09Z by ubuntu: run=0 pend=0 df=736G
2026-09-22T02:33:40Z paused since 2026-09-18T08:09Z by ubuntu: run=0 pend=0 df=736G
2026-09-22T02:38:41Z paused since 2026-09-18T08:09Z by ubuntu: run=0 pend=0 df=736G
2026-09-22T02:43:43Z paused since 2026-09-18T08:09Z by ubuntu: run=0 pend=0 df=736G
2026-09-22T02:48:44Z paused since 2026-09-18T08:09Z by ubuntu: run=0 pend=0 df=736G
2026-09-22T02:53:45Z paused since 2026-09-18T08:09Z by ubuntu: run=0 pend=0 df=736G
2026-09-22T02:58:46Z paused since 2026-09-18T08:09Z by ubuntu: run=0 pend=0 df=736G
2026-09-22T03:03:47Z paused since 2026-09-18T08:09Z by ubuntu: run=0 pend=0 df=736G
2026-09-22T03:08:48Z paused since 2026-09-18T08:09Z by ubuntu: run=0 pend=0 df=736G
2026-09-22T03:13:49Z paused since 2026-09-18T08:09Z by ubuntu: run=0 pend=0 df=736G
2026-09-22T03:18:50Z paused since 2026-09-18T08:09Z by ubuntu: run=0 pend=0 df=736G
2026-09-22T03:23:52Z paused since 2026-09-18T08:09Z by ubuntu: run=0 pend=0 df=736G
2026-09-22T03:28:53Z paused since 2026-09-18T08:09Z by ubuntu: run=0 pend=0 df=736G
2026-09-22T03:33:54Z paused since 2026-09-18T08:09Z by ubuntu: run=0 pend=0 df=736G
2026-09-22T03:38:55Z paused since 2026-09-18T08:09Z by ubuntu: run=0 pend=0 df=736G
2026-09-22T03:43:56Z paused since 2026-09-18T08:09Z by ubuntu: run=0 pend=0 df=736G
2026-09-22T03:48:57Z paused since 2026-09-18T08:09Z by ubuntu: run=0 pend=0 df=736G
2026-09-22T03:53:58Z paused since 2026-09-18T08:09Z by ubuntu: run=0 pend=0 df=736G
2026-09-22T03:58:59Z paused since 2026-09-18T08:09Z by ubuntu: run=0 pend=0 df=736G
2026-09-22T04:04:00Z paused since 2026-09-18T08:09Z by ubuntu: run=0 pend=0 df=736G
2026-09-22T04:09:01Z paused since 2026-09-18T08:09Z by ubuntu: run=0 pend=0 df=736G
2026-09-22T04:14:02Z paused since 2026-09-18T08:09Z by ubuntu: run=0 pend=0 df=736G
2026-09-22T04:19:03Z paused since 2026-09-18T08:09Z by ubuntu: run=0 pend=0 df=736G
2026-09-22T04:24:05Z paused since 2026-09-18T08:09Z by ubuntu: run=0 pend=0 df=736G
2026-09-22T04:29:06Z paused since 2026-09-18T08:09Z by ubuntu: run=0 pend=0 df=736G
2026-09-22T04:34:07Z paused since 2026-09-18T08:09Z by ubuntu: run=0 pend=0 df=736G
2026-09-22T04:39:08Z paused since 2026-09-18T08:09Z by ubuntu: run=0 pend=0 df=736G
2026-09-22T04:44:09Z paused since 2026-09-18T08:09Z by ubuntu: run=0 pend=0 df=736G
2026-09-22T04:49:10Z paused since 2026-09-18T08:09Z by ubuntu: run=0 pend=0 df=736G
2026-09-22T04:54:11Z paused since 2026-09-18T08:09Z by ubuntu: run=0 pend=0 df=736G
2026-09-22T04:59:12Z paused since 2026-09-18T08:09Z by ubuntu: run=0 pend=0 df=736G
2026-09-22T05:04:13Z paused since 2026-09-18T08:09Z by ubuntu: run=0 pend=0 df=736G
2026-09-22T05:09:14Z paused since 2026-09-18T08:09Z by ubuntu: run=0 pend=0 df=736G
2026-09-22T05:14:16Z paused since 2026-09-18T08:09Z by ubuntu: run=0 pend=0 df=736G
2026-09-22T05:19:17Z paused since 2026-09-18T08:09Z by ubuntu: run=0 pend=0 df=736G
2026-09-22T05:24:18Z paused since 2026-09-18T08:09Z by ubuntu: run=0 pend=0 df=736G
2026-09-22T05:29:19Z paused since 2026-09-18T08:09Z by ubuntu: run=0 pend=0 df=736G
2026-09-22T05:34:20Z paused since 2026-09-18T08:09Z by ubuntu: run=0 pend=0 df=736G
2026-09-22T05:39:21Z paused since 2026-09-18T08:09Z by ubuntu: run=0 pend=0 df=736G
2026-09-22T05:44:22Z paused since 2026-09-18T08:09Z by ubuntu: run=0 pend=0 df=736G
2026-09-22T05:49:23Z paused since 2026-09-18T08:09Z by ubuntu: run=0 pend=0 df=736G
2026-09-22T05:54:24Z paused since 2026-09-18T08:09Z by ubuntu: run=0 pend=0 df=736G
2026-09-22T05:59:25Z paused since 2026-09-18T08:09Z by ubuntu: run=0 pend=0 df=736G
2026-09-22T06:04:26Z paused since 2026-09-18T08:09Z by ubuntu: run=0 pend=0 df=736G
2026-09-22T06:09:27Z paused since 2026-09-18T08:09Z by ubuntu: run=0 pend=0 df=736G
2026-09-22T06:14:28Z paused since 2026-09-18T08:09Z by ubuntu: run=0 pend=0 df=736G
2026-09-22T06:19:29Z paused since 2026-09-18T08:09Z by ubuntu: run=0 pend=0 df=736G
2026-09-22T06:24:31Z paused since 2026-09-18T08:09Z by ubuntu: run=0 pend=0 df=736G
2026-09-22T06:29:32Z paused since 2026-09-18T08:09Z by ubuntu: run=0 pend=0 df=736G
2026-09-22T06:34:33Z paused since 2026-09-18T08:09Z by ubuntu: run=0 pend=0 df=736G
2026-09-22T06:39:34Z paused since 2026-09-18T08:09Z by ubuntu: run=0 pend=0 df=736G
2026-09-22T06:44:35Z paused since 2026-09-18T08:09Z by ubuntu: run=0 pend=0 df=736G
2026-09-22T06:49:37Z paused since 2026-09-18T08:09Z by ubuntu: run=0 pend=0 df=736G
2026-09-22T06:54:38Z paused since 2026-09-18T08:09Z by ubuntu: run=0 pend=0 df=736G
2026-09-22T06:59:39Z paused since 2026-09-18T08:09Z by ubuntu: run=0 pend=0 df=736G
2026-09-22T07:04:40Z paused since 2026-09-18T08:09Z by ubuntu: run=0 pend=0 df=736G
2026-09-22T07:09:41Z paused since 2026-09-18T08:09Z by ubuntu: run=0 pend=0 df=736G
2026-09-22T07:14:43Z paused since 2026-09-18T08:09Z by ubuntu: run=0 pend=0 df=736G
2026-09-22T07:19:44Z paused since 2026-09-18T08:09Z by ubuntu: run=0 pend=0 df=736G
2026-09-22T07:24:45Z paused since 2026-09-18T08:09Z by ubuntu: run=0 pend=0 df=736G
2026-09-22T07:29:46Z paused since 2026-09-18T08:09Z by ubuntu: run=0 pend=0 df=736G
2026-09-22T07:34:47Z paused since 2026-09-18T08:09Z by ubuntu: run=0 pend=0 df=736G
2026-09-22T07:39:48Z paused since 2026-09-18T08:09Z by ubuntu: run=0 pend=0 df=736G
2026-09-22T07:44:49Z paused since 2026-09-18T08:09Z by ubuntu: run=0 pend=0 df=736G
2026-09-22T07:49:50Z paused since 2026-09-18T08:09Z by ubuntu: run=0 pend=0 df=736G
2026-09-22T07:54:51Z paused since 2026-09-18T08:09Z by ubuntu: run=0 pend=0 df=736G
2026-09-22T07:59:52Z paused since 2026-09-18T08:09Z by ubuntu: run=0 pend=0 df=736G
2026-09-22T08:04:53Z paused since 2026-09-18T08:09Z by ubuntu: run=0 pend=0 df=736G
2026-09-22T08:09:54Z paused since 2026-09-18T08:09Z by ubuntu: run=0 pend=0 df=736G
2026-09-22T08:14:55Z paused since 2026-09-18T08:09Z by ubuntu: run=0 pend=0 df=736G
2026-09-22T08:19:56Z paused since 2026-09-18T08:09Z by ubuntu: run=0 pend=0 df=736G
2026-09-22T08:24:57Z paused since 2026-09-18T08:09Z by ubuntu: run=0 pend=0 df=736G
2026-09-22T08:29:58Z paused since 2026-09-18T08:09Z by ubuntu: run=0 pend=0 df=736G
2026-09-22T08:34:59Z paused since 2026-09-18T08:09Z by ubuntu: run=0 pend=0 df=736G
2026-09-22T08:40:00Z paused since 2026-09-18T08:09Z by ubuntu: run=0 pend=0 df=736G
2026-09-22T08:45:01Z paused since 2026-09-18T08:09Z by ubuntu: run=0 pend=0 df=736G
2026-09-22T08:50:02Z paused since 2026-09-18T08:09Z by ubuntu: run=0 pend=0 df=736G
2026-09-22T08:55:04Z paused since 2026-09-18T08:09Z by ubuntu: run=0 pend=0 df=736G
2026-09-22T09:00:05Z paused since 2026-09-18T08:09Z by ubuntu: run=0 pend=0 df=736G
2026-09-22T09:05:06Z paused since 2026-09-18T08:09Z by ubuntu: run=0 pend=0 df=736G
2026-09-22T09:10:07Z paused since 2026-09-18T08:09Z by ubuntu: run=0 pend=0 df=736G
2026-09-22T09:15:08Z paused since 2026-09-18T08:09Z by ubuntu: run=0 pend=0 df=736G
2026-09-22T09:20:09Z paused since 2026-09-18T08:09Z by ubuntu: run=0 pend=0 df=736G
2026-09-22T09:25:10Z paused since 2026-09-18T08:09Z by ubuntu: run=0 pend=0 df=736G
2026-09-22T09:30:11Z paused since 2026-09-18T08:09Z by ubuntu: run=0 pend=0 df=736G
2026-09-22T09:35:12Z paused since 2026-09-18T08:09Z by ubuntu: run=0 pend=0 df=736G
2026-09-22T09:40:13Z paused since 2026-09-18T08:09Z by ubuntu: run=0 pend=0 df=736G
2026-09-22T09:45:14Z paused since 2026-09-18T08:09Z by ubuntu: run=0 pend=0 df=736G
2026-09-22T09:50:15Z paused since 2026-09-18T08:09Z by ubuntu: run=0 pend=0 df=736G
2026-09-22T09:55:16Z paused since 2026-09-18T08:09Z by ubuntu: run=0 pend=0 df=736G
2026-09-22T10:00:17Z paused since 2026-09-18T08:09Z by ubuntu: run=0 pend=0 df=736G
2026-09-22T10:05:18Z paused since 2026-09-18T08:09Z by ubuntu: run=0 pend=0 df=736G
2026-09-22T10:10:19Z paused since 2026-09-18T08:09Z by ubuntu: run=0 pend=0 df=736G
2026-09-22T10:15:20Z paused since 2026-09-18T08:09Z by ubuntu: run=0 pend=0 df=736G
2026-09-22T10:20:21Z paused since 2026-09-18T08:09Z by ubuntu: run=0 pend=0 df=736G
2026-09-22T10:25:22Z paused since 2026-09-18T08:09Z by ubuntu: run=0 pend=0 df=736G
2026-09-22T10:30:24Z paused since 2026-09-18T08:09Z by ubuntu: run=0 pend=0 df=736G
2026-09-22T10:35:25Z paused since 2026-09-18T08:09Z by ubuntu: run=0 pend=0 df=736G
2026-09-22T10:40:26Z paused since 2026-09-18T08:09Z by ubuntu: run=0 pend=0 df=736G
2026-09-22T10:45:27Z paused since 2026-09-18T08:09Z by ubuntu: run=0 pend=0 df=736G
2026-09-22T10:50:28Z paused since 2026-09-18T08:09Z by ubuntu: run=0 pend=0 df=736G
2026-09-22T10:55:29Z paused since 2026-09-18T08:09Z by ubuntu: run=0 pend=0 df=736G
2026-09-22T11:00:30Z paused since 2026-09-18T08:09Z by ubuntu: run=0 pend=0 df=736G
2026-09-22T11:05:31Z paused since 2026-09-18T08:09Z by ubuntu: run=0 pend=0 df=736G
2026-09-22T11:10:33Z paused since 2026-09-18T08:09Z by ubuntu: run=0 pend=0 df=736G
2026-09-22T11:15:34Z paused since 2026-09-18T08:09Z by ubuntu: run=0 pend=0 df=736G
2026-09-22T11:20:35Z paused since 2026-09-18T08:09Z by ubuntu: run=0 pend=0 df=736G
2026-09-22T11:25:36Z paused since 2026-09-18T08:09Z by ubuntu: run=0 pend=0 df=736G
2026-09-22T11:30:37Z paused since 2026-09-18T08:09Z by ubuntu: run=0 pend=0 df=736G
2026-09-22T11:35:38Z paused since 2026-09-18T08:09Z by ubuntu: run=0 pend=0 df=736G
2026-09-22T11:40:39Z paused since 2026-09-18T08:09Z by ubuntu: run=0 pend=0 df=736G
2026-09-22T11:45:40Z paused since 2026-09-18T08:09Z by ubuntu: run=0 pend=0 df=736G
2026-09-22T11:50:41Z paused since 2026-09-18T08:09Z by ubuntu: run=0 pend=0 df=736G
2026-09-22T11:55:42Z paused since 2026-09-18T08:09Z by ubuntu: run=0 pend=0 df=736G
2026-09-22T12:00:43Z paused since 2026-09-18T08:09Z by ubuntu: run=0 pend=0 df=736G
2026-09-22T12:05:44Z paused since 2026-09-18T08:09Z by ubuntu: run=0 pend=0 df=736G
2026-09-22T12:10:45Z paused since 2026-09-18T08:09Z by ubuntu: run=0 pend=0 df=736G
2026-09-22T12:15:46Z paused since 2026-09-18T08:09Z by ubuntu: run=0 pend=0 df=736G
2026-09-22T12:20:47Z paused since 2026-09-18T08:09Z by ubuntu: run=0 pend=0 df=736G
2026-09-22T12:25:48Z paused since 2026-09-18T08:09Z by ubuntu: run=0 pend=0 df=736G
2026-09-22T12:30:49Z paused since 2026-09-18T08:09Z by ubuntu: run=0 pend=0 df=736G
2026-09-22T12:35:50Z paused since 2026-09-18T08:09Z by ubuntu: run=0 pend=0 df=736G
2026-09-22T12:40:51Z paused since 2026-09-18T08:09Z by ubuntu: run=0 pend=0 df=736G
2026-09-22T12:45:52Z paused since 2026-09-18T08:09Z by ubuntu: run=0 pend=0 df=736G
2026-09-22T12:50:53Z paused since 2026-09-18T08:09Z by ubuntu: run=0 pend=0 df=736G
2026-09-22T12:55:55Z paused since 2026-09-18T08:09Z by ubuntu: run=0 pend=0 df=736G
2026-09-22T13:00:56Z paused since 2026-09-18T08:09Z by ubuntu: run=0 pend=0 df=736G
2026-09-22T13:05:57Z paused since 2026-09-18T08:09Z by ubuntu: run=0 pend=0 df=736G
2026-09-22T13:10:58Z paused since 2026-09-18T08:09Z by ubuntu: run=0 pend=0 df=736G
2026-09-22T13:15:59Z paused since 2026-09-18T08:09Z by ubuntu: run=0 pend=0 df=736G
2026-09-22T13:21:00Z paused since 2026-09-18T08:09Z by ubuntu: run=0 pend=0 df=736G
2026-09-22T13:26:01Z paused since 2026-09-18T08:09Z by ubuntu: run=0 pend=0 df=736G
2026-09-22T13:31:02Z paused since 2026-09-18T08:09Z by ubuntu: run=0 pend=0 df=736G
2026-09-22T13:36:03Z paused since 2026-09-18T08:09Z by ubuntu: run=0 pend=0 df=736G
2026-09-22T13:41:04Z paused since 2026-09-18T08:09Z by ubuntu: run=0 pend=0 df=736G
2026-09-22T13:46:05Z paused since 2026-09-18T08:09Z by ubuntu: run=0 pend=0 df=736G
2026-09-22T13:51:06Z paused since 2026-09-18T08:09Z by ubuntu: run=0 pend=0 df=736G
2026-09-22T13:56:07Z paused since 2026-09-18T08:09Z by ubuntu: run=0 pend=0 df=736G
2026-09-22T14:01:08Z paused since 2026-09-18T08:09Z by ubuntu: run=0 pend=0 df=736G
2026-09-22T14:06:09Z paused since 2026-09-18T08:09Z by ubuntu: run=0 pend=0 df=736G
2026-09-22T14:11:10Z paused since 2026-09-18T08:09Z by ubuntu: run=0 pend=0 df=736G
2026-09-22T14:16:11Z paused since 2026-09-18T08:09Z by ubuntu: run=0 pend=0 df=736G
2026-09-22T14:21:13Z paused since 2026-09-18T08:09Z by ubuntu: run=0 pend=0 df=736G
2026-09-22T14:26:14Z paused since 2026-09-18T08:09Z by ubuntu: run=0 pend=0 df=736G
2026-09-22T14:31:15Z paused since 2026-09-18T08:09Z by ubuntu: run=0 pend=0 df=736G
2026-09-22T14:36:16Z paused since 2026-09-18T08:09Z by ubuntu: run=0 pend=0 df=736G
2026-09-22T14:41:17Z paused since 2026-09-18T08:09Z by ubuntu: run=0 pend=0 df=736G
2026-09-22T14:46:18Z paused since 2026-09-18T08:09Z by ubuntu: run=0 pend=0 df=736G
2026-09-22T14:51:19Z paused since 2026-09-18T08:09Z by ubuntu: run=0 pend=0 df=736G
2026-09-22T14:56:20Z paused since 2026-09-18T08:09Z by ubuntu: run=0 pend=0 df=736G
2026-09-22T15:01:21Z paused since 2026-09-18T08:09Z by ubuntu: run=0 pend=0 df=736G
2026-09-22T15:06:23Z paused since 2026-09-18T08:09Z by ubuntu: run=0 pend=0 df=736G
2026-09-22T15:11:24Z paused since 2026-09-18T08:09Z by ubuntu: run=0 pend=0 df=736G
2026-09-22T15:16:25Z paused since 2026-09-18T08:09Z by ubuntu: run=0 pend=0 df=736G
2026-09-22T15:21:26Z paused since 2026-09-18T08:09Z by ubuntu: run=0 pend=0 df=736G
2026-09-22T15:26:27Z paused since 2026-09-18T08:09Z by ubuntu: run=0 pend=0 df=736G
2026-09-22T15:31:28Z paused since 2026-09-18T08:09Z by ubuntu: run=0 pend=0 df=736G
2026-09-22T15:36:29Z paused since 2026-09-18T08:09Z by ubuntu: run=0 pend=0 df=736G
2026-09-22T15:41:30Z paused since 2026-09-18T08:09Z by ubuntu: run=0 pend=0 df=736G
2026-09-22T15:46:31Z paused since 2026-09-18T08:09Z by ubuntu: run=0 pend=0 df=736G
2026-09-22T15:51:32Z paused since 2026-09-18T08:09Z by ubuntu: run=0 pend=0 df=736G
2026-09-22T15:56:33Z paused since 2026-09-18T08:09Z by ubuntu: run=0 pend=0 df=736G
2026-09-22T16:01:34Z paused since 2026-09-18T08:09Z by ubuntu: run=0 pend=0 df=736G
2026-09-22T16:06:35Z paused since 2026-09-18T08:09Z by ubuntu: run=0 pend=0 df=736G
2026-09-22T16:11:36Z paused since 2026-09-18T08:09Z by ubuntu: run=0 pend=0 df=736G
2026-09-22T16:16:37Z paused since 2026-09-18T08:09Z by ubuntu: run=0 pend=0 df=736G
2026-09-22T16:21:38Z paused since 2026-09-18T08:09Z by ubuntu: run=0 pend=0 df=736G
2026-09-22T16:26:39Z paused since 2026-09-18T08:09Z by ubuntu: run=0 pend=0 df=736G
2026-09-22T16:31:40Z paused since 2026-09-18T08:09Z by ubuntu: run=0 pend=0 df=736G
2026-09-22T16:36:41Z paused since 2026-09-18T08:09Z by ubuntu: run=0 pend=0 df=736G
2026-09-22T16:41:42Z paused since 2026-09-18T08:09Z by ubuntu: run=0 pend=0 df=735G
2026-09-22T16:46:43Z paused since 2026-09-18T08:09Z by ubuntu: run=0 pend=0 df=809G
2026-09-22T16:51:44Z paused since 2026-09-18T08:09Z by ubuntu: run=0 pend=0 df=809G
2026-09-22T16:56:45Z paused since 2026-09-18T08:09Z by ubuntu: run=0 pend=0 df=809G
2026-09-22T17:01:46Z paused since 2026-09-18T08:09Z by ubuntu: run=0 pend=0 df=809G
2026-09-22T17:06:47Z paused since 2026-09-18T08:09Z by ubuntu: run=0 pend=0 df=809G
2026-09-22T17:11:49Z paused since 2026-09-18T08:09Z by ubuntu: run=0 pend=0 df=809G
2026-09-22T17:16:50Z paused since 2026-09-18T08:09Z by ubuntu: run=0 pend=0 df=809G
2026-09-22T17:21:51Z paused since 2026-09-18T08:09Z by ubuntu: run=0 pend=0 df=809G
2026-09-22T17:26:52Z paused since 2026-09-18T08:09Z by ubuntu: run=0 pend=0 df=809G
2026-09-22T17:31:53Z paused since 2026-09-18T08:09Z by ubuntu: run=0 pend=0 df=809G
2026-09-22T17:36:54Z paused since 2026-09-18T08:09Z by ubuntu: run=0 pend=0 df=809G
2026-09-22T17:41:55Z paused since 2026-09-18T08:09Z by ubuntu: run=0 pend=0 df=809G
2026-09-22T17:46:56Z paused since 2026-09-18T08:09Z by ubuntu: run=0 pend=0 df=809G
2026-09-22T17:51:57Z paused since 2026-09-18T08:09Z by ubuntu: run=0 pend=0 df=809G
2026-09-22T17:56:58Z paused since 2026-09-18T08:09Z by ubuntu: run=0 pend=0 df=809G
2026-09-22T18:01:59Z paused since 2026-09-18T08:09Z by ubuntu: run=0 pend=0 df=809G
2026-09-22T18:07:00Z paused since 2026-09-18T08:09Z by ubuntu: run=0 pend=0 df=809G
2026-09-22T18:12:01Z paused since 2026-09-18T08:09Z by ubuntu: run=0 pend=0 df=809G
2026-09-22T18:17:02Z paused since 2026-09-18T08:09Z by ubuntu: run=0 pend=0 df=809G
2026-09-22T18:22:03Z paused since 2026-09-18T08:09Z by ubuntu: run=0 pend=0 df=809G
2026-09-22T18:27:04Z paused since 2026-09-18T08:09Z by ubuntu: run=0 pend=0 df=809G
2026-09-22T18:32:05Z paused since 2026-09-18T08:09Z by ubuntu: run=0 pend=0 df=809G
2026-09-22T18:37:06Z paused since 2026-09-18T08:09Z by ubuntu: run=0 pend=0 df=809G
2026-09-22T18:42:07Z paused since 2026-09-18T08:09Z by ubuntu: run=0 pend=0 df=809G
2026-09-22T18:47:08Z paused since 2026-09-18T08:09Z by ubuntu: run=0 pend=0 df=809G
2026-09-22T18:52:09Z paused since 2026-09-18T08:09Z by ubuntu: run=0 pend=0 df=809G
2026-09-22T18:57:10Z paused since 2026-09-18T08:09Z by ubuntu: run=0 pend=0 df=809G
2026-09-22T19:02:11Z paused since 2026-09-18T08:09Z by ubuntu: run=0 pend=0 df=809G
2026-09-22T19:07:12Z paused since 2026-09-18T08:09Z by ubuntu: run=0 pend=0 df=809G
2026-09-22T19:12:13Z paused since 2026-09-18T08:09Z by ubuntu: run=0 pend=0 df=807G
2026-09-22T19:17:14Z paused since 2026-09-18T08:09Z by ubuntu: run=0 pend=0 df=805G
2026-09-22T19:22:15Z paused since 2026-09-18T08:09Z by ubuntu: run=0 pend=0 df=804G
2026-09-22T19:27:16Z paused since 2026-09-18T08:09Z by ubuntu: run=0 pend=0 df=804G
2026-09-22T19:32:17Z paused since 2026-09-18T08:09Z by ubuntu: run=0 pend=0 df=800G
2026-09-22T19:37:18Z paused since 2026-09-18T08:09Z by ubuntu: run=0 pend=0 df=800G
2026-09-22T19:42:19Z paused since 2026-09-18T08:09Z by ubuntu: run=0 pend=0 df=798G
2026-09-22T19:47:20Z paused since 2026-09-18T08:09Z by ubuntu: run=0 pend=0 df=796G
2026-09-22T19:52:21Z paused since 2026-09-18T08:09Z by ubuntu: run=0 pend=0 df=792G
2026-09-22T19:57:23Z paused since 2026-09-18T08:09Z by ubuntu: run=0 pend=0 df=790G
2026-09-22T20:02:24Z paused since 2026-09-18T08:09Z by ubuntu: run=0 pend=0 df=790G
2026-09-22T20:07:25Z paused since 2026-09-18T08:09Z by ubuntu: run=0 pend=0 df=788G
2026-09-22T20:12:26Z paused since 2026-09-18T08:09Z by ubuntu: run=0 pend=0 df=786G
2026-09-22T20:17:27Z paused since 2026-09-18T08:09Z by ubuntu: run=0 pend=0 df=783G
2026-09-22T20:22:28Z paused since 2026-09-18T08:09Z by ubuntu: run=0 pend=0 df=779G
2026-09-22T20:27:29Z paused since 2026-09-18T08:09Z by ubuntu: run=0 pend=0 df=777G
2026-09-22T20:32:30Z paused since 2026-09-18T08:09Z by ubuntu: run=0 pend=0 df=773G
2026-09-22T20:37:31Z paused since 2026-09-18T08:09Z by ubuntu: run=0 pend=0 df=771G
2026-09-22T20:42:32Z paused since 2026-09-18T08:09Z by ubuntu: run=0 pend=0 df=771G
2026-09-22T20:47:33Z paused since 2026-09-18T08:09Z by ubuntu: run=0 pend=0 df=769G
2026-09-22T20:52:34Z paused since 2026-09-18T08:09Z by ubuntu: run=0 pend=0 df=765G
2026-09-22T20:57:35Z paused since 2026-09-18T08:09Z by ubuntu: run=0 pend=0 df=765G
2026-09-22T21:02:36Z paused since 2026-09-18T08:09Z by ubuntu: run=0 pend=0 df=764G
2026-09-22T21:07:37Z paused since 2026-09-18T08:09Z by ubuntu: run=0 pend=0 df=762G
2026-09-22T21:12:38Z paused since 2026-09-18T08:09Z by ubuntu: run=0 pend=0 df=760G
2026-09-22T21:17:39Z paused since 2026-09-18T08:09Z by ubuntu: run=0 pend=0 df=760G
2026-09-22T21:22:41Z paused since 2026-09-18T08:09Z by ubuntu: run=0 pend=0 df=758G
2026-09-22T21:27:42Z paused since 2026-09-18T08:09Z by ubuntu: run=0 pend=0 df=756G
2026-09-22T21:32:43Z paused since 2026-09-18T08:09Z by ubuntu: run=0 pend=0 df=756G
2026-09-22T21:37:44Z paused since 2026-09-18T08:09Z by ubuntu: run=0 pend=0 df=756G
2026-09-22T21:42:45Z paused since 2026-09-18T08:09Z by ubuntu: run=0 pend=0 df=756G
2026-09-22T21:47:46Z paused since 2026-09-18T08:09Z by ubuntu: run=0 pend=0 df=756G
2026-09-22T21:52:47Z paused since 2026-09-18T08:09Z by ubuntu: run=0 pend=0 df=737G
2026-09-22T21:57:48Z paused since 2026-09-18T08:09Z by ubuntu: run=0 pend=0 df=735G
2026-09-22T22:02:49Z paused since 2026-09-18T08:09Z by ubuntu: run=0 pend=0 df=735G
2026-09-22T22:07:50Z paused since 2026-09-18T08:09Z by ubuntu: run=0 pend=0 df=735G
2026-09-22T22:12:51Z paused since 2026-09-18T08:09Z by ubuntu: run=0 pend=0 df=735G
2026-09-22T22:17:52Z paused since 2026-09-18T08:09Z by ubuntu: run=0 pend=0 df=735G
2026-09-22T22:22:53Z paused since 2026-09-18T08:09Z by ubuntu: run=0 pend=0 df=735G
2026-09-22T22:27:54Z paused since 2026-09-18T08:09Z by ubuntu: run=0 pend=0 df=735G
2026-09-22T22:32:56Z paused since 2026-09-18T08:09Z by ubuntu: run=0 pend=0 df=735G
2026-09-22T22:37:57Z paused since 2026-09-18T08:09Z by ubuntu: run=0 pend=0 df=735G
2026-09-22T22:42:58Z paused since 2026-09-18T08:09Z by ubuntu: run=0 pend=0 df=735G
2026-09-22T22:47:59Z paused since 2026-09-18T08:09Z by ubuntu: run=0 pend=0 df=735G
2026-09-22T22:53:00Z paused since 2026-09-18T08:09Z by ubuntu: run=0 pend=0 df=735G
2026-09-22T22:58:01Z paused since 2026-09-18T08:09Z by ubuntu: run=0 pend=0 df=735G
2026-09-22T23:03:03Z paused since 2026-09-18T08:09Z by ubuntu: run=0 pend=0 df=735G
2026-09-22T23:08:04Z paused since 2026-09-18T08:09Z by ubuntu: run=0 pend=0 df=735G
2026-09-22T23:13:05Z paused since 2026-09-18T08:09Z by ubuntu: run=0 pend=0 df=735G
2026-09-22T23:18:06Z paused since 2026-09-18T08:09Z by ubuntu: run=0 pend=0 df=735G
2026-09-22T23:23:07Z paused since 2026-09-18T08:09Z by ubuntu: run=0 pend=0 df=735G
2026-09-22T23:28:08Z paused since 2026-09-18T08:09Z by ubuntu: run=0 pend=0 df=735G
2026-09-22T23:33:09Z paused since 2026-09-18T08:09Z by ubuntu: run=0 pend=0 df=735G
2026-09-22T23:38:11Z paused since 2026-09-18T08:09Z by ubuntu: run=0 pend=0 df=735G
2026-09-22T23:43:12Z paused since 2026-09-18T08:09Z by ubuntu: run=0 pend=0 df=735G
2026-09-22T23:48:13Z paused since 2026-09-18T08:09Z by ubuntu: run=0 pend=0 df=735G
2026-09-22T23:53:14Z paused since 2026-09-18T08:09Z by ubuntu: run=0 pend=0 df=735G
2026-09-22T23:58:15Z paused since 2026-09-18T08:09Z by ubuntu: run=0 pend=0 df=735G
2026-09-23T00:03:16Z paused since 2026-09-18T08:09Z by ubuntu: run=0 pend=0 df=735G
2026-09-23T00:08:18Z paused since 2026-09-18T08:09Z by ubuntu: run=0 pend=0 df=735G
2026-09-23T00:13:19Z paused since 2026-09-18T08:09Z by ubuntu: run=0 pend=0 df=735G
2026-09-23T00:18:20Z paused since 2026-09-18T08:09Z by ubuntu: run=0 pend=0 df=735G
2026-09-23T00:23:21Z paused since 2026-09-18T08:09Z by ubuntu: run=0 pend=0 df=735G
2026-09-23T00:28:22Z paused since 2026-09-18T08:09Z by ubuntu: run=0 pend=0 df=735G
2026-09-23T00:33:24Z paused since 2026-09-18T08:09Z by ubuntu: run=0 pend=0 df=735G
2026-09-23T00:38:25Z paused since 2026-09-18T08:09Z by ubuntu: run=0 pend=0 df=735G
2026-09-23T00:43:26Z paused since 2026-09-18T08:09Z by ubuntu: run=0 pend=0 df=735G
2026-09-23T00:48:27Z paused since 2026-09-18T08:09Z by ubuntu: run=0 pend=0 df=735G
2026-09-23T00:53:28Z paused since 2026-09-18T08:09Z by ubuntu: run=0 pend=0 df=735G
2026-09-23T00:58:29Z paused since 2026-09-18T08:09Z by ubuntu: run=0 pend=0 df=735G
2026-09-23T01:03:30Z paused since 2026-09-18T08:09Z by ubuntu: run=0 pend=0 df=735G
2026-09-23T01:08:32Z paused since 2026-09-18T08:09Z by ubuntu: run=0 pend=0 df=735G
2026-09-23T01:13:33Z paused since 2026-09-18T08:09Z by ubuntu: run=0 pend=0 df=735G
2026-09-23T01:18:34Z paused since 2026-09-18T08:09Z by ubuntu: run=0 pend=0 df=735G
2026-09-23T01:23:35Z paused since 2026-09-18T08:09Z by ubuntu: run=0 pend=0 df=735G
2026-09-23T01:28:36Z paused since 2026-09-18T08:09Z by ubuntu: run=0 pend=0 df=735G
2026-09-23T01:33:37Z paused since 2026-09-18T08:09Z by ubuntu: run=0 pend=0 df=735G
2026-09-23T01:38:38Z paused since 2026-09-18T08:09Z by ubuntu: run=0 pend=0 df=735G
2026-09-23T01:43:39Z paused since 2026-09-18T08:09Z by ubuntu: run=0 pend=0 df=735G
2026-09-23T01:48:40Z paused since 2026-09-18T08:09Z by ubuntu: run=0 pend=0 df=735G
2026-09-23T01:53:41Z paused since 2026-09-18T08:09Z by ubuntu: run=0 pend=0 df=735G
2026-09-23T01:58:42Z paused since 2026-09-18T08:09Z by ubuntu: run=0 pend=0 df=735G
2026-09-23T02:03:44Z paused since 2026-09-18T08:09Z by ubuntu: run=0 pend=0 df=735G
2026-09-23T02:08:45Z paused since 2026-09-18T08:09Z by ubuntu: run=0 pend=0 df=735G
2026-09-23T02:13:46Z paused since 2026-09-18T08:09Z by ubuntu: run=0 pend=0 df=735G
2026-09-23T02:18:47Z paused since 2026-09-18T08:09Z by ubuntu: run=0 pend=0 df=735G
2026-09-23T02:23:48Z paused since 2026-09-18T08:09Z by ubuntu: run=0 pend=0 df=735G
2026-09-23T02:28:49Z paused since 2026-09-18T08:09Z by ubuntu: run=0 pend=0 df=735G
2026-09-23T02:33:50Z paused since 2026-09-18T08:09Z by ubuntu: run=0 pend=0 df=735G
2026-09-23T02:38:51Z paused since 2026-09-18T08:09Z by ubuntu: run=0 pend=0 df=735G
2026-09-23T02:43:52Z paused since 2026-09-18T08:09Z by ubuntu: run=0 pend=0 df=735G
2026-09-23T02:48:53Z paused since 2026-09-18T08:09Z by ubuntu: run=0 pend=0 df=735G
2026-09-23T02:53:55Z paused since 2026-09-18T08:09Z by ubuntu: run=0 pend=0 df=735G
2026-09-23T02:58:56Z paused since 2026-09-18T08:09Z by ubuntu: run=0 pend=0 df=735G
2026-09-23T03:03:57Z paused since 2026-09-18T08:09Z by ubuntu: run=0 pend=0 df=735G
2026-09-23T03:08:58Z paused since 2026-09-18T08:09Z by ubuntu: run=0 pend=0 df=735G
2026-09-23T03:13:59Z paused since 2026-09-18T08:09Z by ubuntu: run=0 pend=0 df=735G
2026-09-23T03:19:01Z paused since 2026-09-18T08:09Z by ubuntu: run=0 pend=0 df=735G
2026-09-23T03:24:02Z paused since 2026-09-18T08:09Z by ubuntu: run=0 pend=0 df=735G
2026-09-23T03:29:03Z paused since 2026-09-18T08:09Z by ubuntu: run=0 pend=0 df=735G
2026-09-23T03:34:04Z paused since 2026-09-18T08:09Z by ubuntu: run=0 pend=0 df=735G
2026-09-23T03:39:06Z paused since 2026-09-18T08:09Z by ubuntu: run=0 pend=0 df=735G
2026-09-23T03:44:07Z paused since 2026-09-18T08:09Z by ubuntu: run=0 pend=0 df=735G
2026-09-23T03:49:08Z paused since 2026-09-18T08:09Z by ubuntu: run=0 pend=0 df=735G
2026-09-23T03:54:09Z paused since 2026-09-18T08:09Z by ubuntu: run=0 pend=0 df=735G
2026-09-23T03:59:10Z paused since 2026-09-18T08:09Z by ubuntu: run=0 pend=0 df=735G
2026-09-23T04:04:11Z paused since 2026-09-18T08:09Z by ubuntu: run=0 pend=0 df=735G
2026-09-23T04:09:13Z paused since 2026-09-18T08:09Z by ubuntu: run=0 pend=0 df=735G
2026-09-23T04:14:14Z paused since 2026-09-18T08:09Z by ubuntu: run=0 pend=0 df=735G
2026-09-23T04:19:15Z paused since 2026-09-18T08:09Z by ubuntu: run=0 pend=0 df=735G
2026-09-23T04:24:16Z paused since 2026-09-18T08:09Z by ubuntu: run=0 pend=0 df=735G
2026-09-23T04:29:17Z paused since 2026-09-18T08:09Z by ubuntu: run=0 pend=0 df=735G
2026-09-23T04:34:18Z paused since 2026-09-18T08:09Z by ubuntu: run=0 pend=0 df=735G
2026-09-23T04:39:19Z paused since 2026-09-18T08:09Z by ubuntu: run=0 pend=0 df=735G
2026-09-23T04:44:20Z paused since 2026-09-18T08:09Z by ubuntu: run=0 pend=0 df=735G
2026-09-23T04:49:22Z paused since 2026-09-18T08:09Z by ubuntu: run=0 pend=0 df=735G
2026-09-23T04:54:23Z paused since 2026-09-18T08:09Z by ubuntu: run=0 pend=0 df=735G
2026-09-23T04:59:24Z paused since 2026-09-18T08:09Z by ubuntu: run=0 pend=0 df=735G
2026-09-23T05:04:25Z paused since 2026-09-18T08:09Z by ubuntu: run=0 pend=0 df=735G
2026-09-23T05:09:26Z paused since 2026-09-18T08:09Z by ubuntu: run=0 pend=0 df=735G
2026-09-23T05:14:27Z paused since 2026-09-18T08:09Z by ubuntu: run=0 pend=0 df=735G
2026-09-23T05:19:28Z paused since 2026-09-18T08:09Z by ubuntu: run=0 pend=0 df=735G
2026-09-23T05:24:29Z paused since 2026-09-18T08:09Z by ubuntu: run=0 pend=0 df=735G
2026-09-23T05:29:31Z paused since 2026-09-18T08:09Z by ubuntu: run=0 pend=0 df=735G
2026-09-23T05:34:32Z paused since 2026-09-18T08:09Z by ubuntu: run=0 pend=0 df=735G
2026-09-23T05:39:33Z paused since 2026-09-18T08:09Z by ubuntu: run=0 pend=0 df=735G
2026-09-23T05:44:34Z paused since 2026-09-18T08:09Z by ubuntu: run=0 pend=0 df=735G
2026-09-23T05:49:35Z paused since 2026-09-18T08:09Z by ubuntu: run=0 pend=0 df=735G
2026-09-23T05:54:36Z paused since 2026-09-18T08:09Z by ubuntu: run=0 pend=0 df=735G
2026-09-23T05:59:37Z paused since 2026-09-18T08:09Z by ubuntu: run=0 pend=0 df=735G
2026-09-23T06:04:38Z paused since 2026-09-18T08:09Z by ubuntu: run=0 pend=0 df=735G
2026-09-23T06:09:39Z paused since 2026-09-18T08:09Z by ubuntu: run=0 pend=0 df=735G
2026-09-23T06:14:41Z paused since 2026-09-18T08:09Z by ubuntu: run=0 pend=0 df=735G
2026-09-23T06:19:42Z paused since 2026-09-18T08:09Z by ubuntu: run=0 pend=0 df=735G
2026-09-23T06:24:43Z paused since 2026-09-18T08:09Z by ubuntu: run=0 pend=0 df=735G
2026-09-23T06:29:44Z paused since 2026-09-18T08:09Z by ubuntu: run=0 pend=0 df=735G
2026-09-23T06:34:45Z paused since 2026-09-18T08:09Z by ubuntu: run=0 pend=0 df=735G
2026-09-23T06:39:46Z paused since 2026-09-18T08:09Z by ubuntu: run=0 pend=0 df=735G
2026-09-23T06:44:47Z paused since 2026-09-18T08:09Z by ubuntu: run=0 pend=0 df=735G
2026-09-23T06:49:48Z paused since 2026-09-18T08:09Z by ubuntu: run=0 pend=0 df=735G
2026-09-23T06:54:49Z paused since 2026-09-18T08:09Z by ubuntu: run=0 pend=0 df=735G
2026-09-23T06:59:50Z paused since 2026-09-18T08:09Z by ubuntu: run=0 pend=0 df=735G
2026-09-23T07:04:51Z paused since 2026-09-18T08:09Z by ubuntu: run=0 pend=0 df=735G
2026-09-23T07:09:52Z paused since 2026-09-18T08:09Z by ubuntu: run=0 pend=0 df=735G
2026-09-23T07:14:53Z paused since 2026-09-18T08:09Z by ubuntu: run=0 pend=0 df=735G
2026-09-23T07:19:54Z paused since 2026-09-18T08:09Z by ubuntu: run=0 pend=0 df=735G
2026-09-23T07:24:55Z paused since 2026-09-18T08:09Z by ubuntu: run=0 pend=0 df=735G
2026-09-23T07:29:56Z paused since 2026-09-18T08:09Z by ubuntu: run=0 pend=0 df=735G
2026-09-23T07:34:57Z paused since 2026-09-18T08:09Z by ubuntu: run=0 pend=0 df=735G
2026-09-23T07:39:59Z paused since 2026-09-18T08:09Z by ubuntu: run=0 pend=0 df=735G
2026-09-23T07:45:00Z paused since 2026-09-18T08:09Z by ubuntu: run=0 pend=0 df=735G
2026-09-23T07:50:01Z paused since 2026-09-18T08:09Z by ubuntu: run=0 pend=0 df=735G
2026-09-23T07:55:02Z paused since 2026-09-18T08:09Z by ubuntu: run=0 pend=0 df=735G
2026-09-23T08:00:03Z paused since 2026-09-18T08:09Z by ubuntu: run=0 pend=0 df=735G
2026-09-23T08:05:04Z paused since 2026-09-18T08:09Z by ubuntu: run=0 pend=0 df=735G
2026-09-23T08:10:05Z paused since 2026-09-18T08:09Z by ubuntu: run=0 pend=0 df=735G
2026-09-23T08:15:06Z paused since 2026-09-18T08:09Z by ubuntu: run=0 pend=0 df=735G
2026-09-23T08:20:07Z paused since 2026-09-18T08:09Z by ubuntu: run=0 pend=0 df=735G
2026-09-23T08:25:08Z paused since 2026-09-18T08:09Z by ubuntu: run=0 pend=0 df=735G
2026-09-23T08:30:09Z paused since 2026-09-18T08:09Z by ubuntu: run=0 pend=0 df=735G
2026-09-23T08:35:10Z paused since 2026-09-18T08:09Z by ubuntu: run=0 pend=0 df=735G
2026-09-23T08:40:12Z paused since 2026-09-18T08:09Z by ubuntu: run=0 pend=0 df=735G
2026-09-23T08:45:13Z paused since 2026-09-18T08:09Z by ubuntu: run=0 pend=0 df=735G
2026-09-23T08:50:14Z paused since 2026-09-18T08:09Z by ubuntu: run=0 pend=0 df=735G
2026-09-23T08:55:15Z paused since 2026-09-18T08:09Z by ubuntu: run=0 pend=0 df=735G
2026-09-23T09:00:16Z paused since 2026-09-18T08:09Z by ubuntu: run=0 pend=0 df=735G
2026-09-23T09:05:17Z paused since 2026-09-18T08:09Z by ubuntu: run=0 pend=0 df=735G
2026-09-23T09:10:18Z paused since 2026-09-18T08:09Z by ubuntu: run=0 pend=0 df=735G
2026-09-23T09:15:19Z paused since 2026-09-18T08:09Z by ubuntu: run=0 pend=0 df=735G
2026-09-23T09:20:20Z paused since 2026-09-18T08:09Z by ubuntu: run=0 pend=0 df=733G
2026-09-23T09:25:22Z paused since 2026-09-18T08:09Z by ubuntu: run=0 pend=0 df=733G
2026-09-23T09:30:23Z paused since 2026-09-18T08:09Z by ubuntu: run=0 pend=0 df=731G
2026-09-23T09:35:24Z paused since 2026-09-18T08:09Z by ubuntu: run=0 pend=0 df=727G
2026-09-23T09:40:25Z paused since 2026-09-18T08:09Z by ubuntu: run=0 pend=0 df=727G
2026-09-23T09:45:26Z paused since 2026-09-18T08:09Z by ubuntu: run=0 pend=0 df=727G
2026-09-23T09:50:27Z paused since 2026-09-18T08:09Z by ubuntu: run=0 pend=0 df=721G
2026-09-23T09:55:28Z paused since 2026-09-18T08:09Z by ubuntu: run=0 pend=0 df=721G
2026-09-23T10:00:29Z paused since 2026-09-18T08:09Z by ubuntu: run=0 pend=0 df=721G
2026-09-23T10:05:30Z paused since 2026-09-18T08:09Z by ubuntu: run=0 pend=0 df=715G
2026-09-23T10:10:32Z paused since 2026-09-18T08:09Z by ubuntu: run=0 pend=0 df=715G
2026-09-23T10:15:33Z paused since 2026-09-18T08:09Z by ubuntu: run=0 pend=0 df=712G
2026-09-23T10:20:34Z paused since 2026-09-18T08:09Z by ubuntu: run=0 pend=0 df=710G
2026-09-23T10:25:35Z paused since 2026-09-18T08:09Z by ubuntu: run=0 pend=0 df=708G
2026-09-23T10:30:36Z paused since 2026-09-18T08:09Z by ubuntu: run=0 pend=0 df=706G
2026-09-23T10:35:37Z paused since 2026-09-18T08:09Z by ubuntu: run=0 pend=0 df=704G
2026-09-23T10:40:38Z paused since 2026-09-18T08:09Z by ubuntu: run=0 pend=0 df=702G
2026-09-23T10:45:39Z paused since 2026-09-18T08:09Z by ubuntu: run=0 pend=0 df=700G
2026-09-23T10:50:41Z paused since 2026-09-18T08:09Z by ubuntu: run=0 pend=0 df=700G
2026-09-23T10:55:42Z paused since 2026-09-18T08:09Z by ubuntu: run=0 pend=0 df=698G
2026-09-23T11:00:43Z paused since 2026-09-18T08:09Z by ubuntu: run=0 pend=0 df=698G
2026-09-23T11:05:44Z paused since 2026-09-18T08:09Z by ubuntu: run=0 pend=0 df=698G
2026-09-23T11:10:45Z paused since 2026-09-18T08:09Z by ubuntu: run=0 pend=0 df=696G
2026-09-23T11:15:46Z paused since 2026-09-18T08:09Z by ubuntu: run=0 pend=0 df=695G
2026-09-23T11:20:47Z paused since 2026-09-18T08:09Z by ubuntu: run=0 pend=0 df=695G
2026-09-23T11:25:48Z paused since 2026-09-18T08:09Z by ubuntu: run=0 pend=0 df=695G
2026-09-23T11:30:49Z paused since 2026-09-18T08:09Z by ubuntu: run=0 pend=0 df=695G
2026-09-23T11:35:50Z paused since 2026-09-18T08:09Z by ubuntu: run=0 pend=0 df=695G
2026-09-23T11:40:51Z paused since 2026-09-18T08:09Z by ubuntu: run=0 pend=0 df=693G
2026-09-23T11:45:52Z paused since 2026-09-18T08:09Z by ubuntu: run=0 pend=0 df=691G
2026-09-23T11:50:53Z paused since 2026-09-18T08:09Z by ubuntu: run=0 pend=0 df=689G
2026-09-23T11:55:54Z paused since 2026-09-18T08:09Z by ubuntu: run=0 pend=0 df=687G
2026-09-23T12:00:55Z paused since 2026-09-18T08:09Z by ubuntu: run=0 pend=0 df=687G
2026-09-23T12:05:56Z paused since 2026-09-18T08:09Z by ubuntu: run=0 pend=0 df=685G
2026-09-23T12:11:05Z paused since 2026-09-18T08:09Z by ubuntu: run=0 pend=0 df=684G
2026-09-23T12:16:06Z paused since 2026-09-18T08:09Z by ubuntu: run=0 pend=0 df=681G
2026-09-23T12:21:07Z paused since 2026-09-18T08:09Z by ubuntu: run=0 pend=0 df=681G
2026-09-23T12:26:08Z paused since 2026-09-18T08:09Z by ubuntu: run=0 pend=0 df=679G
2026-09-23T12:31:09Z paused since 2026-09-18T08:09Z by ubuntu: run=0 pend=0 df=677G
2026-09-23T12:36:10Z paused since 2026-09-18T08:09Z by ubuntu: run=0 pend=0 df=677G
2026-09-23T12:41:11Z paused since 2026-09-18T08:09Z by ubuntu: run=0 pend=0 df=675G
2026-09-23T12:46:13Z paused since 2026-09-18T08:09Z by ubuntu: run=0 pend=0 df=674G
2026-09-23T12:51:14Z paused since 2026-09-18T08:09Z by ubuntu: run=0 pend=0 df=672G
2026-09-23T12:56:15Z paused since 2026-09-18T08:09Z by ubuntu: run=0 pend=0 df=672G
2026-09-23T13:01:16Z paused since 2026-09-18T08:09Z by ubuntu: run=0 pend=0 df=668G
2026-09-23T13:06:17Z paused since 2026-09-18T08:09Z by ubuntu: run=0 pend=0 df=666G
2026-09-23T13:11:18Z paused since 2026-09-18T08:09Z by ubuntu: run=0 pend=0 df=664G
2026-09-23T13:16:19Z paused since 2026-09-18T08:09Z by ubuntu: run=0 pend=0 df=664G
2026-09-23T13:21:20Z paused since 2026-09-18T08:09Z by ubuntu: run=0 pend=0 df=660G
2026-09-23T13:26:21Z paused since 2026-09-18T08:09Z by ubuntu: run=0 pend=0 df=658G
2026-09-23T13:31:22Z paused since 2026-09-18T08:09Z by ubuntu: run=0 pend=0 df=658G
2026-09-23T13:36:23Z paused since 2026-09-18T08:09Z by ubuntu: run=0 pend=0 df=658G
2026-09-23T13:41:24Z paused since 2026-09-18T08:09Z by ubuntu: run=0 pend=0 df=653G
2026-09-23T13:46:25Z paused since 2026-09-18T08:09Z by ubuntu: run=0 pend=0 df=651G
2026-09-23T13:51:26Z paused since 2026-09-18T08:09Z by ubuntu: run=0 pend=0 df=651G
2026-09-23T13:56:27Z paused since 2026-09-18T08:09Z by ubuntu: run=0 pend=0 df=649G
2026-09-23T14:01:28Z paused since 2026-09-18T08:09Z by ubuntu: run=0 pend=0 df=649G
2026-09-23T14:06:29Z paused since 2026-09-18T08:09Z by ubuntu: run=0 pend=0 df=645G
2026-09-23T14:11:31Z paused since 2026-09-18T08:09Z by ubuntu: run=0 pend=0 df=643G
2026-09-23T14:16:32Z paused since 2026-09-18T08:09Z by ubuntu: run=0 pend=0 df=639G
2026-09-23T14:21:33Z paused since 2026-09-18T08:09Z by ubuntu: run=0 pend=0 df=639G
2026-09-23T14:26:34Z paused since 2026-09-18T08:09Z by ubuntu: run=0 pend=0 df=637G
2026-09-23T14:31:35Z paused since 2026-09-18T08:09Z by ubuntu: run=0 pend=0 df=636G
2026-09-23T14:36:36Z paused since 2026-09-18T08:09Z by ubuntu: run=0 pend=0 df=636G
2026-09-23T14:41:38Z paused since 2026-09-18T08:09Z by ubuntu: run=0 pend=0 df=632G
2026-09-23T14:46:39Z paused since 2026-09-18T08:09Z by ubuntu: run=0 pend=0 df=630G
2026-09-23T14:51:40Z paused since 2026-09-18T08:09Z by ubuntu: run=0 pend=0 df=630G
2026-09-23T14:56:41Z paused since 2026-09-18T08:09Z by ubuntu: run=0 pend=0 df=628G
2026-09-23T15:01:42Z paused since 2026-09-18T08:09Z by ubuntu: run=0 pend=0 df=626G
2026-09-23T15:06:43Z paused since 2026-09-18T08:09Z by ubuntu: run=0 pend=0 df=624G
2026-09-23T15:11:44Z paused since 2026-09-18T08:09Z by ubuntu: run=0 pend=0 df=624G
2026-09-23T15:16:46Z paused since 2026-09-18T08:09Z by ubuntu: run=0 pend=0 df=622G
2026-09-23T15:21:47Z paused since 2026-09-18T08:09Z by ubuntu: run=0 pend=0 df=619G
2026-09-23T15:26:48Z paused since 2026-09-18T08:09Z by ubuntu: run=0 pend=0 df=619G
2026-09-23T15:31:50Z paused since 2026-09-18T08:09Z by ubuntu: run=0 pend=0 df=617G
2026-09-23T15:36:51Z paused since 2026-09-18T08:09Z by ubuntu: run=0 pend=0 df=613G
2026-09-23T15:41:52Z paused since 2026-09-18T08:09Z by ubuntu: run=0 pend=0 df=613G
2026-09-23T15:46:53Z paused since 2026-09-18T08:09Z by ubuntu: run=0 pend=0 df=609G
2026-09-23T15:51:54Z paused since 2026-09-18T08:09Z by ubuntu: run=0 pend=0 df=607G
2026-09-23T15:56:56Z paused since 2026-09-18T08:09Z by ubuntu: run=0 pend=0 df=607G
2026-09-23T16:01:57Z paused since 2026-09-18T08:09Z by ubuntu: run=0 pend=0 df=605G
2026-09-23T16:06:58Z paused since 2026-09-18T08:09Z by ubuntu: run=0 pend=0 df=603G
2026-09-23T16:11:59Z paused since 2026-09-18T08:09Z by ubuntu: run=0 pend=0 df=598G
2026-09-23T16:17:01Z paused since 2026-09-18T08:09Z by ubuntu: run=0 pend=0 df=594G
2026-09-23T16:22:02Z paused since 2026-09-18T08:09Z by ubuntu: run=0 pend=0 df=591G
2026-09-23T16:27:03Z paused since 2026-09-18T08:09Z by ubuntu: run=0 pend=0 df=589G
2026-09-23T16:32:05Z paused since 2026-09-18T08:09Z by ubuntu: run=0 pend=0 df=589G
2026-09-23T16:37:06Z paused since 2026-09-18T08:09Z by ubuntu: run=0 pend=0 df=587G
2026-09-23T16:42:07Z paused since 2026-09-18T08:09Z by ubuntu: run=0 pend=0 df=587G
2026-09-23T16:47:08Z paused since 2026-09-18T08:09Z by ubuntu: run=0 pend=0 df=587G
2026-09-23T16:52:10Z paused since 2026-09-18T08:09Z by ubuntu: run=0 pend=0 df=587G
2026-09-23T16:57:11Z paused since 2026-09-18T08:09Z by ubuntu: run=0 pend=0 df=587G
2026-09-23T17:02:12Z paused since 2026-09-18T08:09Z by ubuntu: run=0 pend=0 df=583G
2026-09-23T17:07:13Z paused since 2026-09-18T08:09Z by ubuntu: run=0 pend=0 df=581G
2026-09-23T17:12:14Z paused since 2026-09-18T08:09Z by ubuntu: run=0 pend=0 df=579G
2026-09-23T17:17:15Z paused since 2026-09-18T08:09Z by ubuntu: run=0 pend=0 df=579G
2026-09-23T17:22:16Z paused since 2026-09-18T08:09Z by ubuntu: run=0 pend=0 df=579G
2026-09-23T17:27:17Z paused since 2026-09-18T08:09Z by ubuntu: run=0 pend=0 df=577G
2026-09-23T17:32:19Z paused since 2026-09-18T08:09Z by ubuntu: run=0 pend=0 df=573G
2026-09-23T17:37:20Z paused since 2026-09-18T08:09Z by ubuntu: run=0 pend=0 df=573G
2026-09-23T17:42:21Z paused since 2026-09-18T08:09Z by ubuntu: run=0 pend=0 df=573G
2026-09-23T17:47:22Z paused since 2026-09-18T08:09Z by ubuntu: run=0 pend=0 df=572G
2026-09-23T17:52:23Z paused since 2026-09-18T08:09Z by ubuntu: run=0 pend=0 df=568G
2026-09-23T17:57:24Z paused since 2026-09-18T08:09Z by ubuntu: run=0 pend=0 df=568G
2026-09-23T18:02:25Z paused since 2026-09-18T08:09Z by ubuntu: run=0 pend=0 df=568G
2026-09-23T18:07:27Z paused since 2026-09-18T08:09Z by ubuntu: run=0 pend=0 df=564G
2026-09-23T18:12:28Z paused since 2026-09-18T08:09Z by ubuntu: run=0 pend=0 df=564G
2026-09-23T18:17:29Z paused since 2026-09-18T08:09Z by ubuntu: run=0 pend=0 df=562G
2026-09-23T18:22:30Z paused since 2026-09-18T08:09Z by ubuntu: run=0 pend=0 df=562G
2026-09-23T18:27:31Z paused since 2026-09-18T08:09Z by ubuntu: run=0 pend=0 df=558G
2026-09-23T18:32:33Z paused since 2026-09-18T08:09Z by ubuntu: run=0 pend=0 df=558G
2026-09-23T18:37:34Z paused since 2026-09-18T08:09Z by ubuntu: run=0 pend=0 df=557G
2026-09-23T18:42:35Z paused since 2026-09-18T08:09Z by ubuntu: run=0 pend=0 df=557G
2026-09-23T18:47:36Z paused since 2026-09-18T08:09Z by ubuntu: run=0 pend=0 df=553G
2026-09-23T18:52:37Z paused since 2026-09-18T08:09Z by ubuntu: run=0 pend=0 df=553G
2026-09-23T18:57:38Z paused since 2026-09-18T08:09Z by ubuntu: run=0 pend=0 df=551G
2026-09-23T19:02:39Z paused since 2026-09-18T08:09Z by ubuntu: run=0 pend=0 df=551G
2026-09-23T19:07:40Z paused since 2026-09-18T08:09Z by ubuntu: run=0 pend=0 df=547G
2026-09-23T19:12:42Z paused since 2026-09-18T08:09Z by ubuntu: run=0 pend=0 df=547G
2026-09-23T19:17:43Z paused since 2026-09-18T08:09Z by ubuntu: run=0 pend=0 df=547G
2026-09-23T19:22:44Z paused since 2026-09-18T08:09Z by ubuntu: run=0 pend=0 df=545G
2026-09-23T19:27:45Z paused since 2026-09-18T08:09Z by ubuntu: run=0 pend=0 df=543G
2026-09-23T19:32:46Z paused since 2026-09-18T08:09Z by ubuntu: run=0 pend=0 df=541G
2026-09-23T19:37:48Z paused since 2026-09-18T08:09Z by ubuntu: run=0 pend=0 df=541G
2026-09-23T19:42:49Z paused since 2026-09-18T08:09Z by ubuntu: run=0 pend=0 df=539G
2026-09-23T19:47:50Z paused since 2026-09-18T08:09Z by ubuntu: run=0 pend=0 df=534G
2026-09-23T19:52:51Z paused since 2026-09-18T08:09Z by ubuntu: run=0 pend=0 df=534G
2026-09-23T19:57:52Z paused since 2026-09-18T08:09Z by ubuntu: run=0 pend=0 df=534G
2026-09-23T20:02:53Z paused since 2026-09-18T08:09Z by ubuntu: run=0 pend=0 df=532G
2026-09-23T20:07:55Z paused since 2026-09-18T08:09Z by ubuntu: run=0 pend=0 df=530G
2026-09-23T20:12:56Z paused since 2026-09-18T08:09Z by ubuntu: run=0 pend=0 df=528G
2026-09-23T20:17:57Z paused since 2026-09-18T08:09Z by ubuntu: run=0 pend=0 df=528G
2026-09-23T20:22:58Z paused since 2026-09-18T08:09Z by ubuntu: run=0 pend=0 df=526G
2026-09-23T20:28:02Z paused since 2026-09-18T08:09Z by ubuntu: run=0 pend=0 df=524G
2026-09-23T20:33:04Z paused since 2026-09-18T08:09Z by ubuntu: run=0 pend=0 df=522G
2026-09-23T20:38:05Z paused since 2026-09-18T08:09Z by ubuntu: run=0 pend=0 df=522G
2026-09-23T20:43:06Z paused since 2026-09-18T08:09Z by ubuntu: run=0 pend=0 df=520G
2026-09-23T20:48:07Z paused since 2026-09-18T08:09Z by ubuntu: run=0 pend=0 df=518G
2026-09-23T20:53:08Z paused since 2026-09-18T08:09Z by ubuntu: run=0 pend=0 df=518G
2026-09-23T20:58:09Z paused since 2026-09-18T08:09Z by ubuntu: run=0 pend=0 df=515G
2026-09-23T21:03:10Z paused since 2026-09-18T08:09Z by ubuntu: run=0 pend=0 df=515G
2026-09-23T21:08:12Z paused since 2026-09-18T08:09Z by ubuntu: run=0 pend=0 df=513G
2026-09-23T21:13:13Z paused since 2026-09-18T08:09Z by ubuntu: run=0 pend=0 df=513G
2026-09-23T21:18:14Z paused since 2026-09-18T08:09Z by ubuntu: run=0 pend=0 df=513G
2026-09-23T21:23:15Z paused since 2026-09-18T08:09Z by ubuntu: run=0 pend=0 df=507G
2026-09-23T21:28:16Z paused since 2026-09-18T08:09Z by ubuntu: run=0 pend=0 df=507G
2026-09-23T21:33:18Z paused since 2026-09-18T08:09Z by ubuntu: run=0 pend=0 df=507G
2026-09-23T21:38:19Z paused since 2026-09-18T08:09Z by ubuntu: run=0 pend=0 df=505G
2026-09-23T21:43:20Z paused since 2026-09-18T08:09Z by ubuntu: run=0 pend=0 df=501G
2026-09-23T21:48:21Z paused since 2026-09-18T08:09Z by ubuntu: run=0 pend=0 df=501G
2026-09-23T21:53:22Z paused since 2026-09-18T08:09Z by ubuntu: run=0 pend=0 df=501G
2026-09-23T21:58:23Z paused since 2026-09-18T08:09Z by ubuntu: run=0 pend=0 df=501G
2026-09-23T22:03:24Z paused since 2026-09-18T08:09Z by ubuntu: run=0 pend=0 df=492G
2026-09-23T22:08:25Z paused since 2026-09-18T08:09Z by ubuntu: run=0 pend=0 df=492G
2026-09-23T22:13:27Z paused since 2026-09-18T08:09Z by ubuntu: run=0 pend=0 df=492G
2026-09-23T22:18:28Z paused since 2026-09-18T08:09Z by ubuntu: run=0 pend=0 df=490G
2026-09-23T22:23:29Z paused since 2026-09-18T08:09Z by ubuntu: run=0 pend=0 df=490G
2026-09-23T22:28:30Z paused since 2026-09-18T08:09Z by ubuntu: run=0 pend=0 df=484G
2026-09-23T22:33:31Z paused since 2026-09-18T08:09Z by ubuntu: run=0 pend=0 df=484G
2026-09-23T22:38:32Z paused since 2026-09-18T08:09Z by ubuntu: run=0 pend=0 df=480G
2026-09-23T22:43:33Z paused since 2026-09-18T08:09Z by ubuntu: run=0 pend=0 df=475G
2026-09-23T22:48:35Z paused since 2026-09-18T08:09Z by ubuntu: run=0 pend=0 df=475G
2026-09-23T22:53:36Z paused since 2026-09-18T08:09Z by ubuntu: run=0 pend=0 df=475G
2026-09-23T22:58:37Z paused since 2026-09-18T08:09Z by ubuntu: run=0 pend=0 df=475G
2026-09-23T23:03:38Z paused since 2026-09-18T08:09Z by ubuntu: run=0 pend=0 df=475G
2026-09-23T23:08:39Z paused since 2026-09-18T08:09Z by ubuntu: run=0 pend=0 df=475G
2026-09-23T23:13:40Z paused since 2026-09-18T08:09Z by ubuntu: run=0 pend=0 df=475G
2026-09-23T23:18:41Z paused since 2026-09-18T08:09Z by ubuntu: run=0 pend=0 df=475G
2026-09-23T23:23:42Z paused since 2026-09-18T08:09Z by ubuntu: run=0 pend=0 df=475G
2026-09-23T23:28:43Z paused since 2026-09-18T08:09Z by ubuntu: run=0 pend=0 df=475G
2026-09-23T23:33:45Z paused since 2026-09-18T08:09Z by ubuntu: run=0 pend=0 df=475G
2026-09-23T23:38:46Z paused since 2026-09-18T08:09Z by ubuntu: run=0 pend=0 df=475G
2026-09-23T23:43:47Z paused since 2026-09-18T08:09Z by ubuntu: run=0 pend=0 df=475G
2026-09-23T23:48:48Z paused since 2026-09-18T08:09Z by ubuntu: run=0 pend=0 df=475G
2026-09-23T23:53:49Z paused since 2026-09-18T08:09Z by ubuntu: run=0 pend=0 df=475G
2026-09-23T23:58:50Z paused since 2026-09-18T08:09Z by ubuntu: run=0 pend=0 df=475G
2026-09-24T00:03:51Z paused since 2026-09-18T08:09Z by ubuntu: run=0 pend=0 df=475G
2026-09-24T00:08:52Z paused since 2026-09-18T08:09Z by ubuntu: run=0 pend=0 df=475G
2026-09-24T00:13:53Z paused since 2026-09-18T08:09Z by ubuntu: run=0 pend=0 df=475G
2026-09-24T00:18:55Z paused since 2026-09-18T08:09Z by ubuntu: run=0 pend=0 df=475G
2026-09-24T00:23:56Z paused since 2026-09-18T08:09Z by ubuntu: run=0 pend=0 df=475G
2026-09-24T00:28:57Z paused since 2026-09-18T08:09Z by ubuntu: run=0 pend=0 df=475G
2026-09-24T00:33:58Z paused since 2026-09-18T08:09Z by ubuntu: run=0 pend=0 df=474G
2026-09-24T00:38:59Z paused since 2026-09-18T08:09Z by ubuntu: run=0 pend=0 df=474G
2026-09-24T00:44:00Z paused since 2026-09-18T08:09Z by ubuntu: run=0 pend=0 df=474G
2026-09-24T00:49:01Z paused since 2026-09-18T08:09Z by ubuntu: run=0 pend=0 df=474G
2026-09-24T00:54:02Z paused since 2026-09-18T08:09Z by ubuntu: run=0 pend=0 df=474G
2026-09-24T00:59:04Z paused since 2026-09-18T08:09Z by ubuntu: run=0 pend=0 df=474G
2026-09-24T01:04:05Z paused since 2026-09-18T08:09Z by ubuntu: run=0 pend=0 df=474G
2026-09-24T01:09:06Z paused since 2026-09-18T08:09Z by ubuntu: run=0 pend=0 df=474G
2026-09-24T01:14:07Z paused since 2026-09-18T08:09Z by ubuntu: run=0 pend=0 df=474G
2026-09-24T01:19:08Z paused since 2026-09-18T08:09Z by ubuntu: run=0 pend=0 df=474G
2026-09-24T01:24:09Z paused since 2026-09-18T08:09Z by ubuntu: run=0 pend=0 df=474G
2026-09-24T01:29:10Z paused since 2026-09-18T08:09Z by ubuntu: run=0 pend=0 df=474G
2026-09-24T01:34:11Z paused since 2026-09-18T08:09Z by ubuntu: run=0 pend=0 df=474G
2026-09-24T01:39:12Z paused since 2026-09-18T08:09Z by ubuntu: run=0 pend=0 df=474G
2026-09-24T01:44:13Z paused since 2026-09-18T08:09Z by ubuntu: run=0 pend=0 df=474G
2026-09-24T01:49:14Z paused since 2026-09-18T08:09Z by ubuntu: run=0 pend=0 df=474G
2026-09-24T01:54:15Z paused since 2026-09-18T08:09Z by ubuntu: run=0 pend=0 df=474G
2026-09-24T01:59:17Z paused since 2026-09-18T08:09Z by ubuntu: run=0 pend=0 df=474G
2026-09-24T02:04:18Z paused since 2026-09-18T08:09Z by ubuntu: run=0 pend=0 df=474G
2026-09-24T02:09:19Z paused since 2026-09-18T08:09Z by ubuntu: run=0 pend=0 df=474G
2026-09-24T02:14:20Z paused since 2026-09-18T08:09Z by ubuntu: run=0 pend=0 df=474G
2026-09-24T02:19:21Z paused since 2026-09-18T08:09Z by ubuntu: run=0 pend=0 df=474G
2026-09-24T02:24:22Z paused since 2026-09-18T08:09Z by ubuntu: run=0 pend=0 df=474G
2026-09-24T02:29:23Z paused since 2026-09-18T08:09Z by ubuntu: run=0 pend=0 df=474G
2026-09-24T02:34:24Z paused since 2026-09-18T08:09Z by ubuntu: run=0 pend=0 df=474G
2026-09-24T02:39:26Z paused since 2026-09-18T08:09Z by ubuntu: run=0 pend=0 df=474G
2026-09-24T02:44:27Z paused since 2026-09-18T08:09Z by ubuntu: run=0 pend=0 df=474G
2026-09-24T02:49:28Z paused since 2026-09-18T08:09Z by ubuntu: run=0 pend=0 df=474G
2026-09-24T02:54:29Z paused since 2026-09-18T08:09Z by ubuntu: run=0 pend=0 df=474G
2026-09-24T02:59:30Z paused since 2026-09-18T08:09Z by ubuntu: run=0 pend=0 df=474G
2026-09-24T03:04:32Z paused since 2026-09-18T08:09Z by ubuntu: run=0 pend=0 df=474G
2026-09-24T03:09:33Z paused since 2026-09-18T08:09Z by ubuntu: run=0 pend=0 df=474G
2026-09-24T03:14:34Z paused since 2026-09-18T08:09Z by ubuntu: run=0 pend=0 df=474G
2026-09-24T03:19:35Z paused since 2026-09-18T08:09Z by ubuntu: run=0 pend=0 df=474G
2026-09-24T03:24:36Z paused since 2026-09-18T08:09Z by ubuntu: run=0 pend=0 df=474G
2026-09-24T03:29:37Z paused since 2026-09-18T08:09Z by ubuntu: run=0 pend=0 df=474G
2026-09-24T03:34:38Z paused since 2026-09-18T08:09Z by ubuntu: run=0 pend=0 df=474G
2026-09-24T03:39:40Z paused since 2026-09-18T08:09Z by ubuntu: run=0 pend=0 df=474G
2026-09-24T03:44:41Z paused since 2026-09-18T08:09Z by ubuntu: run=0 pend=0 df=474G
2026-09-24T03:49:42Z paused since 2026-09-18T08:09Z by ubuntu: run=0 pend=0 df=474G
2026-09-24T03:54:43Z paused since 2026-09-18T08:09Z by ubuntu: run=0 pend=0 df=474G
2026-09-24T03:59:44Z paused since 2026-09-18T08:09Z by ubuntu: run=0 pend=0 df=474G
2026-09-24T04:04:45Z paused since 2026-09-18T08:09Z by ubuntu: run=0 pend=0 df=474G
2026-09-24T04:09:46Z paused since 2026-09-18T08:09Z by ubuntu: run=0 pend=0 df=474G
2026-09-24T04:14:48Z paused since 2026-09-18T08:09Z by ubuntu: run=0 pend=0 df=474G
2026-09-24T04:19:49Z paused since 2026-09-18T08:09Z by ubuntu: run=0 pend=0 df=474G
2026-09-24T04:24:50Z paused since 2026-09-18T08:09Z by ubuntu: run=0 pend=0 df=474G
2026-09-24T04:29:51Z paused since 2026-09-18T08:09Z by ubuntu: run=0 pend=0 df=474G
2026-09-24T04:34:52Z paused since 2026-09-18T08:09Z by ubuntu: run=0 pend=0 df=474G
2026-09-24T04:39:54Z paused since 2026-09-18T08:09Z by ubuntu: run=0 pend=0 df=474G
2026-09-24T04:44:55Z paused since 2026-09-18T08:09Z by ubuntu: run=0 pend=0 df=474G
2026-09-24T04:49:56Z paused since 2026-09-18T08:09Z by ubuntu: run=0 pend=0 df=474G
2026-09-24T04:54:57Z paused since 2026-09-18T08:09Z by ubuntu: run=0 pend=0 df=474G
2026-09-24T04:59:58Z paused since 2026-09-18T08:09Z by ubuntu: run=0 pend=0 df=474G
2026-09-24T05:04:59Z paused since 2026-09-18T08:09Z by ubuntu: run=0 pend=0 df=474G
2026-09-24T05:10:01Z paused since 2026-09-18T08:09Z by ubuntu: run=0 pend=0 df=474G
2026-09-24T05:15:02Z paused since 2026-09-18T08:09Z by ubuntu: run=0 pend=0 df=474G
2026-09-24T05:20:03Z paused since 2026-09-18T08:09Z by ubuntu: run=0 pend=0 df=474G
2026-09-24T05:25:04Z paused since 2026-09-18T08:09Z by ubuntu: run=0 pend=0 df=474G
2026-09-24T05:30:06Z paused since 2026-09-18T08:09Z by ubuntu: run=0 pend=0 df=474G
2026-09-24T05:35:07Z paused since 2026-09-18T08:09Z by ubuntu: run=0 pend=0 df=474G
2026-09-24T05:40:08Z paused since 2026-09-18T08:09Z by ubuntu: run=0 pend=0 df=474G
2026-09-24T05:45:09Z paused since 2026-09-18T08:09Z by ubuntu: run=0 pend=0 df=474G
2026-09-24T05:50:10Z paused since 2026-09-18T08:09Z by ubuntu: run=0 pend=0 df=474G
2026-09-24T05:55:11Z paused since 2026-09-18T08:09Z by ubuntu: run=0 pend=0 df=474G
2026-09-24T06:00:12Z paused since 2026-09-18T08:09Z by ubuntu: run=0 pend=0 df=474G
2026-09-24T06:05:14Z paused since 2026-09-18T08:09Z by ubuntu: run=0 pend=0 df=474G
2026-09-24T06:10:15Z paused since 2026-09-18T08:09Z by ubuntu: run=0 pend=0 df=474G
2026-09-24T06:15:16Z paused since 2026-09-18T08:09Z by ubuntu: run=0 pend=0 df=474G
2026-09-24T06:20:17Z paused since 2026-09-18T08:09Z by ubuntu: run=0 pend=0 df=474G
2026-09-24T06:25:18Z paused since 2026-09-18T08:09Z by ubuntu: run=0 pend=0 df=474G
2026-09-24T06:30:19Z paused since 2026-09-18T08:09Z by ubuntu: run=0 pend=0 df=474G
2026-09-24T06:35:20Z paused since 2026-09-18T08:09Z by ubuntu: run=0 pend=0 df=474G
2026-09-24T06:40:21Z paused since 2026-09-18T08:09Z by ubuntu: run=0 pend=0 df=474G
2026-09-24T06:45:22Z paused since 2026-09-18T08:09Z by ubuntu: run=0 pend=0 df=470G
2026-09-24T06:50:23Z paused since 2026-09-18T08:09Z by ubuntu: run=0 pend=0 df=465G
2026-09-24T06:55:24Z paused since 2026-09-18T08:09Z by ubuntu: run=0 pend=0 df=463G
2026-09-24T07:00:25Z paused since 2026-09-18T08:09Z by ubuntu: run=0 pend=0 df=463G
2026-09-24T07:05:26Z paused since 2026-09-18T08:09Z by ubuntu: run=0 pend=0 df=463G
2026-09-24T07:10:27Z paused since 2026-09-18T08:09Z by ubuntu: run=0 pend=0 df=457G
2026-09-24T07:15:28Z paused since 2026-09-18T08:09Z by ubuntu: run=0 pend=0 df=453G
2026-09-24T07:20:30Z paused since 2026-09-18T08:09Z by ubuntu: run=0 pend=0 df=451G
2026-09-24T07:25:31Z paused since 2026-09-18T08:09Z by ubuntu: run=0 pend=0 df=447G
2026-09-24T07:30:32Z paused since 2026-09-18T08:09Z by ubuntu: run=0 pend=0 df=445G
2026-09-24T07:35:33Z paused since 2026-09-18T08:09Z by ubuntu: run=0 pend=0 df=440G
2026-09-24T07:40:34Z paused since 2026-09-18T08:09Z by ubuntu: run=0 pend=0 df=440G
2026-09-24T07:45:35Z paused since 2026-09-18T08:09Z by ubuntu: run=0 pend=0 df=436G
2026-09-24T07:50:36Z paused since 2026-09-18T08:09Z by ubuntu: run=0 pend=0 df=434G
2026-09-24T07:55:37Z paused since 2026-09-18T08:09Z by ubuntu: run=0 pend=0 df=428G
2026-09-24T08:00:38Z paused since 2026-09-18T08:09Z by ubuntu: run=0 pend=0 df=425G
2026-09-24T08:05:40Z paused since 2026-09-18T08:09Z by ubuntu: run=0 pend=0 df=423G
2026-09-24T08:10:41Z paused since 2026-09-18T08:09Z by ubuntu: run=0 pend=0 df=419G
2026-09-24T08:15:42Z paused since 2026-09-18T08:09Z by ubuntu: run=0 pend=0 df=417G
2026-09-24T08:20:43Z paused since 2026-09-18T08:09Z by ubuntu: run=0 pend=0 df=413G
2026-09-24T08:25:44Z paused since 2026-09-18T08:09Z by ubuntu: run=0 pend=0 df=411G
2026-09-24T08:30:45Z paused since 2026-09-18T08:09Z by ubuntu: run=0 pend=0 df=407G
2026-09-24T08:35:46Z paused since 2026-09-18T08:09Z by ubuntu: run=0 pend=0 df=405G
2026-09-24T08:40:47Z paused since 2026-09-18T08:09Z by ubuntu: run=0 pend=0 df=402G
2026-09-24T08:45:49Z paused since 2026-09-18T08:09Z by ubuntu: run=0 pend=0 df=402G
2026-09-24T08:50:50Z paused since 2026-09-18T08:09Z by ubuntu: run=0 pend=0 df=396G
2026-09-24T08:55:51Z paused since 2026-09-18T08:09Z by ubuntu: run=0 pend=0 df=388G
2026-09-24T09:00:52Z paused since 2026-09-18T08:09Z by ubuntu: run=0 pend=0 df=388G
2026-09-24T09:05:53Z paused since 2026-09-18T08:09Z by ubuntu: run=0 pend=0 df=383G
2026-09-24T09:10:54Z paused since 2026-09-18T08:09Z by ubuntu: run=0 pend=0 df=381G
2026-09-24T09:15:55Z paused since 2026-09-18T08:09Z by ubuntu: run=0 pend=0 df=377G
2026-09-24T09:20:56Z paused since 2026-09-18T08:09Z by ubuntu: run=0 pend=0 df=377G
2026-09-24T09:25:57Z paused since 2026-09-18T08:09Z by ubuntu: run=0 pend=0 df=369G
2026-09-24T09:30:58Z paused since 2026-09-18T08:09Z by ubuntu: run=0 pend=0 df=365G
2026-09-24T09:35:59Z paused since 2026-09-18T08:09Z by ubuntu: run=0 pend=0 df=365G
2026-09-24T09:41:03Z paused since 2026-09-18T08:09Z by ubuntu: run=0 pend=0 df=365G
2026-09-24T09:46:04Z paused since 2026-09-18T08:09Z by ubuntu: run=0 pend=0 df=358G
2026-09-24T09:51:05Z paused since 2026-09-18T08:09Z by ubuntu: run=0 pend=0 df=354G
2026-09-24T09:56:06Z paused since 2026-09-18T08:09Z by ubuntu: run=0 pend=0 df=354G
2026-09-24T10:01:07Z paused since 2026-09-18T08:09Z by ubuntu: run=0 pend=0 df=354G
2026-09-24T10:06:09Z paused since 2026-09-18T08:09Z by ubuntu: run=0 pend=0 df=343G
2026-09-24T10:11:10Z paused since 2026-09-18T08:09Z by ubuntu: run=0 pend=0 df=343G
2026-09-24T10:16:11Z paused since 2026-09-18T08:09Z by ubuntu: run=0 pend=0 df=343G
2026-09-24T10:21:12Z paused since 2026-09-18T08:09Z by ubuntu: run=0 pend=0 df=335G
2026-09-24T10:26:13Z paused since 2026-09-18T08:09Z by ubuntu: run=0 pend=0 df=331G
2026-09-24T10:31:14Z paused since 2026-09-18T08:09Z by ubuntu: run=0 pend=0 df=331G
2026-09-24T10:36:15Z paused since 2026-09-18T08:09Z by ubuntu: run=0 pend=0 df=331G
2026-09-24T10:41:16Z paused since 2026-09-18T08:09Z by ubuntu: run=0 pend=0 df=324G
2026-09-24T10:46:17Z paused since 2026-09-18T08:09Z by ubuntu: run=0 pend=0 df=320G
2026-09-24T10:51:18Z paused since 2026-09-18T08:09Z by ubuntu: run=0 pend=0 df=320G
2026-09-24T10:56:19Z paused since 2026-09-18T08:09Z by ubuntu: run=0 pend=0 df=320G
2026-09-24T11:01:20Z paused since 2026-09-18T08:09Z by ubuntu: run=0 pend=0 df=310G
2026-09-24T11:06:21Z paused since 2026-09-18T08:09Z by ubuntu: run=0 pend=0 df=308G
2026-09-24T11:11:22Z paused since 2026-09-18T08:09Z by ubuntu: run=0 pend=0 df=308G
2026-09-24T11:16:23Z paused since 2026-09-18T08:09Z by ubuntu: run=0 pend=0 df=303G
2026-09-24T11:21:24Z paused since 2026-09-18T08:09Z by ubuntu: run=0 pend=0 df=288G
2026-09-24T11:26:25Z paused since 2026-09-18T08:09Z by ubuntu: run=0 pend=0 df=287G
2026-09-24T11:31:26Z paused since 2026-09-18T08:09Z by ubuntu: run=0 pend=0 df=287G
2026-09-24T11:36:28Z paused since 2026-09-18T08:09Z by ubuntu: run=0 pend=0 df=263G
2026-09-24T11:41:29Z paused since 2026-09-18T08:09Z by ubuntu: run=0 pend=0 df=261G
2026-09-24T11:46:30Z paused since 2026-09-18T08:09Z by ubuntu: run=0 pend=0 df=261G
2026-09-24T11:51:31Z paused since 2026-09-18T08:09Z by ubuntu: run=0 pend=0 df=261G
2026-09-24T11:56:32Z paused since 2026-09-18T08:09Z by ubuntu: run=0 pend=0 df=261G
2026-09-24T12:01:33Z paused since 2026-09-18T08:09Z by ubuntu: run=0 pend=0 df=261G
2026-09-24T12:06:34Z paused since 2026-09-18T08:09Z by ubuntu: run=0 pend=0 df=261G
2026-09-24T12:11:35Z paused since 2026-09-18T08:09Z by ubuntu: run=0 pend=0 df=261G
2026-09-24T12:16:36Z paused since 2026-09-18T08:09Z by ubuntu: run=0 pend=0 df=261G
2026-09-24T12:21:37Z paused since 2026-09-18T08:09Z by ubuntu: run=0 pend=0 df=261G
2026-09-24T12:26:38Z paused since 2026-09-18T08:09Z by ubuntu: run=0 pend=0 df=261G
2026-09-24T12:31:39Z paused since 2026-09-18T08:09Z by ubuntu: run=0 pend=0 df=261G
2026-09-24T12:36:41Z paused since 2026-09-18T08:09Z by ubuntu: run=0 pend=0 df=261G
2026-09-24T12:41:42Z paused since 2026-09-18T08:09Z by ubuntu: run=0 pend=0 df=261G
2026-09-24T12:46:43Z paused since 2026-09-18T08:09Z by ubuntu: run=0 pend=0 df=261G
2026-09-24T12:51:44Z paused since 2026-09-18T08:09Z by ubuntu: run=0 pend=0 df=261G
2026-09-24T12:56:45Z paused since 2026-09-18T08:09Z by ubuntu: run=0 pend=0 df=261G
2026-09-24T13:01:46Z paused since 2026-09-18T08:09Z by ubuntu: run=0 pend=0 df=261G
2026-09-24T13:06:47Z paused since 2026-09-18T08:09Z by ubuntu: run=0 pend=0 df=261G
2026-09-24T13:11:48Z paused since 2026-09-18T08:09Z by ubuntu: run=0 pend=0 df=261G
2026-09-24T13:16:49Z paused since 2026-09-18T08:09Z by ubuntu: run=0 pend=0 df=261G
2026-09-24T13:21:50Z paused since 2026-09-18T08:09Z by ubuntu: run=0 pend=0 df=261G
2026-09-24T13:26:52Z paused since 2026-09-18T08:09Z by ubuntu: run=0 pend=0 df=261G
2026-09-24T13:31:53Z paused since 2026-09-18T08:09Z by ubuntu: run=0 pend=0 df=261G
2026-09-24T13:36:54Z paused since 2026-09-18T08:09Z by ubuntu: run=0 pend=0 df=261G
2026-09-24T13:41:55Z paused since 2026-09-18T08:09Z by ubuntu: run=0 pend=0 df=261G
2026-09-24T13:46:56Z paused since 2026-09-18T08:09Z by ubuntu: run=0 pend=0 df=261G
2026-09-24T13:51:57Z paused since 2026-09-18T08:09Z by ubuntu: run=0 pend=0 df=261G
2026-09-24T13:56:58Z paused since 2026-09-18T08:09Z by ubuntu: run=0 pend=0 df=261G
2026-09-24T14:01:59Z paused since 2026-09-18T08:09Z by ubuntu: run=0 pend=0 df=261G
2026-09-24T14:07:00Z paused since 2026-09-18T08:09Z by ubuntu: run=0 pend=0 df=261G
2026-09-24T14:12:01Z paused since 2026-09-18T08:09Z by ubuntu: run=0 pend=0 df=259G
2026-09-24T14:17:02Z paused since 2026-09-18T08:09Z by ubuntu: run=0 pend=0 df=259G
2026-09-24T14:22:03Z paused since 2026-09-18T08:09Z by ubuntu: run=0 pend=0 df=259G
2026-09-24T14:27:04Z paused since 2026-09-18T08:09Z by ubuntu: run=0 pend=0 df=259G
2026-09-24T14:32:05Z paused since 2026-09-18T08:09Z by ubuntu: run=0 pend=0 df=253G
2026-09-24T14:37:06Z paused since 2026-09-18T08:09Z by ubuntu: run=0 pend=0 df=252G
2026-09-24T14:42:07Z paused since 2026-09-18T08:09Z by ubuntu: run=0 pend=0 df=252G
2026-09-24T14:47:08Z paused since 2026-09-18T08:09Z by ubuntu: run=0 pend=0 df=250G
2026-09-24T14:52:10Z paused since 2026-09-18T08:09Z by ubuntu: run=0 pend=0 df=245G
2026-09-24T14:57:11Z paused since 2026-09-18T08:09Z by ubuntu: run=0 pend=0 df=242G
2026-09-24T15:02:12Z paused since 2026-09-18T08:09Z by ubuntu: run=0 pend=0 df=242G
2026-09-24T15:07:13Z paused since 2026-09-18T08:09Z by ubuntu: run=0 pend=0 df=240G
2026-09-24T15:12:14Z paused since 2026-09-18T08:09Z by ubuntu: run=0 pend=0 df=234G
2026-09-24T15:17:15Z paused since 2026-09-18T08:09Z by ubuntu: run=0 pend=0 df=232G
2026-09-24T15:22:17Z paused since 2026-09-18T08:09Z by ubuntu: run=0 pend=0 df=232G
2026-09-24T15:27:18Z paused since 2026-09-18T08:09Z by ubuntu: run=0 pend=0 df=231G
2026-09-24T15:32:19Z paused since 2026-09-18T08:09Z by ubuntu: run=0 pend=0 df=223G
2026-09-24T15:37:20Z paused since 2026-09-18T08:09Z by ubuntu: run=0 pend=0 df=223G
2026-09-24T15:42:21Z paused since 2026-09-18T08:09Z by ubuntu: run=0 pend=0 df=221G
2026-09-24T15:47:22Z paused since 2026-09-18T08:09Z by ubuntu: run=0 pend=0 df=215G
2026-09-24T15:52:23Z paused since 2026-09-18T08:09Z by ubuntu: run=0 pend=0 df=213G
2026-09-24T15:57:24Z paused since 2026-09-18T08:09Z by ubuntu: run=0 pend=0 df=213G
2026-09-24T16:02:25Z paused since 2026-09-18T08:09Z by ubuntu: run=0 pend=0 df=212G
2026-09-24T16:07:26Z paused since 2026-09-18T08:09Z by ubuntu: run=0 pend=0 df=206G
2026-09-24T16:12:27Z paused since 2026-09-18T08:09Z by ubuntu: run=0 pend=0 df=204G
2026-09-24T16:17:28Z paused since 2026-09-18T08:09Z by ubuntu: run=0 pend=0 df=204G
2026-09-24T16:22:29Z paused since 2026-09-18T08:09Z by ubuntu: run=0 pend=0 df=200G
2026-09-24T16:27:35Z paused since 2026-09-18T08:09Z by ubuntu: run=0 pend=0 df=195G
2026-09-24T16:32:36Z paused since 2026-09-18T08:09Z by ubuntu: run=0 pend=0 df=194G
2026-09-24T16:37:37Z paused since 2026-09-18T08:09Z by ubuntu: run=0 pend=0 df=192G
2026-09-24T16:42:38Z paused since 2026-09-18T08:09Z by ubuntu: run=0 pend=0 df=187G
2026-09-24T16:47:39Z paused since 2026-09-18T08:09Z by ubuntu: run=0 pend=0 df=187G
2026-09-24T16:52:40Z paused since 2026-09-18T08:09Z by ubuntu: run=0 pend=0 df=185G
2026-09-24T16:57:41Z paused since 2026-09-18T08:09Z by ubuntu: run=0 pend=0 df=183G
2026-09-24T17:02:42Z paused since 2026-09-18T08:09Z by ubuntu: run=0 pend=0 df=177G
2026-09-24T17:07:44Z paused since 2026-09-18T08:09Z by ubuntu: run=0 pend=0 df=177G
2026-09-24T17:12:45Z paused since 2026-09-18T08:09Z by ubuntu: run=0 pend=0 df=175G
2026-09-24T17:17:46Z paused since 2026-09-18T08:09Z by ubuntu: run=0 pend=0 df=170G
2026-09-24T17:22:47Z paused since 2026-09-18T08:09Z by ubuntu: run=0 pend=0 df=168G
2026-09-24T17:27:48Z paused since 2026-09-18T08:09Z by ubuntu: run=0 pend=0 df=168G
2026-09-24T17:32:49Z paused since 2026-09-18T08:09Z by ubuntu: run=0 pend=0 df=164G
2026-09-24T17:37:50Z paused since 2026-09-18T08:09Z by ubuntu: run=0 pend=0 df=160G
2026-09-24T17:42:51Z paused since 2026-09-18T08:09Z by ubuntu: run=0 pend=0 df=158G
2026-09-24T17:47:53Z paused since 2026-09-18T08:09Z by ubuntu: run=0 pend=0 df=156G
2026-09-24T17:52:54Z paused since 2026-09-18T08:09Z by ubuntu: run=0 pend=0 df=154G
2026-09-24T17:57:55Z paused since 2026-09-18T08:09Z by ubuntu: run=0 pend=0 df=149G
2026-09-24T18:02:56Z paused since 2026-09-18T08:09Z by ubuntu: run=0 pend=0 df=149G
2026-09-24T18:07:57Z paused since 2026-09-18T08:09Z by ubuntu: run=0 pend=0 df=145G
2026-09-24T18:12:58Z paused since 2026-09-18T08:09Z by ubuntu: run=0 pend=0 df=141G
2026-09-24T18:17:59Z paused since 2026-09-18T08:09Z by ubuntu: run=0 pend=0 df=139G
2026-09-24T18:23:00Z paused since 2026-09-18T08:09Z by ubuntu: run=0 pend=0 df=139G
2026-09-24T18:28:01Z paused since 2026-09-18T08:09Z by ubuntu: run=0 pend=0 df=135G
2026-09-24T18:33:02Z paused since 2026-09-18T08:09Z by ubuntu: run=0 pend=0 df=130G
2026-09-24T18:38:04Z paused since 2026-09-18T08:09Z by ubuntu: run=0 pend=0 df=130G
2026-09-24T18:43:05Z paused since 2026-09-18T08:09Z by ubuntu: run=0 pend=0 df=130G
2026-09-24T18:48:06Z paused since 2026-09-18T08:09Z by ubuntu: run=0 pend=0 df=130G
2026-09-24T18:53:07Z paused since 2026-09-18T08:09Z by ubuntu: run=0 pend=0 df=130G
2026-09-24T18:58:08Z paused since 2026-09-18T08:09Z by ubuntu: run=0 pend=0 df=130G
2026-09-24T19:03:09Z paused since 2026-09-18T08:09Z by ubuntu: run=0 pend=0 df=130G
2026-09-24T19:08:10Z paused since 2026-09-18T08:09Z by ubuntu: run=0 pend=0 df=130G
2026-09-24T19:13:11Z paused since 2026-09-18T08:09Z by ubuntu: run=0 pend=0 df=130G
2026-09-24T19:18:12Z paused since 2026-09-18T08:09Z by ubuntu: run=0 pend=0 df=130G
2026-09-24T19:23:13Z paused since 2026-09-18T08:09Z by ubuntu: run=0 pend=0 df=130G
2026-09-24T19:28:14Z paused since 2026-09-18T08:09Z by ubuntu: run=0 pend=0 df=130G
2026-09-24T19:33:15Z paused since 2026-09-18T08:09Z by ubuntu: run=0 pend=0 df=130G
2026-09-24T19:38:16Z paused since 2026-09-18T08:09Z by ubuntu: run=0 pend=0 df=130G
2026-09-24T19:43:18Z paused since 2026-09-18T08:09Z by ubuntu: run=0 pend=0 df=130G
2026-09-24T19:48:19Z paused since 2026-09-18T08:09Z by ubuntu: run=0 pend=0 df=130G
2026-09-24T19:53:20Z paused since 2026-09-18T08:09Z by ubuntu: run=0 pend=0 df=130G
2026-09-24T19:58:23Z paused since 2026-09-18T08:09Z by ubuntu: run=0 pend=0 df=130G
2026-09-24T20:03:25Z paused since 2026-09-18T08:09Z by ubuntu: run=0 pend=0 df=130G
2026-09-24T20:08:27Z paused since 2026-09-18T08:09Z by ubuntu: run=0 pend=0 df=130G
2026-09-24T20:13:28Z paused since 2026-09-18T08:09Z by ubuntu: run=0 pend=0 df=130G
2026-09-24T20:18:29Z paused since 2026-09-18T08:09Z by ubuntu: run=0 pend=0 df=130G
2026-09-24T20:23:30Z paused since 2026-09-18T08:09Z by ubuntu: run=0 pend=0 df=130G
2026-09-24T20:28:31Z paused since 2026-09-18T08:09Z by ubuntu: run=0 pend=0 df=130G
2026-09-24T20:33:32Z paused since 2026-09-18T08:09Z by ubuntu: run=0 pend=0 df=130G
2026-09-24T20:38:33Z paused since 2026-09-18T08:09Z by ubuntu: run=0 pend=0 df=130G
2026-09-24T20:43:35Z paused since 2026-09-18T08:09Z by ubuntu: run=0 pend=0 df=130G
2026-09-24T20:48:36Z paused since 2026-09-18T08:09Z by ubuntu: run=0 pend=0 df=130G
2026-09-24T20:53:36Z paused since 2026-09-18T08:09Z by ubuntu: run=0 pend=0 df=130G
2026-09-24T20:58:37Z paused since 2026-09-18T08:09Z by ubuntu: run=0 pend=0 df=130G
2026-09-24T21:03:38Z paused since 2026-09-18T08:09Z by ubuntu: run=0 pend=0 df=130G
2026-09-24T21:08:39Z paused since 2026-09-18T08:09Z by ubuntu: run=0 pend=0 df=130G
2026-09-24T21:13:40Z paused since 2026-09-18T08:09Z by ubuntu: run=0 pend=0 df=130G
2026-09-24T21:18:41Z paused since 2026-09-18T08:09Z by ubuntu: run=0 pend=0 df=130G
2026-09-24T21:23:42Z paused since 2026-09-18T08:09Z by ubuntu: run=0 pend=0 df=130G
2026-09-24T21:28:43Z paused since 2026-09-18T08:09Z by ubuntu: run=0 pend=0 df=130G
2026-09-24T21:33:44Z paused since 2026-09-18T08:09Z by ubuntu: run=0 pend=0 df=130G
2026-09-24T21:38:45Z paused since 2026-09-18T08:09Z by ubuntu: run=0 pend=0 df=130G
2026-09-24T21:43:46Z paused since 2026-09-18T08:09Z by ubuntu: run=0 pend=0 df=130G
2026-09-24T21:48:47Z paused since 2026-09-18T08:09Z by ubuntu: run=0 pend=0 df=130G
2026-09-24T21:53:48Z paused since 2026-09-18T08:09Z by ubuntu: run=0 pend=0 df=130G
2026-09-24T21:58:49Z paused since 2026-09-18T08:09Z by ubuntu: run=0 pend=0 df=130G
2026-09-24T22:03:50Z paused since 2026-09-18T08:09Z by ubuntu: run=0 pend=0 df=130G
2026-09-24T22:08:51Z paused since 2026-09-18T08:09Z by ubuntu: run=0 pend=0 df=130G
2026-09-24T22:13:52Z paused since 2026-09-18T08:09Z by ubuntu: run=0 pend=0 df=130G
2026-09-24T22:18:53Z paused since 2026-09-18T08:09Z by ubuntu: run=0 pend=0 df=130G
2026-09-24T22:23:54Z paused since 2026-09-18T08:09Z by ubuntu: run=0 pend=0 df=130G
2026-09-24T22:28:55Z paused since 2026-09-18T08:09Z by ubuntu: run=0 pend=0 df=130G
2026-09-24T22:33:56Z paused since 2026-09-18T08:09Z by ubuntu: run=0 pend=0 df=130G
2026-09-24T22:38:57Z paused since 2026-09-18T08:09Z by ubuntu: run=0 pend=0 df=130G
2026-09-24T22:43:58Z paused since 2026-09-18T08:09Z by ubuntu: run=0 pend=0 df=130G
2026-09-24T22:48:59Z paused since 2026-09-18T08:09Z by ubuntu: run=0 pend=0 df=130G
2026-09-24T22:54:00Z paused since 2026-09-18T08:09Z by ubuntu: run=0 pend=0 df=130G
2026-09-24T22:59:01Z paused since 2026-09-18T08:09Z by ubuntu: run=0 pend=0 df=130G
2026-09-24T23:04:02Z paused since 2026-09-18T08:09Z by ubuntu: run=0 pend=0 df=130G
2026-09-24T23:09:03Z paused since 2026-09-18T08:09Z by ubuntu: run=0 pend=0 df=130G
2026-09-24T23:14:04Z paused since 2026-09-18T08:09Z by ubuntu: run=0 pend=0 df=130G
2026-09-24T23:19:05Z paused since 2026-09-18T08:09Z by ubuntu: run=0 pend=0 df=130G
2026-09-24T23:24:06Z paused since 2026-09-18T08:09Z by ubuntu: run=0 pend=0 df=130G
2026-09-24T23:29:08Z paused since 2026-09-18T08:09Z by ubuntu: run=0 pend=0 df=130G
2026-09-24T23:34:09Z paused since 2026-09-18T08:09Z by ubuntu: run=0 pend=0 df=130G
2026-09-24T23:39:11Z paused since 2026-09-18T08:09Z by ubuntu: run=0 pend=0 df=130G
2026-09-24T23:44:13Z paused since 2026-09-18T08:09Z by ubuntu: run=0 pend=0 df=128G
2026-09-24T23:49:14Z paused since 2026-09-18T08:09Z by ubuntu: run=0 pend=0 df=126G
2026-09-24T23:54:15Z paused since 2026-09-18T08:09Z by ubuntu: run=0 pend=0 df=126G
2026-09-24T23:59:17Z paused since 2026-09-18T08:09Z by ubuntu: run=0 pend=0 df=122G
2026-09-25T00:04:18Z paused since 2026-09-18T08:09Z by ubuntu: run=0 pend=0 df=120G
2026-09-25T00:09:20Z paused since 2026-09-18T08:09Z by ubuntu: run=0 pend=0 df=118G
2026-09-25T00:14:21Z paused since 2026-09-18T08:09Z by ubuntu: run=0 pend=0 df=118G
2026-09-25T00:19:22Z paused since 2026-09-18T08:09Z by ubuntu: run=0 pend=0 df=105G
2026-09-25T00:24:23Z paused since 2026-09-18T08:09Z by ubuntu: run=0 pend=0 df=95G
2026-09-25T00:29:24Z paused since 2026-09-18T08:09Z by ubuntu: run=0 pend=0 df=95G
2026-09-25T00:34:26Z paused since 2026-09-18T08:09Z by ubuntu: run=0 pend=0 df=95G
2026-09-25T00:39:27Z paused since 2026-09-18T08:09Z by ubuntu: run=0 pend=0 df=95G
2026-09-25T00:44:28Z paused since 2026-09-18T08:09Z by ubuntu: run=0 pend=0 df=95G
2026-09-25T00:49:29Z paused since 2026-09-18T08:09Z by ubuntu: run=0 pend=0 df=95G
2026-09-25T00:54:30Z paused since 2026-09-18T08:09Z by ubuntu: run=0 pend=0 df=95G
2026-09-25T00:59:31Z paused since 2026-09-18T08:09Z by ubuntu: run=0 pend=0 df=95G
2026-09-25T01:04:32Z paused since 2026-09-18T08:09Z by ubuntu: run=0 pend=0 df=95G
2026-09-25T01:09:33Z paused since 2026-09-18T08:09Z by ubuntu: run=0 pend=0 df=95G
2026-09-25T01:14:34Z paused since 2026-09-18T08:09Z by ubuntu: run=0 pend=0 df=95G
2026-09-25T01:19:35Z paused since 2026-09-18T08:09Z by ubuntu: run=0 pend=0 df=95G
2026-09-25T01:24:36Z paused since 2026-09-18T08:09Z by ubuntu: run=0 pend=0 df=95G
2026-09-25T01:29:37Z paused since 2026-09-18T08:09Z by ubuntu: run=0 pend=0 df=95G
2026-09-25T01:34:38Z paused since 2026-09-18T08:09Z by ubuntu: run=0 pend=0 df=95G
2026-09-25T01:39:39Z paused since 2026-09-18T08:09Z by ubuntu: run=0 pend=0 df=95G
2026-09-25T01:44:40Z paused since 2026-09-18T08:09Z by ubuntu: run=0 pend=0 df=95G
2026-09-25T01:49:41Z paused since 2026-09-18T08:09Z by ubuntu: run=0 pend=0 df=95G
2026-09-25T01:54:42Z paused since 2026-09-18T08:09Z by ubuntu: run=0 pend=0 df=95G
2026-09-25T01:59:43Z paused since 2026-09-18T08:09Z by ubuntu: run=0 pend=0 df=95G
2026-09-25T02:04:44Z paused since 2026-09-18T08:09Z by ubuntu: run=0 pend=0 df=95G
2026-09-25T02:09:45Z paused since 2026-09-18T08:09Z by ubuntu: run=0 pend=0 df=95G
2026-09-25T02:14:46Z paused since 2026-09-18T08:09Z by ubuntu: run=0 pend=0 df=95G
2026-09-25T02:19:47Z paused since 2026-09-18T08:09Z by ubuntu: run=0 pend=0 df=95G
2026-09-25T02:24:48Z paused since 2026-09-18T08:09Z by ubuntu: run=0 pend=0 df=95G
2026-09-25T02:29:49Z paused since 2026-09-18T08:09Z by ubuntu: run=0 pend=0 df=95G
2026-09-25T02:34:50Z paused since 2026-09-18T08:09Z by ubuntu: run=0 pend=0 df=95G
2026-09-25T02:39:51Z paused since 2026-09-18T08:09Z by ubuntu: run=0 pend=0 df=95G
2026-09-25T02:44:52Z paused since 2026-09-18T08:09Z by ubuntu: run=0 pend=0 df=95G
2026-09-25T02:49:53Z paused since 2026-09-18T08:09Z by ubuntu: run=0 pend=0 df=95G
2026-09-25T02:54:55Z paused since 2026-09-18T08:09Z by ubuntu: run=0 pend=0 df=95G
2026-09-25T02:59:56Z paused since 2026-09-18T08:09Z by ubuntu: run=0 pend=0 df=95G
2026-09-25T03:04:57Z paused since 2026-09-18T08:09Z by ubuntu: run=0 pend=0 df=95G
2026-09-25T03:09:58Z paused since 2026-09-18T08:09Z by ubuntu: run=0 pend=0 df=95G
2026-09-25T03:14:59Z paused since 2026-09-18T08:09Z by ubuntu: run=0 pend=0 df=95G
2026-09-25T03:20:00Z paused since 2026-09-18T08:09Z by ubuntu: run=0 pend=0 df=95G
2026-09-25T03:25:01Z paused since 2026-09-18T08:09Z by ubuntu: run=0 pend=0 df=95G
2026-09-25T03:30:02Z paused since 2026-09-18T08:09Z by ubuntu: run=0 pend=0 df=84G
2026-09-25T03:35:03Z paused since 2026-09-18T08:09Z by ubuntu: run=0 pend=0 df=84G
2026-09-25T03:40:04Z paused since 2026-09-18T08:09Z by ubuntu: run=0 pend=0 df=84G
2026-09-25T03:45:05Z paused since 2026-09-18T08:09Z by ubuntu: run=0 pend=0 df=84G
2026-09-25T03:50:07Z paused since 2026-09-18T08:09Z by ubuntu: run=0 pend=0 df=84G
2026-09-25T03:55:08Z paused since 2026-09-18T08:09Z by ubuntu: run=0 pend=0 df=84G
2026-09-25T04:00:10Z paused since 2026-09-18T08:09Z by ubuntu: run=0 pend=0 df=82G
2026-09-25T04:05:11Z paused since 2026-09-18T08:09Z by ubuntu: run=0 pend=0 df=82G
2026-09-25T04:10:12Z paused since 2026-09-18T08:09Z by ubuntu: run=0 pend=0 df=80G
2026-09-25T04:15:13Z paused since 2026-09-18T08:09Z by ubuntu: run=0 pend=0 df=80G
2026-09-25T04:20:14Z paused since 2026-09-18T08:09Z by ubuntu: run=0 pend=0 df=78G
2026-09-25T04:25:15Z paused since 2026-09-18T08:09Z by ubuntu: run=0 pend=0 df=76G
2026-09-25T04:30:17Z paused since 2026-09-18T08:09Z by ubuntu: run=0 pend=0 df=76G
2026-09-25T04:35:18Z paused since 2026-09-18T08:09Z by ubuntu: run=0 pend=0 df=74G
2026-09-25T04:40:19Z paused since 2026-09-18T08:09Z by ubuntu: run=0 pend=0 df=73G
2026-09-25T04:45:20Z paused since 2026-09-18T08:09Z by ubuntu: run=0 pend=0 df=71G
2026-09-25T04:50:21Z paused since 2026-09-18T08:09Z by ubuntu: run=0 pend=0 df=69G
2026-09-25T04:55:22Z paused since 2026-09-18T08:09Z by ubuntu: run=0 pend=0 df=67G
2026-09-25T05:00:23Z paused since 2026-09-18T08:09Z by ubuntu: run=0 pend=0 df=67G
2026-09-25T05:05:24Z paused since 2026-09-18T08:09Z by ubuntu: run=0 pend=0 df=65G
2026-09-25T05:10:25Z paused since 2026-09-18T08:09Z by ubuntu: run=0 pend=0 df=63G
2026-09-25T05:15:26Z paused since 2026-09-18T08:09Z by ubuntu: run=0 pend=0 df=61G
2026-09-25T05:20:27Z paused since 2026-09-18T08:09Z by ubuntu: run=0 pend=0 df=59G
2026-09-25T05:25:28Z paused since 2026-09-18T08:09Z by ubuntu: run=0 pend=0 df=57G
2026-09-25T05:30:29Z paused since 2026-09-18T08:09Z by ubuntu: run=0 pend=0 df=55G
2026-09-25T05:35:30Z paused since 2026-09-18T08:09Z by ubuntu: run=0 pend=0 df=55G
2026-09-25T05:40:31Z paused since 2026-09-18T08:09Z by ubuntu: run=0 pend=0 df=52G
2026-09-25T05:45:32Z paused since 2026-09-18T08:09Z by ubuntu: run=0 pend=0 df=52G
2026-09-25T05:50:33Z paused since 2026-09-18T08:09Z by ubuntu: run=0 pend=0 df=52G
2026-09-25T05:55:34Z paused since 2026-09-18T08:09Z by ubuntu: run=0 pend=0 df=50G
2026-09-25T06:00:35Z paused since 2026-09-18T08:09Z by ubuntu: run=0 pend=0 df=48G
2026-09-25T06:05:36Z paused since 2026-09-18T08:09Z by ubuntu: run=0 pend=0 df=46G
2026-09-25T06:10:37Z paused since 2026-09-18T08:09Z by ubuntu: run=0 pend=0 df=44G
2026-09-25T06:15:38Z paused since 2026-09-18T08:09Z by ubuntu: run=0 pend=0 df=44G
2026-09-25T06:20:40Z paused since 2026-09-18T08:09Z by ubuntu: run=0 pend=0 df=40G
2026-09-25T06:25:41Z paused since 2026-09-18T08:09Z by ubuntu: run=0 pend=0 df=40G
2026-09-25T06:30:42Z paused since 2026-09-18T08:09Z by ubuntu: run=0 pend=0 df=38G
2026-09-25T06:35:43Z paused since 2026-09-18T08:09Z by ubuntu: run=0 pend=0 df=36G
2026-09-25T06:40:44Z paused since 2026-09-18T08:09Z by ubuntu: run=0 pend=0 df=33G
2026-09-25T06:45:45Z paused since 2026-09-18T08:09Z by ubuntu: run=0 pend=0 df=31G
2026-09-25T06:50:46Z paused since 2026-09-18T08:09Z by ubuntu: run=0 pend=0 df=31G
2026-09-25T06:55:47Z paused since 2026-09-18T08:09Z by ubuntu: run=0 pend=0 df=27G
2026-09-25T07:00:48Z paused since 2026-09-18T08:09Z by ubuntu: run=0 pend=0 df=25G
2026-09-25T07:05:49Z paused since 2026-09-18T08:09Z by ubuntu: run=0 pend=0 df=23G
2026-09-25T07:10:50Z paused since 2026-09-18T08:09Z by ubuntu: run=0 pend=0 df=21G
2026-09-25T07:15:51Z paused since 2026-09-18T08:09Z by ubuntu: run=0 pend=0 df=19G
2026-09-25T07:20:52Z paused since 2026-09-18T08:09Z by ubuntu: run=0 pend=0 df=17G
2026-09-25T07:25:53Z paused since 2026-09-18T08:09Z by ubuntu: run=0 pend=0 df=13G
2026-09-25T07:30:54Z paused since 2026-09-18T08:09Z by ubuntu: run=0 pend=0 df=12G
2026-09-25T07:35:55Z paused since 2026-09-18T08:09Z by ubuntu: run=0 pend=0 df=10G
2026-09-25T07:40:57Z paused since 2026-09-18T08:09Z by ubuntu: run=0 pend=0 df=8G
2026-09-25T07:56:00Z paused since 2026-09-18T08:09Z by ubuntu: run=0 pend=0 df=44G
2026-09-25T08:01:01Z paused since 2026-09-18T08:09Z by ubuntu: run=0 pend=0 df=44G
2026-09-25T08:06:02Z paused since 2026-09-18T08:09Z by ubuntu: run=0 pend=0 df=76G
2026-09-25T08:11:04Z paused since 2026-09-18T08:09Z by ubuntu: run=0 pend=0 df=366G
2026-09-25T08:16:05Z paused since 2026-09-18T08:09Z by ubuntu: run=0 pend=0 df=366G
2026-09-25T08:21:06Z paused since 2026-09-18T08:09Z by ubuntu: run=0 pend=0 df=366G
2026-09-25T08:26:07Z paused since 2026-09-18T08:09Z by ubuntu: run=0 pend=0 df=366G
2026-09-25T08:31:08Z paused since 2026-09-18T08:09Z by ubuntu: run=0 pend=0 df=366G
2026-09-25T08:36:09Z paused since 2026-09-18T08:09Z by ubuntu: run=0 pend=0 df=366G
2026-09-25T08:41:10Z paused since 2026-09-18T08:09Z by ubuntu: run=0 pend=0 df=366G
2026-09-25T08:46:11Z paused since 2026-09-18T08:09Z by ubuntu: run=0 pend=0 df=366G
2026-09-25T08:51:13Z paused since 2026-09-18T08:09Z by ubuntu: run=0 pend=0 df=366G
2026-09-25T08:56:14Z paused since 2026-09-18T08:09Z by ubuntu: run=0 pend=0 df=366G
2026-09-25T09:01:15Z paused since 2026-09-18T08:09Z by ubuntu: run=0 pend=0 df=366G
2026-09-25T09:06:16Z paused since 2026-09-18T08:09Z by ubuntu: run=0 pend=0 df=366G
2026-09-25T09:11:17Z paused since 2026-09-18T08:09Z by ubuntu: run=0 pend=0 df=366G
2026-09-25T09:16:18Z paused since 2026-09-18T08:09Z by ubuntu: run=0 pend=0 df=366G
2026-09-25T09:21:19Z paused since 2026-09-18T08:09Z by ubuntu: run=0 pend=0 df=366G
2026-09-25T09:26:20Z paused since 2026-09-18T08:09Z by ubuntu: run=0 pend=0 df=366G
2026-09-25T09:31:21Z paused since 2026-09-18T08:09Z by ubuntu: run=0 pend=0 df=366G
2026-09-25T09:36:22Z paused since 2026-09-18T08:09Z by ubuntu: run=0 pend=0 df=366G
2026-09-25T09:41:23Z paused since 2026-09-18T08:09Z by ubuntu: run=0 pend=0 df=366G
2026-09-25T09:46:24Z paused since 2026-09-18T08:09Z by ubuntu: run=0 pend=0 df=366G
2026-09-25T09:51:25Z paused since 2026-09-18T08:09Z by ubuntu: run=0 pend=0 df=366G
2026-09-25T09:56:26Z paused since 2026-09-18T08:09Z by ubuntu: run=0 pend=0 df=366G
2026-09-25T10:01:27Z paused since 2026-09-18T08:09Z by ubuntu: run=0 pend=0 df=366G
2026-09-25T10:06:29Z paused since 2026-09-18T08:09Z by ubuntu: run=0 pend=0 df=366G
2026-09-25T10:11:30Z paused since 2026-09-18T08:09Z by ubuntu: run=0 pend=0 df=366G
2026-09-25T10:16:31Z paused since 2026-09-18T08:09Z by ubuntu: run=0 pend=0 df=366G
2026-09-25T10:21:32Z paused since 2026-09-18T08:09Z by ubuntu: run=0 pend=0 df=366G
2026-09-25T10:26:33Z paused since 2026-09-18T08:09Z by ubuntu: run=0 pend=0 df=366G
2026-09-25T10:31:34Z paused since 2026-09-18T08:09Z by ubuntu: run=0 pend=0 df=366G
2026-09-25T10:36:35Z paused since 2026-09-18T08:09Z by ubuntu: run=0 pend=0 df=366G
2026-09-25T10:41:36Z paused since 2026-09-18T08:09Z by ubuntu: run=0 pend=0 df=366G
2026-09-25T10:46:37Z paused since 2026-09-18T08:09Z by ubuntu: run=0 pend=0 df=366G
2026-09-25T10:51:38Z paused since 2026-09-18T08:09Z by ubuntu: run=0 pend=0 df=366G
2026-09-25T10:56:39Z paused since 2026-09-18T08:09Z by ubuntu: run=0 pend=0 df=366G
2026-09-25T11:01:40Z paused since 2026-09-18T08:09Z by ubuntu: run=0 pend=0 df=366G
2026-09-25T11:06:41Z paused since 2026-09-18T08:09Z by ubuntu: run=0 pend=0 df=366G
2026-09-25T11:11:42Z paused since 2026-09-18T08:09Z by ubuntu: run=0 pend=0 df=366G
2026-09-25T11:16:43Z paused since 2026-09-18T08:09Z by ubuntu: run=0 pend=0 df=366G
2026-09-25T11:21:44Z paused since 2026-09-18T08:09Z by ubuntu: run=0 pend=0 df=366G
2026-09-25T11:26:45Z paused since 2026-09-18T08:09Z by ubuntu: run=0 pend=0 df=365G
2026-09-25T11:31:46Z paused since 2026-09-18T08:09Z by ubuntu: run=0 pend=0 df=365G
2026-09-25T11:36:47Z paused since 2026-09-18T08:09Z by ubuntu: run=0 pend=0 df=365G
2026-09-25T11:41:48Z paused since 2026-09-18T08:09Z by ubuntu: run=0 pend=0 df=365G
2026-09-25T11:46:49Z paused since 2026-09-18T08:09Z by ubuntu: run=0 pend=0 df=365G
2026-09-25T11:51:50Z paused since 2026-09-18T08:09Z by ubuntu: run=0 pend=0 df=365G
2026-09-25T11:56:51Z paused since 2026-09-18T08:09Z by ubuntu: run=0 pend=0 df=365G
2026-09-25T12:01:52Z paused since 2026-09-18T08:09Z by ubuntu: run=0 pend=0 df=365G
2026-09-25T12:06:53Z paused since 2026-09-18T08:09Z by ubuntu: run=0 pend=0 df=365G
2026-09-25T12:11:54Z paused since 2026-09-18T08:09Z by ubuntu: run=0 pend=0 df=365G
2026-09-25T12:16:55Z paused since 2026-09-18T08:09Z by ubuntu: run=0 pend=0 df=365G
2026-09-25T12:21:56Z paused since 2026-09-18T08:09Z by ubuntu: run=0 pend=0 df=365G
2026-09-25T12:26:57Z paused since 2026-09-18T08:09Z by ubuntu: run=0 pend=0 df=365G
2026-09-25T12:31:58Z paused since 2026-09-18T08:09Z by ubuntu: run=0 pend=0 df=365G
2026-09-25T12:36:59Z paused since 2026-09-18T08:09Z by ubuntu: run=0 pend=0 df=365G
2026-09-25T12:42:00Z paused since 2026-09-18T08:09Z by ubuntu: run=0 pend=0 df=365G
2026-09-25T12:47:01Z paused since 2026-09-18T08:09Z by ubuntu: run=0 pend=0 df=365G
2026-09-25T12:52:02Z paused since 2026-09-18T08:09Z by ubuntu: run=0 pend=0 df=365G
2026-09-25T12:57:03Z paused since 2026-09-18T08:09Z by ubuntu: run=0 pend=0 df=366G
2026-09-25T13:02:04Z paused since 2026-09-18T08:09Z by ubuntu: run=0 pend=0 df=366G
2026-09-25T13:07:05Z paused since 2026-09-18T08:09Z by ubuntu: run=0 pend=0 df=366G
2026-09-25T13:12:06Z paused since 2026-09-18T08:09Z by ubuntu: run=0 pend=0 df=366G
2026-09-25T13:17:07Z paused since 2026-09-18T08:09Z by ubuntu: run=0 pend=0 df=366G
2026-09-25T13:22:08Z paused since 2026-09-18T08:09Z by ubuntu: run=0 pend=0 df=366G
2026-09-25T13:27:10Z paused since 2026-09-18T08:09Z by ubuntu: run=0 pend=0 df=366G
2026-09-25T13:32:11Z paused since 2026-09-18T08:09Z by ubuntu: run=0 pend=0 df=366G
2026-09-25T13:37:12Z paused since 2026-09-18T08:09Z by ubuntu: run=0 pend=0 df=366G
2026-09-25T13:42:13Z paused since 2026-09-18T08:09Z by ubuntu: run=0 pend=0 df=366G
2026-09-25T13:47:14Z paused since 2026-09-18T08:09Z by ubuntu: run=0 pend=0 df=366G
2026-09-25T13:52:15Z paused since 2026-09-18T08:09Z by ubuntu: run=0 pend=0 df=366G
2026-09-25T13:57:16Z paused since 2026-09-18T08:09Z by ubuntu: run=0 pend=0 df=366G
2026-09-25T14:02:17Z paused since 2026-09-18T08:09Z by ubuntu: run=0 pend=0 df=366G
2026-09-25T14:07:18Z paused since 2026-09-18T08:09Z by ubuntu: run=0 pend=0 df=366G
2026-09-25T14:12:19Z paused since 2026-09-18T08:09Z by ubuntu: run=0 pend=0 df=366G
2026-09-25T14:17:20Z paused since 2026-09-18T08:09Z by ubuntu: run=0 pend=0 df=366G
2026-09-25T14:22:21Z paused since 2026-09-18T08:09Z by ubuntu: run=0 pend=0 df=366G
2026-09-25T14:27:22Z paused since 2026-09-18T08:09Z by ubuntu: run=0 pend=0 df=366G
2026-09-25T14:32:23Z paused since 2026-09-18T08:09Z by ubuntu: run=0 pend=0 df=366G
2026-09-25T14:37:24Z paused since 2026-09-18T08:09Z by ubuntu: run=0 pend=0 df=366G
2026-09-25T14:42:25Z paused since 2026-09-18T08:09Z by ubuntu: run=0 pend=0 df=366G
2026-09-25T14:47:26Z paused since 2026-09-18T08:09Z by ubuntu: run=0 pend=0 df=366G
2026-09-25T14:52:27Z paused since 2026-09-18T08:09Z by ubuntu: run=0 pend=0 df=366G
2026-09-25T14:57:28Z paused since 2026-09-18T08:09Z by ubuntu: run=0 pend=0 df=366G
2026-09-25T15:02:29Z paused since 2026-09-18T08:09Z by ubuntu: run=0 pend=0 df=366G
2026-09-25T15:07:30Z paused since 2026-09-18T08:09Z by ubuntu: run=0 pend=0 df=366G
2026-09-25T15:12:31Z paused since 2026-09-18T08:09Z by ubuntu: run=0 pend=0 df=366G
2026-09-25T15:17:32Z paused since 2026-09-18T08:09Z by ubuntu: run=0 pend=0 df=366G
2026-09-25T15:22:34Z paused since 2026-09-18T08:09Z by ubuntu: run=0 pend=0 df=366G
2026-09-25T15:27:35Z paused since 2026-09-18T08:09Z by ubuntu: run=0 pend=0 df=366G
2026-09-25T15:32:36Z paused since 2026-09-18T08:09Z by ubuntu: run=0 pend=0 df=366G
2026-09-25T15:37:37Z paused since 2026-09-18T08:09Z by ubuntu: run=0 pend=0 df=366G
2026-09-25T15:42:38Z paused since 2026-09-18T08:09Z by ubuntu: run=0 pend=0 df=366G
2026-09-25T15:47:39Z paused since 2026-09-18T08:09Z by ubuntu: run=0 pend=0 df=366G
2026-09-25T15:52:40Z paused since 2026-09-18T08:09Z by ubuntu: run=0 pend=0 df=366G
2026-09-25T15:57:41Z paused since 2026-09-18T08:09Z by ubuntu: run=0 pend=0 df=365G
2026-09-25T16:02:42Z paused since 2026-09-18T08:09Z by ubuntu: run=0 pend=0 df=365G
2026-09-25T16:07:43Z paused since 2026-09-18T08:09Z by ubuntu: run=0 pend=0 df=365G
2026-09-25T16:12:44Z paused since 2026-09-18T08:09Z by ubuntu: run=0 pend=0 df=365G
2026-09-25T16:17:45Z paused since 2026-09-18T08:09Z by ubuntu: run=0 pend=0 df=365G
2026-09-25T16:22:46Z paused since 2026-09-18T08:09Z by ubuntu: run=0 pend=0 df=365G
2026-09-25T16:27:47Z paused since 2026-09-18T08:09Z by ubuntu: run=0 pend=0 df=365G
2026-09-25T16:32:48Z paused since 2026-09-18T08:09Z by ubuntu: run=0 pend=0 df=365G
2026-09-25T16:37:49Z paused since 2026-09-18T08:09Z by ubuntu: run=0 pend=0 df=365G
2026-09-25T16:42:50Z paused since 2026-09-18T08:09Z by ubuntu: run=0 pend=0 df=365G
2026-09-25T16:47:51Z paused since 2026-09-18T08:09Z by ubuntu: run=0 pend=0 df=365G
2026-09-25T16:52:52Z paused since 2026-09-18T08:09Z by ubuntu: run=0 pend=0 df=365G
2026-09-25T16:57:53Z paused since 2026-09-18T08:09Z by ubuntu: run=0 pend=0 df=366G
2026-09-25T17:02:54Z paused since 2026-09-18T08:09Z by ubuntu: run=0 pend=0 df=366G
2026-09-25T17:07:55Z paused since 2026-09-18T08:09Z by ubuntu: run=0 pend=0 df=366G
2026-09-25T17:12:56Z paused since 2026-09-18T08:09Z by ubuntu: run=0 pend=0 df=366G
2026-09-25T17:17:57Z paused since 2026-09-18T08:09Z by ubuntu: run=0 pend=0 df=366G
2026-09-25T17:22:58Z paused since 2026-09-18T08:09Z by ubuntu: run=0 pend=0 df=366G
2026-09-25T17:27:59Z paused since 2026-09-18T08:09Z by ubuntu: run=0 pend=0 df=366G
2026-09-25T17:33:00Z paused since 2026-09-18T08:09Z by ubuntu: run=0 pend=0 df=366G
2026-09-25T17:38:01Z paused since 2026-09-18T08:09Z by ubuntu: run=0 pend=0 df=366G
2026-09-25T17:43:02Z paused since 2026-09-18T08:09Z by ubuntu: run=0 pend=0 df=366G
2026-09-25T17:48:03Z paused since 2026-09-18T08:09Z by ubuntu: run=0 pend=0 df=366G
2026-09-25T17:53:04Z paused since 2026-09-18T08:09Z by ubuntu: run=0 pend=0 df=366G
2026-09-25T17:58:05Z paused since 2026-09-18T08:09Z by ubuntu: run=0 pend=0 df=366G
2026-09-25T18:03:06Z paused since 2026-09-18T08:09Z by ubuntu: run=0 pend=0 df=366G
2026-09-25T18:08:07Z paused since 2026-09-18T08:09Z by ubuntu: run=0 pend=0 df=366G
2026-09-25T18:13:08Z paused since 2026-09-18T08:09Z by ubuntu: run=0 pend=0 df=366G
2026-09-25T18:18:09Z paused since 2026-09-18T08:09Z by ubuntu: run=0 pend=0 df=366G
2026-09-25T18:23:10Z paused since 2026-09-18T08:09Z by ubuntu: run=0 pend=0 df=366G
2026-09-25T18:28:11Z paused since 2026-09-18T08:09Z by ubuntu: run=0 pend=0 df=366G
2026-09-25T18:33:12Z paused since 2026-09-18T08:09Z by ubuntu: run=0 pend=0 df=366G
2026-09-25T18:38:13Z paused since 2026-09-18T08:09Z by ubuntu: run=0 pend=0 df=366G
2026-09-25T18:43:14Z paused since 2026-09-18T08:09Z by ubuntu: run=0 pend=0 df=366G
2026-09-25T18:48:15Z paused since 2026-09-18T08:09Z by ubuntu: run=0 pend=0 df=366G
2026-09-25T18:53:16Z paused since 2026-09-18T08:09Z by ubuntu: run=0 pend=0 df=366G
2026-09-25T18:58:17Z paused since 2026-09-18T08:09Z by ubuntu: run=0 pend=0 df=364G
2026-09-25T19:03:18Z paused since 2026-09-18T08:09Z by ubuntu: run=0 pend=0 df=364G
2026-09-25T19:08:19Z paused since 2026-09-18T08:09Z by ubuntu: run=1 pend=2 df=364G
2026-09-25T19:13:20Z paused since 2026-09-18T08:09Z by ubuntu: run=1 pend=2 df=364G
2026-09-25T19:18:21Z paused since 2026-09-18T08:09Z by ubuntu: run=0 pend=0 df=362G
2026-09-25T19:23:22Z paused since 2026-09-18T08:09Z by ubuntu: run=0 pend=0 df=360G
2026-09-25T19:28:24Z paused since 2026-09-18T08:09Z by ubuntu: run=0 pend=0 df=360G
2026-09-25T19:33:25Z paused since 2026-09-18T08:09Z by ubuntu: run=0 pend=0 df=358G
2026-09-25T19:38:26Z paused since 2026-09-18T08:09Z by ubuntu: run=0 pend=0 df=354G
2026-09-25T19:43:27Z paused since 2026-09-18T08:09Z by ubuntu: run=0 pend=0 df=354G
2026-09-25T19:48:28Z paused since 2026-09-18T08:09Z by ubuntu: run=0 pend=0 df=354G
2026-09-25T19:53:29Z paused since 2026-09-18T08:09Z by ubuntu: run=0 pend=0 df=349G
2026-09-25T19:58:30Z paused since 2026-09-18T08:09Z by ubuntu: run=0 pend=0 df=348G
2026-09-25T20:03:31Z paused since 2026-09-18T08:09Z by ubuntu: run=0 pend=0 df=348G
2026-09-25T20:08:32Z paused since 2026-09-18T08:09Z by ubuntu: run=0 pend=0 df=346G
2026-09-25T20:13:33Z paused since 2026-09-18T08:09Z by ubuntu: run=0 pend=0 df=343G
2026-09-25T20:18:34Z paused since 2026-09-18T08:09Z by ubuntu: run=0 pend=0 df=343G
2026-09-25T20:23:35Z paused since 2026-09-18T08:09Z by ubuntu: run=0 pend=0 df=341G
2026-09-25T20:28:36Z paused since 2026-09-18T08:09Z by ubuntu: run=0 pend=0 df=341G
2026-09-25T20:33:37Z paused since 2026-09-18T08:09Z by ubuntu: run=0 pend=0 df=337G
2026-09-25T20:38:38Z paused since 2026-09-18T08:09Z by ubuntu: run=0 pend=0 df=337G
2026-09-25T20:43:39Z paused since 2026-09-18T08:09Z by ubuntu: run=0 pend=0 df=337G
2026-09-25T20:48:40Z paused since 2026-09-18T08:09Z by ubuntu: run=0 pend=0 df=335G
2026-09-25T20:53:41Z paused since 2026-09-18T08:09Z by ubuntu: run=0 pend=0 df=331G
2026-09-25T20:58:42Z paused since 2026-09-18T08:09Z by ubuntu: run=0 pend=0 df=331G
2026-09-25T21:03:43Z paused since 2026-09-18T08:09Z by ubuntu: run=0 pend=0 df=329G
2026-09-25T21:08:44Z paused since 2026-09-18T08:09Z by ubuntu: run=0 pend=0 df=327G
2026-09-25T21:13:45Z paused since 2026-09-18T08:09Z by ubuntu: run=0 pend=0 df=326G
2026-09-25T21:18:46Z paused since 2026-09-18T08:09Z by ubuntu: run=0 pend=0 df=324G
2026-09-25T21:23:47Z paused since 2026-09-18T08:09Z by ubuntu: run=0 pend=0 df=322G
2026-09-25T21:28:48Z paused since 2026-09-18T08:09Z by ubuntu: run=0 pend=0 df=320G
2026-09-25T21:33:49Z paused since 2026-09-18T08:09Z by ubuntu: run=0 pend=0 df=320G
2026-09-25T21:38:50Z paused since 2026-09-18T08:09Z by ubuntu: run=0 pend=0 df=318G
2026-09-25T21:43:51Z paused since 2026-09-18T08:09Z by ubuntu: run=0 pend=0 df=316G
2026-09-25T21:48:52Z paused since 2026-09-18T08:09Z by ubuntu: run=0 pend=0 df=314G
2026-09-25T21:53:54Z paused since 2026-09-18T08:09Z by ubuntu: run=0 pend=0 df=314G
2026-09-25T21:58:55Z paused since 2026-09-18T08:09Z by ubuntu: run=0 pend=0 df=312G
2026-09-25T22:03:56Z paused since 2026-09-18T08:09Z by ubuntu: run=0 pend=0 df=310G
2026-09-25T22:08:57Z paused since 2026-09-18T08:09Z by ubuntu: run=0 pend=0 df=308G
2026-09-25T22:13:58Z paused since 2026-09-18T08:09Z by ubuntu: run=0 pend=0 df=306G
2026-09-25T22:18:59Z paused since 2026-09-18T08:09Z by ubuntu: run=0 pend=0 df=302G
2026-09-25T22:24:00Z paused since 2026-09-18T08:09Z by ubuntu: run=0 pend=0 df=301G
2026-09-25T22:29:01Z paused since 2026-09-18T08:09Z by ubuntu: run=0 pend=0 df=301G
2026-09-25T22:34:02Z paused since 2026-09-18T08:09Z by ubuntu: run=0 pend=0 df=299G
2026-09-25T22:39:03Z paused since 2026-09-18T08:09Z by ubuntu: run=0 pend=0 df=291G
2026-09-25T22:44:04Z paused since 2026-09-18T08:09Z by ubuntu: run=0 pend=0 df=291G
2026-09-25T22:49:05Z paused since 2026-09-18T08:09Z by ubuntu: run=0 pend=0 df=289G
2026-09-25T22:54:06Z paused since 2026-09-18T08:09Z by ubuntu: run=0 pend=0 df=287G
2026-09-25T22:59:07Z paused since 2026-09-18T08:09Z by ubuntu: run=0 pend=0 df=281G
2026-09-25T23:04:08Z paused since 2026-09-18T08:09Z by ubuntu: run=0 pend=0 df=281G
2026-09-25T23:09:09Z paused since 2026-09-18T08:09Z by ubuntu: run=0 pend=0 df=280G
2026-09-25T23:14:11Z paused since 2026-09-18T08:09Z by ubuntu: run=0 pend=0 df=272G
2026-09-25T23:19:12Z paused since 2026-09-18T08:09Z by ubuntu: run=0 pend=0 df=272G
2026-09-25T23:24:13Z paused since 2026-09-18T08:09Z by ubuntu: run=0 pend=0 df=266G
2026-09-25T23:29:14Z paused since 2026-09-18T08:09Z by ubuntu: run=0 pend=0 df=261G
2026-09-25T23:34:15Z paused since 2026-09-18T08:09Z by ubuntu: run=0 pend=0 df=242G
2026-09-25T23:39:16Z paused since 2026-09-18T08:09Z by ubuntu: run=0 pend=0 df=242G
2026-09-25T23:44:17Z paused since 2026-09-18T08:09Z by ubuntu: run=0 pend=0 df=242G
2026-09-25T23:49:18Z paused since 2026-09-18T08:09Z by ubuntu: run=0 pend=0 df=241G
2026-09-25T23:54:19Z paused since 2026-09-18T08:09Z by ubuntu: run=0 pend=0 df=241G
2026-09-25T23:59:20Z paused since 2026-09-18T08:09Z by ubuntu: run=0 pend=0 df=241G
2026-09-26T00:04:21Z paused since 2026-09-18T08:09Z by ubuntu: run=0 pend=0 df=241G
2026-09-26T00:09:22Z paused since 2026-09-18T08:09Z by ubuntu: run=0 pend=0 df=241G
2026-09-26T00:14:23Z paused since 2026-09-18T08:09Z by ubuntu: run=0 pend=0 df=241G
2026-09-26T00:19:24Z paused since 2026-09-18T08:09Z by ubuntu: run=0 pend=0 df=241G
2026-09-26T00:24:25Z paused since 2026-09-18T08:09Z by ubuntu: run=0 pend=0 df=241G
2026-09-26T00:29:26Z paused since 2026-09-18T08:09Z by ubuntu: run=0 pend=0 df=241G
2026-09-26T00:34:27Z paused since 2026-09-18T08:09Z by ubuntu: run=0 pend=0 df=239G
2026-09-26T00:39:29Z paused since 2026-09-18T08:09Z by ubuntu: run=0 pend=0 df=239G
2026-09-26T00:44:30Z paused since 2026-09-18T08:09Z by ubuntu: run=0 pend=0 df=239G
2026-09-26T00:49:31Z paused since 2026-09-18T08:09Z by ubuntu: run=0 pend=0 df=239G
2026-09-26T00:54:32Z paused since 2026-09-18T08:09Z by ubuntu: run=0 pend=0 df=235G
2026-09-26T00:59:33Z paused since 2026-09-18T08:09Z by ubuntu: run=0 pend=0 df=233G
2026-09-26T01:04:34Z paused since 2026-09-18T08:09Z by ubuntu: run=0 pend=0 df=233G
2026-09-26T01:09:35Z paused since 2026-09-18T08:09Z by ubuntu: run=0 pend=0 df=233G
2026-09-26T01:14:36Z paused since 2026-09-18T08:09Z by ubuntu: run=0 pend=0 df=228G
2026-09-26T01:19:37Z paused since 2026-09-18T08:09Z by ubuntu: run=0 pend=0 df=228G
2026-09-26T01:24:38Z paused since 2026-09-18T08:09Z by ubuntu: run=0 pend=0 df=228G
2026-09-26T01:29:39Z paused since 2026-09-18T08:09Z by ubuntu: run=0 pend=0 df=225G
2026-09-26T01:34:40Z paused since 2026-09-18T08:09Z by ubuntu: run=0 pend=0 df=212G
2026-09-26T01:39:41Z paused since 2026-09-18T08:09Z by ubuntu: run=0 pend=0 df=212G
2026-09-26T01:44:42Z paused since 2026-09-18T08:09Z by ubuntu: run=0 pend=0 df=209G
2026-09-26T01:49:43Z paused since 2026-09-18T08:09Z by ubuntu: run=0 pend=0 df=209G
2026-09-26T01:54:44Z paused since 2026-09-18T08:09Z by ubuntu: run=0 pend=0 df=209G
2026-09-26T01:59:45Z paused since 2026-09-18T08:09Z by ubuntu: run=0 pend=0 df=209G
2026-09-26T02:04:46Z paused since 2026-09-18T08:09Z by ubuntu: run=0 pend=0 df=203G
2026-09-26T02:09:47Z paused since 2026-09-18T08:09Z by ubuntu: run=0 pend=0 df=203G
2026-09-26T02:14:48Z paused since 2026-09-18T08:09Z by ubuntu: run=0 pend=0 df=203G
2026-09-26T02:19:49Z paused since 2026-09-18T08:09Z by ubuntu: run=0 pend=0 df=203G
2026-09-26T02:24:50Z paused since 2026-09-18T08:09Z by ubuntu: run=0 pend=0 df=197G
2026-09-26T02:29:52Z paused since 2026-09-18T08:09Z by ubuntu: run=0 pend=0 df=197G
2026-09-26T02:34:53Z paused since 2026-09-18T08:09Z by ubuntu: run=0 pend=0 df=197G
2026-09-26T02:39:54Z paused since 2026-09-18T08:09Z by ubuntu: run=0 pend=0 df=195G
2026-09-26T02:44:55Z paused since 2026-09-18T08:09Z by ubuntu: run=0 pend=0 df=195G
2026-09-26T02:49:56Z paused since 2026-09-18T08:09Z by ubuntu: run=0 pend=0 df=192G
2026-09-26T02:54:57Z paused since 2026-09-18T08:09Z by ubuntu: run=0 pend=0 df=190G
2026-09-26T02:59:58Z paused since 2026-09-18T08:09Z by ubuntu: run=0 pend=0 df=189G
2026-09-26T03:04:59Z paused since 2026-09-18T08:09Z by ubuntu: run=0 pend=0 df=186G
2026-09-26T03:10:00Z paused since 2026-09-18T08:09Z by ubuntu: run=0 pend=0 df=186G
2026-09-26T03:15:01Z paused since 2026-09-18T08:09Z by ubuntu: run=0 pend=0 df=184G
2026-09-26T03:20:02Z paused since 2026-09-18T08:09Z by ubuntu: run=0 pend=0 df=184G
2026-09-26T03:25:03Z paused since 2026-09-18T08:09Z by ubuntu: run=0 pend=0 df=181G
2026-09-26T03:30:04Z paused since 2026-09-18T08:09Z by ubuntu: run=0 pend=0 df=179G
2026-09-26T03:35:05Z paused since 2026-09-18T08:09Z by ubuntu: run=0 pend=0 df=179G
2026-09-26T03:40:06Z paused since 2026-09-18T08:09Z by ubuntu: run=0 pend=0 df=176G
2026-09-26T03:45:07Z paused since 2026-09-18T08:09Z by ubuntu: run=0 pend=0 df=173G
2026-09-26T03:50:08Z paused since 2026-09-18T08:09Z by ubuntu: run=0 pend=0 df=170G
2026-09-26T03:55:09Z paused since 2026-09-18T08:09Z by ubuntu: run=0 pend=0 df=170G
2026-09-26T04:00:10Z paused since 2026-09-18T08:09Z by ubuntu: run=0 pend=0 df=168G
2026-09-26T04:05:12Z paused since 2026-09-18T08:09Z by ubuntu: run=0 pend=0 df=165G
2026-09-26T04:10:13Z paused since 2026-09-18T08:09Z by ubuntu: run=0 pend=0 df=162G
2026-09-26T04:15:14Z paused since 2026-09-18T08:09Z by ubuntu: run=0 pend=0 df=162G
2026-09-26T04:20:15Z paused since 2026-09-18T08:09Z by ubuntu: run=0 pend=0 df=159G
2026-09-26T04:25:16Z paused since 2026-09-18T08:09Z by ubuntu: run=0 pend=0 df=154G
2026-09-26T04:30:17Z paused since 2026-09-18T08:09Z by ubuntu: run=0 pend=0 df=151G
2026-09-26T04:35:18Z paused since 2026-09-18T08:09Z by ubuntu: run=0 pend=0 df=149G
2026-09-26T04:40:19Z paused since 2026-09-18T08:09Z by ubuntu: run=0 pend=0 df=143G
2026-09-26T04:45:20Z paused since 2026-09-18T08:09Z by ubuntu: run=0 pend=0 df=140G
2026-09-26T04:50:21Z paused since 2026-09-18T08:09Z by ubuntu: run=0 pend=0 df=138G
2026-09-26T04:55:22Z paused since 2026-09-18T08:09Z by ubuntu: run=0 pend=0 df=135G
2026-09-26T05:00:23Z paused since 2026-09-18T08:09Z by ubuntu: run=0 pend=0 df=129G
2026-09-26T05:05:24Z paused since 2026-09-18T08:09Z by ubuntu: run=0 pend=0 df=122G
2026-09-26T05:10:26Z paused since 2026-09-18T08:09Z by ubuntu: run=0 pend=0 df=122G
2026-09-26T05:15:27Z paused since 2026-09-18T08:09Z by ubuntu: run=0 pend=0 df=117G
2026-09-26T05:20:28Z paused since 2026-09-18T08:09Z by ubuntu: run=0 pend=0 df=114G
2026-09-26T05:25:29Z paused since 2026-09-18T08:09Z by ubuntu: run=0 pend=0 df=111G
2026-09-26T05:30:30Z paused since 2026-09-18T08:09Z by ubuntu: run=0 pend=0 df=108G
2026-09-26T05:35:31Z paused since 2026-09-18T08:09Z by ubuntu: run=0 pend=0 df=100G
2026-09-26T05:40:32Z paused since 2026-09-18T08:09Z by ubuntu: run=0 pend=0 df=98G
2026-09-26T05:45:33Z paused since 2026-09-18T08:09Z by ubuntu: run=0 pend=0 df=98G
2026-09-26T05:50:34Z paused since 2026-09-18T08:09Z by ubuntu: run=0 pend=0 df=92G
2026-09-26T05:55:35Z paused since 2026-09-18T08:09Z by ubuntu: run=0 pend=0 df=87G
2026-09-26T06:00:36Z paused since 2026-09-18T08:09Z by ubuntu: run=0 pend=0 df=84G
2026-09-26T06:05:37Z paused since 2026-09-18T08:09Z by ubuntu: run=0 pend=0 df=81G
2026-09-26T06:10:38Z paused since 2026-09-18T08:09Z by ubuntu: run=0 pend=0 df=76G
2026-09-26T06:15:39Z paused since 2026-09-18T08:09Z by ubuntu: run=0 pend=0 df=73G
2026-09-26T06:20:40Z paused since 2026-09-18T08:09Z by ubuntu: run=0 pend=0 df=70G
2026-09-26T06:25:41Z paused since 2026-09-18T08:09Z by ubuntu: run=0 pend=0 df=68G
2026-09-26T06:30:42Z paused since 2026-09-18T08:09Z by ubuntu: run=0 pend=0 df=62G
2026-09-26T06:35:43Z paused since 2026-09-18T08:09Z by ubuntu: run=0 pend=0 df=57G
2026-09-26T06:40:45Z paused since 2026-09-18T08:09Z by ubuntu: run=0 pend=0 df=57G
2026-09-26T06:45:46Z paused since 2026-09-18T08:09Z by ubuntu: run=0 pend=0 df=54G
2026-09-26T06:50:47Z paused since 2026-09-18T08:09Z by ubuntu: run=0 pend=0 df=46G
2026-09-26T06:55:48Z paused since 2026-09-18T08:09Z by ubuntu: run=0 pend=0 df=40G
2026-09-26T07:00:49Z paused since 2026-09-18T08:09Z by ubuntu: run=0 pend=0 df=40G
2026-09-26T07:05:50Z paused since 2026-09-18T08:09Z by ubuntu: run=0 pend=0 df=34G
2026-09-26T07:10:51Z paused since 2026-09-18T08:09Z by ubuntu: run=0 pend=0 df=17G
2026-09-26T07:15:52Z paused since 2026-09-18T08:09Z by ubuntu: run=0 pend=0 df=14G
2026-09-26T07:20:53Z paused since 2026-09-18T08:09Z by ubuntu: run=0 pend=0 df=14G
2026-09-26T07:25:55Z paused since 2026-09-18T08:09Z by ubuntu: run=0 pend=0 df=13G
2026-09-26T07:30:56Z paused since 2026-09-18T08:09Z by ubuntu: run=0 pend=0 df=9G
2026-09-26T07:35:57Z paused since 2026-09-18T08:09Z by ubuntu: run=0 pend=0 df=6G
2026-09-26T07:40:58Z paused since 2026-09-18T08:09Z by ubuntu: run=0 pend=0 df=1G
2026-09-26T07:45:59Z paused since 2026-09-18T08:09Z by ubuntu: run=0 pend=0 df=1G
2026-09-26T07:51:00Z paused since 2026-09-18T08:09Z by ubuntu: run=0 pend=0 df=1G
2026-09-26T07:56:02Z paused since 2026-09-18T08:09Z by ubuntu: run=0 pend=0 df=100G
2026-09-26T08:01:03Z paused since 2026-09-18T08:09Z by ubuntu: run=0 pend=0 df=100G
2026-09-26T08:06:04Z paused since 2026-09-18T08:09Z by ubuntu: run=0 pend=0 df=100G
2026-09-26T08:11:05Z paused since 2026-09-18T08:09Z by ubuntu: run=0 pend=0 df=97G
2026-09-26T08:16:06Z paused since 2026-09-18T08:09Z by ubuntu: run=0 pend=0 df=97G
2026-09-26T08:21:07Z paused since 2026-09-18T08:09Z by ubuntu: run=0 pend=0 df=97G
2026-09-26T08:26:08Z paused since 2026-09-18T08:09Z by ubuntu: run=0 pend=0 df=97G
2026-09-26T08:31:09Z paused since 2026-09-18T08:09Z by ubuntu: run=0 pend=0 df=97G
2026-09-26T08:36:10Z paused since 2026-09-18T08:09Z by ubuntu: run=0 pend=0 df=97G
2026-09-26T08:41:11Z paused since 2026-09-18T08:09Z by ubuntu: run=0 pend=0 df=97G
2026-09-26T08:46:12Z paused since 2026-09-18T08:09Z by ubuntu: run=0 pend=0 df=97G
2026-09-26T08:51:13Z paused since 2026-09-18T08:09Z by ubuntu: run=0 pend=0 df=97G
2026-09-26T08:56:14Z paused since 2026-09-18T08:09Z by ubuntu: run=0 pend=0 df=97G
2026-09-26T09:01:15Z paused since 2026-09-18T08:09Z by ubuntu: run=0 pend=0 df=94G
2026-09-26T09:06:16Z paused since 2026-09-18T08:09Z by ubuntu: run=0 pend=0 df=94G
2026-09-26T09:11:17Z paused since 2026-09-18T08:09Z by ubuntu: run=0 pend=0 df=94G
2026-09-26T09:16:18Z paused since 2026-09-18T08:09Z by ubuntu: run=0 pend=0 df=94G
2026-09-26T09:21:19Z paused since 2026-09-18T08:09Z by ubuntu: run=0 pend=0 df=94G
2026-09-26T09:26:20Z paused since 2026-09-18T08:09Z by ubuntu: run=0 pend=0 df=94G
2026-09-26T09:31:21Z paused since 2026-09-18T08:09Z by ubuntu: run=0 pend=0 df=94G
2026-09-26T09:36:22Z paused since 2026-09-18T08:09Z by ubuntu: run=0 pend=0 df=92G
2026-09-26T09:41:23Z paused since 2026-09-18T08:09Z by ubuntu: run=0 pend=0 df=89G
2026-09-26T09:46:24Z paused since 2026-09-18T08:09Z by ubuntu: run=0 pend=0 df=89G
2026-09-26T09:51:25Z paused since 2026-09-18T08:09Z by ubuntu: run=0 pend=0 df=87G
2026-09-26T09:56:26Z paused since 2026-09-18T08:09Z by ubuntu: run=0 pend=0 df=85G
2026-09-26T10:01:27Z paused since 2026-09-18T08:09Z by ubuntu: run=0 pend=0 df=85G
2026-09-26T10:06:28Z paused since 2026-09-18T08:09Z by ubuntu: run=0 pend=0 df=85G
2026-09-26T10:11:30Z paused since 2026-09-18T08:09Z by ubuntu: run=0 pend=0 df=85G
2026-09-26T10:16:31Z paused since 2026-09-18T08:09Z by ubuntu: run=0 pend=0 df=82G
2026-09-26T10:21:32Z paused since 2026-09-18T08:09Z by ubuntu: run=0 pend=0 df=82G
2026-09-26T10:26:33Z paused since 2026-09-18T08:09Z by ubuntu: run=0 pend=0 df=82G
2026-09-26T10:31:34Z paused since 2026-09-18T08:09Z by ubuntu: run=0 pend=0 df=82G
2026-09-26T10:36:35Z paused since 2026-09-18T08:09Z by ubuntu: run=0 pend=0 df=82G
2026-09-26T10:41:36Z paused since 2026-09-18T08:09Z by ubuntu: run=0 pend=0 df=82G
2026-09-26T10:46:37Z paused since 2026-09-18T08:09Z by ubuntu: run=0 pend=0 df=82G
2026-09-26T10:51:39Z paused since 2026-09-18T08:09Z by ubuntu: run=0 pend=0 df=78G
2026-09-26T10:56:40Z paused since 2026-09-18T08:09Z by ubuntu: run=0 pend=0 df=75G
2026-09-26T11:01:41Z paused since 2026-09-18T08:09Z by ubuntu: run=0 pend=0 df=75G
2026-09-26T11:06:42Z paused since 2026-09-18T08:09Z by ubuntu: run=0 pend=0 df=75G
2026-09-26T11:11:44Z paused since 2026-09-18T08:09Z by ubuntu: run=0 pend=0 df=75G
2026-09-26T11:16:45Z paused since 2026-09-18T08:09Z by ubuntu: run=0 pend=0 df=72G
2026-09-26T11:21:46Z paused since 2026-09-18T08:09Z by ubuntu: run=0 pend=0 df=70G
2026-09-26T11:26:47Z paused since 2026-09-18T08:09Z by ubuntu: run=0 pend=0 df=69G
2026-09-26T11:31:48Z paused since 2026-09-18T08:09Z by ubuntu: run=0 pend=0 df=69G
2026-09-26T11:36:49Z paused since 2026-09-18T08:09Z by ubuntu: run=0 pend=0 df=69G
2026-09-26T11:41:50Z paused since 2026-09-18T08:09Z by ubuntu: run=0 pend=0 df=69G
2026-09-26T11:46:51Z paused since 2026-09-18T08:09Z by ubuntu: run=0 pend=0 df=69G
2026-09-26T11:51:52Z paused since 2026-09-18T08:09Z by ubuntu: run=0 pend=0 df=69G
2026-09-26T11:56:53Z paused since 2026-09-18T08:09Z by ubuntu: run=0 pend=0 df=69G
2026-09-26T12:01:54Z paused since 2026-09-18T08:09Z by ubuntu: run=0 pend=0 df=69G
2026-09-26T12:06:55Z paused since 2026-09-18T08:09Z by ubuntu: run=0 pend=0 df=69G
2026-09-26T12:11:56Z paused since 2026-09-18T08:09Z by ubuntu: run=0 pend=0 df=69G
2026-09-26T12:16:57Z paused since 2026-09-18T08:09Z by ubuntu: run=0 pend=0 df=67G
2026-09-26T12:21:58Z paused since 2026-09-18T08:09Z by ubuntu: run=0 pend=0 df=67G
2026-09-26T12:26:59Z paused since 2026-09-18T08:09Z by ubuntu: run=0 pend=0 df=67G
2026-09-26T12:32:00Z paused since 2026-09-18T08:09Z by ubuntu: run=0 pend=0 df=64G
2026-09-26T12:37:01Z paused since 2026-09-18T08:09Z by ubuntu: run=0 pend=0 df=61G
2026-09-26T12:42:02Z paused since 2026-09-18T08:09Z by ubuntu: run=0 pend=0 df=59G
2026-09-26T12:47:04Z paused since 2026-09-18T08:09Z by ubuntu: run=0 pend=0 df=59G
2026-09-26T12:52:05Z paused since 2026-09-18T08:09Z by ubuntu: run=0 pend=0 df=59G
2026-09-26T12:57:06Z paused since 2026-09-18T08:09Z by ubuntu: run=0 pend=0 df=59G
2026-09-26T13:02:07Z paused since 2026-09-18T08:09Z by ubuntu: run=0 pend=0 df=59G
2026-09-26T13:07:08Z paused since 2026-09-18T08:09Z by ubuntu: run=0 pend=0 df=59G
2026-09-26T13:12:09Z paused since 2026-09-18T08:09Z by ubuntu: run=0 pend=0 df=59G
2026-09-26T13:17:10Z paused since 2026-09-18T08:09Z by ubuntu: run=0 pend=0 df=59G
2026-09-26T13:22:11Z paused since 2026-09-18T08:09Z by ubuntu: run=0 pend=0 df=59G
2026-09-26T13:27:12Z paused since 2026-09-18T08:09Z by ubuntu: run=0 pend=0 df=59G
2026-09-26T13:32:13Z paused since 2026-09-18T08:09Z by ubuntu: run=0 pend=0 df=55G
2026-09-26T13:37:14Z paused since 2026-09-18T08:09Z by ubuntu: run=0 pend=0 df=55G
2026-09-26T13:42:15Z paused since 2026-09-18T08:09Z by ubuntu: run=0 pend=0 df=55G
2026-09-26T13:47:16Z paused since 2026-09-18T08:09Z by ubuntu: run=0 pend=0 df=55G
2026-09-26T13:52:17Z paused since 2026-09-18T08:09Z by ubuntu: run=0 pend=0 df=55G
2026-09-26T13:57:18Z paused since 2026-09-18T08:09Z by ubuntu: run=0 pend=0 df=55G
2026-09-26T14:02:19Z paused since 2026-09-18T08:09Z by ubuntu: run=0 pend=0 df=55G
2026-09-26T14:07:20Z paused since 2026-09-18T08:09Z by ubuntu: run=0 pend=0 df=55G
2026-09-26T14:12:21Z paused since 2026-09-18T08:09Z by ubuntu: run=0 pend=0 df=55G
2026-09-26T14:17:22Z paused since 2026-09-18T08:09Z by ubuntu: run=0 pend=0 df=55G
2026-09-26T14:22:23Z paused since 2026-09-18T08:09Z by ubuntu: run=0 pend=0 df=55G
2026-09-26T14:27:24Z paused since 2026-09-18T08:09Z by ubuntu: run=0 pend=0 df=55G
2026-09-26T14:32:25Z paused since 2026-09-18T08:09Z by ubuntu: run=0 pend=0 df=55G
2026-09-26T14:37:26Z paused since 2026-09-18T08:09Z by ubuntu: run=0 pend=0 df=55G
2026-09-26T14:42:27Z paused since 2026-09-18T08:09Z by ubuntu: run=0 pend=0 df=55G
2026-09-26T14:47:28Z paused since 2026-09-18T08:09Z by ubuntu: run=0 pend=0 df=54G
2026-09-26T14:52:29Z paused since 2026-09-18T08:09Z by ubuntu: run=0 pend=0 df=54G
2026-09-26T14:57:30Z paused since 2026-09-18T08:09Z by ubuntu: run=0 pend=0 df=54G
2026-09-26T15:02:32Z paused since 2026-09-18T08:09Z by ubuntu: run=0 pend=0 df=54G
2026-09-26T15:07:33Z paused since 2026-09-18T08:09Z by ubuntu: run=0 pend=0 df=52G
2026-09-26T15:12:34Z paused since 2026-09-18T08:09Z by ubuntu: run=0 pend=0 df=52G
2026-09-26T15:17:35Z paused since 2026-09-18T08:09Z by ubuntu: run=0 pend=0 df=52G
2026-09-26T15:22:36Z paused since 2026-09-18T08:09Z by ubuntu: run=0 pend=0 df=52G
2026-09-26T15:27:37Z paused since 2026-09-18T08:09Z by ubuntu: run=0 pend=0 df=51G
2026-09-26T15:32:38Z paused since 2026-09-18T08:09Z by ubuntu: run=0 pend=0 df=52G
2026-09-26T15:37:39Z paused since 2026-09-18T08:09Z by ubuntu: run=0 pend=0 df=52G
2026-09-26T15:42:40Z paused since 2026-09-18T08:09Z by ubuntu: run=0 pend=0 df=52G
2026-09-26T15:47:41Z paused since 2026-09-18T08:09Z by ubuntu: run=0 pend=0 df=52G
2026-09-26T15:52:42Z paused since 2026-09-18T08:09Z by ubuntu: run=0 pend=0 df=52G
2026-09-26T15:57:43Z paused since 2026-09-18T08:09Z by ubuntu: run=0 pend=0 df=50G
2026-09-26T16:02:44Z paused since 2026-09-18T08:09Z by ubuntu: run=0 pend=0 df=50G
2026-09-26T16:07:45Z paused since 2026-09-18T08:09Z by ubuntu: run=0 pend=0 df=50G
2026-09-26T16:12:46Z paused since 2026-09-18T08:09Z by ubuntu: run=0 pend=0 df=50G
2026-09-26T16:17:47Z paused since 2026-09-18T08:09Z by ubuntu: run=0 pend=0 df=50G
2026-09-26T16:22:48Z paused since 2026-09-18T08:09Z by ubuntu: run=0 pend=0 df=50G
2026-09-26T16:27:49Z paused since 2026-09-18T08:09Z by ubuntu: run=0 pend=0 df=50G
2026-09-26T16:32:51Z paused since 2026-09-18T08:09Z by ubuntu: run=0 pend=0 df=50G
2026-09-26T16:37:52Z paused since 2026-09-18T08:09Z by ubuntu: run=0 pend=0 df=50G
2026-09-26T16:42:53Z paused since 2026-09-18T08:09Z by ubuntu: run=0 pend=0 df=50G
2026-09-26T16:47:54Z paused since 2026-09-18T08:09Z by ubuntu: run=0 pend=0 df=50G
2026-09-26T16:52:55Z paused since 2026-09-18T08:09Z by ubuntu: run=0 pend=0 df=50G
2026-09-26T16:57:56Z paused since 2026-09-18T08:09Z by ubuntu: run=0 pend=0 df=50G
2026-09-26T17:02:57Z paused since 2026-09-18T08:09Z by ubuntu: run=0 pend=0 df=50G
2026-09-26T17:07:58Z paused since 2026-09-18T08:09Z by ubuntu: run=0 pend=0 df=50G
2026-09-26T17:12:59Z paused since 2026-09-18T08:09Z by ubuntu: run=0 pend=0 df=50G
2026-09-26T17:18:00Z paused since 2026-09-18T08:09Z by ubuntu: run=0 pend=0 df=50G
2026-09-26T17:23:01Z paused since 2026-09-18T08:09Z by ubuntu: run=0 pend=0 df=50G
2026-09-26T17:28:02Z paused since 2026-09-18T08:09Z by ubuntu: run=0 pend=0 df=50G
2026-09-26T17:33:03Z paused since 2026-09-18T08:09Z by ubuntu: run=0 pend=0 df=50G
2026-09-26T17:38:04Z paused since 2026-09-18T08:09Z by ubuntu: run=0 pend=0 df=49G
2026-09-26T17:43:05Z paused since 2026-09-18T08:09Z by ubuntu: run=0 pend=0 df=49G
2026-09-26T17:48:06Z paused since 2026-09-18T08:09Z by ubuntu: run=0 pend=0 df=48G
2026-09-26T17:53:07Z paused since 2026-09-18T08:09Z by ubuntu: run=0 pend=0 df=47G
2026-09-26T17:58:08Z paused since 2026-09-18T08:09Z by ubuntu: run=0 pend=0 df=47G
2026-09-26T18:03:09Z paused since 2026-09-18T08:09Z by ubuntu: run=0 pend=0 df=47G
2026-09-26T18:08:10Z paused since 2026-09-18T08:09Z by ubuntu: run=0 pend=0 df=47G
2026-09-26T18:13:11Z paused since 2026-09-18T08:09Z by ubuntu: run=0 pend=0 df=47G
2026-09-26T18:18:12Z paused since 2026-09-18T08:09Z by ubuntu: run=0 pend=0 df=47G
2026-09-26T18:23:13Z paused since 2026-09-18T08:09Z by ubuntu: run=0 pend=0 df=47G
2026-09-26T18:28:14Z paused since 2026-09-18T08:09Z by ubuntu: run=0 pend=0 df=47G
2026-09-26T18:33:16Z paused since 2026-09-18T08:09Z by ubuntu: run=0 pend=0 df=47G
2026-09-26T18:38:17Z paused since 2026-09-18T08:09Z by ubuntu: run=0 pend=0 df=47G
2026-09-26T18:43:18Z paused since 2026-09-18T08:09Z by ubuntu: run=0 pend=0 df=44G
2026-09-26T18:48:19Z paused since 2026-09-18T08:09Z by ubuntu: run=0 pend=0 df=44G
2026-09-26T18:53:20Z paused since 2026-09-18T08:09Z by ubuntu: run=0 pend=0 df=44G
2026-09-26T18:58:21Z paused since 2026-09-18T08:09Z by ubuntu: run=0 pend=0 df=44G
2026-09-26T19:03:22Z paused since 2026-09-18T08:09Z by ubuntu: run=0 pend=0 df=44G
2026-09-26T19:08:23Z paused since 2026-09-18T08:09Z by ubuntu: run=0 pend=0 df=44G
2026-09-26T19:13:24Z paused since 2026-09-18T08:09Z by ubuntu: run=0 pend=0 df=44G
2026-09-26T19:18:25Z paused since 2026-09-18T08:09Z by ubuntu: run=0 pend=0 df=44G
2026-09-26T19:23:26Z paused since 2026-09-18T08:09Z by ubuntu: run=0 pend=0 df=44G
2026-09-26T19:28:27Z paused since 2026-09-18T08:09Z by ubuntu: run=0 pend=0 df=44G
2026-09-26T19:33:28Z paused since 2026-09-18T08:09Z by ubuntu: run=0 pend=0 df=44G
2026-09-26T19:38:29Z paused since 2026-09-18T08:09Z by ubuntu: run=0 pend=0 df=44G
2026-09-26T19:43:30Z paused since 2026-09-18T08:09Z by ubuntu: run=0 pend=0 df=44G
2026-09-26T19:48:31Z paused since 2026-09-18T08:09Z by ubuntu: run=0 pend=0 df=44G
2026-09-26T19:53:32Z paused since 2026-09-18T08:09Z by ubuntu: run=0 pend=0 df=44G
2026-09-26T19:58:33Z paused since 2026-09-18T08:09Z by ubuntu: run=0 pend=0 df=44G
2026-09-26T20:03:34Z paused since 2026-09-18T08:09Z by ubuntu: run=0 pend=0 df=44G
2026-09-26T20:08:35Z paused since 2026-09-18T08:09Z by ubuntu: run=0 pend=0 df=44G
2026-09-26T20:13:36Z paused since 2026-09-18T08:09Z by ubuntu: run=0 pend=0 df=44G
2026-09-26T20:18:37Z paused since 2026-09-18T08:09Z by ubuntu: run=0 pend=0 df=44G
2026-09-26T20:23:38Z paused since 2026-09-18T08:09Z by ubuntu: run=0 pend=0 df=44G
2026-09-26T20:28:39Z paused since 2026-09-18T08:09Z by ubuntu: run=0 pend=0 df=44G
2026-09-26T20:33:40Z paused since 2026-09-18T08:09Z by ubuntu: run=0 pend=0 df=44G
2026-09-26T20:38:41Z paused since 2026-09-18T08:09Z by ubuntu: run=0 pend=0 df=43G
2026-09-26T20:43:42Z paused since 2026-09-18T08:09Z by ubuntu: run=0 pend=0 df=43G
2026-09-26T20:48:43Z paused since 2026-09-18T08:09Z by ubuntu: run=0 pend=0 df=43G
2026-09-26T20:53:44Z paused since 2026-09-18T08:09Z by ubuntu: run=0 pend=0 df=43G
2026-09-26T20:58:45Z paused since 2026-09-18T08:09Z by ubuntu: run=0 pend=0 df=43G
2026-09-26T21:03:46Z paused since 2026-09-18T08:09Z by ubuntu: run=0 pend=0 df=43G
2026-09-26T21:08:47Z paused since 2026-09-18T08:09Z by ubuntu: run=0 pend=0 df=43G
2026-09-26T21:13:48Z paused since 2026-09-18T08:09Z by ubuntu: run=0 pend=0 df=42G
2026-09-26T21:18:49Z paused since 2026-09-18T08:09Z by ubuntu: run=0 pend=0 df=42G
2026-09-26T21:23:51Z paused since 2026-09-18T08:09Z by ubuntu: run=0 pend=0 df=42G
2026-09-26T21:28:52Z paused since 2026-09-18T08:09Z by ubuntu: run=0 pend=0 df=42G
2026-09-26T21:33:53Z paused since 2026-09-18T08:09Z by ubuntu: run=0 pend=0 df=42G
2026-09-26T21:38:54Z paused since 2026-09-18T08:09Z by ubuntu: run=0 pend=0 df=42G
2026-09-26T21:43:55Z paused since 2026-09-18T08:09Z by ubuntu: run=0 pend=0 df=42G
2026-09-26T21:48:56Z paused since 2026-09-18T08:09Z by ubuntu: run=0 pend=0 df=42G
2026-09-26T21:53:57Z paused since 2026-09-18T08:09Z by ubuntu: run=0 pend=0 df=42G
2026-09-26T21:58:58Z paused since 2026-09-18T08:09Z by ubuntu: run=0 pend=0 df=42G
2026-09-26T22:03:59Z paused since 2026-09-18T08:09Z by ubuntu: run=0 pend=0 df=42G
2026-09-26T22:09:00Z paused since 2026-09-18T08:09Z by ubuntu: run=0 pend=0 df=42G
2026-09-26T22:14:01Z paused since 2026-09-18T08:09Z by ubuntu: run=0 pend=0 df=42G
2026-09-26T22:19:03Z paused since 2026-09-18T08:09Z by ubuntu: run=0 pend=0 df=42G
2026-09-26T22:24:04Z paused since 2026-09-18T08:09Z by ubuntu: run=0 pend=0 df=42G
2026-09-26T22:29:05Z paused since 2026-09-18T08:09Z by ubuntu: run=0 pend=0 df=42G
2026-09-26T22:34:06Z paused since 2026-09-18T08:09Z by ubuntu: run=0 pend=0 df=42G
2026-09-26T22:39:07Z paused since 2026-09-18T08:09Z by ubuntu: run=0 pend=0 df=42G
2026-09-26T22:44:08Z paused since 2026-09-18T08:09Z by ubuntu: run=0 pend=0 df=42G
2026-09-26T22:49:09Z paused since 2026-09-18T08:09Z by ubuntu: run=0 pend=0 df=42G
2026-09-26T22:54:10Z paused since 2026-09-18T08:09Z by ubuntu: run=0 pend=0 df=42G
2026-09-26T22:59:11Z paused since 2026-09-18T08:09Z by ubuntu: run=0 pend=0 df=42G
2026-09-26T23:04:12Z paused since 2026-09-18T08:09Z by ubuntu: run=0 pend=0 df=42G
2026-09-26T23:09:13Z paused since 2026-09-18T08:09Z by ubuntu: run=0 pend=0 df=42G
2026-09-26T23:14:14Z paused since 2026-09-18T08:09Z by ubuntu: run=0 pend=0 df=42G
2026-09-26T23:19:15Z paused since 2026-09-18T08:09Z by ubuntu: run=0 pend=0 df=42G
2026-09-26T23:24:16Z paused since 2026-09-18T08:09Z by ubuntu: run=0 pend=0 df=42G
2026-09-26T23:29:17Z paused since 2026-09-18T08:09Z by ubuntu: run=0 pend=0 df=42G
2026-09-26T23:34:18Z paused since 2026-09-18T08:09Z by ubuntu: run=0 pend=0 df=42G
2026-09-26T23:39:19Z paused since 2026-09-18T08:09Z by ubuntu: run=0 pend=0 df=42G
2026-09-26T23:44:20Z paused since 2026-09-18T08:09Z by ubuntu: run=0 pend=0 df=42G
2026-09-26T23:49:21Z paused since 2026-09-18T08:09Z by ubuntu: run=0 pend=0 df=42G
2026-09-26T23:54:22Z paused since 2026-09-18T08:09Z by ubuntu: run=0 pend=0 df=42G
2026-09-26T23:59:23Z paused since 2026-09-18T08:09Z by ubuntu: run=0 pend=0 df=42G
2026-09-27T00:04:24Z paused since 2026-09-18T08:09Z by ubuntu: run=0 pend=0 df=42G
2026-09-27T00:09:25Z paused since 2026-09-18T08:09Z by ubuntu: run=0 pend=0 df=42G
2026-09-27T00:14:26Z paused since 2026-09-18T08:09Z by ubuntu: run=0 pend=0 df=42G
2026-09-27T00:19:27Z paused since 2026-09-18T08:09Z by ubuntu: run=0 pend=0 df=42G
2026-09-27T00:24:28Z paused since 2026-09-18T08:09Z by ubuntu: run=0 pend=0 df=42G
2026-09-27T00:29:29Z paused since 2026-09-18T08:09Z by ubuntu: run=0 pend=0 df=42G
2026-09-27T00:34:30Z paused since 2026-09-18T08:09Z by ubuntu: run=0 pend=0 df=42G
2026-09-27T00:39:32Z paused since 2026-09-18T08:09Z by ubuntu: run=0 pend=0 df=42G
2026-09-27T00:44:33Z paused since 2026-09-18T08:09Z by ubuntu: run=0 pend=0 df=42G
2026-09-27T00:49:34Z paused since 2026-09-18T08:09Z by ubuntu: run=0 pend=0 df=42G
2026-09-27T00:54:35Z paused since 2026-09-18T08:09Z by ubuntu: run=0 pend=0 df=42G
2026-09-27T00:59:36Z paused since 2026-09-18T08:09Z by ubuntu: run=0 pend=0 df=42G
2026-09-27T01:04:37Z paused since 2026-09-18T08:09Z by ubuntu: run=0 pend=0 df=42G
2026-09-27T01:09:38Z paused since 2026-09-18T08:09Z by ubuntu: run=0 pend=0 df=42G
2026-09-27T01:14:39Z paused since 2026-09-18T08:09Z by ubuntu: run=0 pend=0 df=42G
2026-09-27T01:19:40Z paused since 2026-09-18T08:09Z by ubuntu: run=0 pend=0 df=42G
2026-09-27T01:24:41Z paused since 2026-09-18T08:09Z by ubuntu: run=0 pend=0 df=42G
2026-09-27T01:29:42Z paused since 2026-09-18T08:09Z by ubuntu: run=0 pend=0 df=42G
2026-09-27T01:34:43Z paused since 2026-09-18T08:09Z by ubuntu: run=0 pend=0 df=42G
2026-09-27T01:39:44Z paused since 2026-09-18T08:09Z by ubuntu: run=0 pend=0 df=42G
2026-09-27T01:44:45Z paused since 2026-09-18T08:09Z by ubuntu: run=0 pend=0 df=42G
2026-09-27T01:49:46Z paused since 2026-09-18T08:09Z by ubuntu: run=0 pend=0 df=42G
2026-09-27T01:54:47Z paused since 2026-09-18T08:09Z by ubuntu: run=0 pend=0 df=42G
2026-09-27T01:59:48Z paused since 2026-09-18T08:09Z by ubuntu: run=0 pend=0 df=42G
2026-09-27T02:04:49Z paused since 2026-09-18T08:09Z by ubuntu: run=0 pend=0 df=42G
2026-09-27T02:09:50Z paused since 2026-09-18T08:09Z by ubuntu: run=0 pend=0 df=42G
2026-09-27T02:14:51Z paused since 2026-09-18T08:09Z by ubuntu: run=0 pend=0 df=40G
2026-09-27T02:19:52Z paused since 2026-09-18T08:09Z by ubuntu: run=0 pend=0 df=40G
2026-09-27T02:24:53Z paused since 2026-09-18T08:09Z by ubuntu: run=0 pend=0 df=40G
2026-09-27T02:29:54Z paused since 2026-09-18T08:09Z by ubuntu: run=0 pend=0 df=40G
2026-09-27T02:34:55Z paused since 2026-09-18T08:09Z by ubuntu: run=0 pend=0 df=40G
2026-09-27T02:39:56Z paused since 2026-09-18T08:09Z by ubuntu: run=0 pend=0 df=40G
2026-09-27T02:44:57Z paused since 2026-09-18T08:09Z by ubuntu: run=0 pend=0 df=40G
2026-09-27T02:49:58Z paused since 2026-09-18T08:09Z by ubuntu: run=0 pend=0 df=40G
2026-09-27T02:54:59Z paused since 2026-09-18T08:09Z by ubuntu: run=0 pend=0 df=40G
2026-09-27T03:00:00Z paused since 2026-09-18T08:09Z by ubuntu: run=0 pend=0 df=40G
2026-09-27T03:05:01Z paused since 2026-09-18T08:09Z by ubuntu: run=0 pend=0 df=40G
2026-09-27T03:10:02Z paused since 2026-09-18T08:09Z by ubuntu: run=0 pend=0 df=40G
2026-09-27T03:15:03Z paused since 2026-09-18T08:09Z by ubuntu: run=0 pend=0 df=40G
2026-09-27T03:20:04Z paused since 2026-09-18T08:09Z by ubuntu: run=0 pend=0 df=40G
2026-09-27T03:25:05Z paused since 2026-09-18T08:09Z by ubuntu: run=0 pend=0 df=40G
2026-09-27T03:30:07Z paused since 2026-09-18T08:09Z by ubuntu: run=0 pend=0 df=40G
2026-09-27T03:35:08Z paused since 2026-09-18T08:09Z by ubuntu: run=0 pend=0 df=40G
2026-09-27T03:40:09Z paused since 2026-09-18T08:09Z by ubuntu: run=0 pend=0 df=40G
2026-09-27T03:45:10Z paused since 2026-09-18T08:09Z by ubuntu: run=0 pend=0 df=40G
2026-09-27T03:50:11Z paused since 2026-09-18T08:09Z by ubuntu: run=0 pend=0 df=40G
2026-09-27T03:55:13Z paused since 2026-09-18T08:09Z by ubuntu: run=0 pend=0 df=40G
2026-09-27T04:00:14Z paused since 2026-09-18T08:09Z by ubuntu: run=0 pend=0 df=40G
2026-09-27T04:05:15Z paused since 2026-09-18T08:09Z by ubuntu: run=0 pend=0 df=40G
2026-09-27T04:10:16Z paused since 2026-09-18T08:09Z by ubuntu: run=0 pend=0 df=40G
2026-09-27T04:15:17Z paused since 2026-09-18T08:09Z by ubuntu: run=0 pend=0 df=40G
2026-09-27T04:20:18Z paused since 2026-09-18T08:09Z by ubuntu: run=0 pend=0 df=40G
2026-09-27T04:25:19Z paused since 2026-09-18T08:09Z by ubuntu: run=0 pend=0 df=40G
2026-09-27T04:30:20Z paused since 2026-09-18T08:09Z by ubuntu: run=0 pend=0 df=40G
2026-09-27T04:35:21Z paused since 2026-09-18T08:09Z by ubuntu: run=0 pend=0 df=40G
2026-09-27T04:40:22Z paused since 2026-09-18T08:09Z by ubuntu: run=0 pend=0 df=40G
2026-09-27T04:45:24Z paused since 2026-09-18T08:09Z by ubuntu: run=0 pend=0 df=40G
2026-09-27T04:50:25Z paused since 2026-09-18T08:09Z by ubuntu: run=0 pend=0 df=40G
2026-09-27T04:55:26Z paused since 2026-09-18T08:09Z by ubuntu: run=0 pend=0 df=40G
2026-09-27T05:00:27Z paused since 2026-09-18T08:09Z by ubuntu: run=0 pend=0 df=40G
2026-09-27T05:05:28Z paused since 2026-09-18T08:09Z by ubuntu: run=0 pend=0 df=40G
2026-09-27T05:10:29Z paused since 2026-09-18T08:09Z by ubuntu: run=0 pend=0 df=40G
2026-09-27T05:15:30Z paused since 2026-09-18T08:09Z by ubuntu: run=0 pend=0 df=40G
2026-09-27T05:20:31Z paused since 2026-09-18T08:09Z by ubuntu: run=0 pend=0 df=40G
2026-09-27T05:25:32Z paused since 2026-09-18T08:09Z by ubuntu: run=0 pend=0 df=40G
2026-09-27T05:30:33Z paused since 2026-09-18T08:09Z by ubuntu: run=0 pend=0 df=40G
2026-09-27T05:35:34Z paused since 2026-09-18T08:09Z by ubuntu: run=0 pend=0 df=40G
2026-09-27T05:40:35Z paused since 2026-09-18T08:09Z by ubuntu: run=0 pend=0 df=40G
2026-09-27T05:45:36Z paused since 2026-09-18T08:09Z by ubuntu: run=0 pend=0 df=40G
2026-09-27T05:50:37Z paused since 2026-09-18T08:09Z by ubuntu: run=0 pend=0 df=40G
2026-09-27T05:55:38Z paused since 2026-09-18T08:09Z by ubuntu: run=0 pend=0 df=40G
2026-09-27T06:00:39Z paused since 2026-09-18T08:09Z by ubuntu: run=0 pend=0 df=40G
2026-09-27T06:05:40Z paused since 2026-09-18T08:09Z by ubuntu: run=0 pend=0 df=40G
2026-09-27T06:10:41Z paused since 2026-09-18T08:09Z by ubuntu: run=0 pend=0 df=40G
2026-09-27T06:15:42Z paused since 2026-09-18T08:09Z by ubuntu: run=0 pend=0 df=40G
2026-09-27T06:20:43Z paused since 2026-09-18T08:09Z by ubuntu: run=0 pend=0 df=40G
2026-09-27T06:25:44Z paused since 2026-09-18T08:09Z by ubuntu: run=0 pend=0 df=40G
2026-09-27T06:30:45Z paused since 2026-09-18T08:09Z by ubuntu: run=0 pend=0 df=40G
2026-09-27T06:35:46Z paused since 2026-09-18T08:09Z by ubuntu: run=0 pend=0 df=40G
2026-09-27T06:40:47Z paused since 2026-09-18T08:09Z by ubuntu: run=0 pend=0 df=40G
2026-09-27T06:45:48Z paused since 2026-09-18T08:09Z by ubuntu: run=0 pend=0 df=40G
2026-09-27T06:50:49Z paused since 2026-09-18T08:09Z by ubuntu: run=0 pend=0 df=40G
2026-09-27T06:55:50Z paused since 2026-09-18T08:09Z by ubuntu: run=0 pend=0 df=40G
2026-09-27T07:00:51Z paused since 2026-09-18T08:09Z by ubuntu: run=0 pend=0 df=40G
2026-09-27T07:05:52Z paused since 2026-09-18T08:09Z by ubuntu: run=0 pend=0 df=40G
2026-09-27T07:10:53Z paused since 2026-09-18T08:09Z by ubuntu: run=0 pend=0 df=40G
2026-09-27T07:15:54Z paused since 2026-09-18T08:09Z by ubuntu: run=0 pend=0 df=40G
2026-09-27T07:20:55Z paused since 2026-09-18T08:09Z by ubuntu: run=0 pend=0 df=40G
2026-09-27T07:25:56Z paused since 2026-09-18T08:09Z by ubuntu: run=0 pend=0 df=40G
2026-09-27T07:30:57Z paused since 2026-09-18T08:09Z by ubuntu: run=0 pend=0 df=40G
2026-09-27T07:35:58Z paused since 2026-09-18T08:09Z by ubuntu: run=0 pend=0 df=40G
2026-09-27T07:40:59Z paused since 2026-09-18T08:09Z by ubuntu: run=0 pend=0 df=40G
2026-09-27T07:46:00Z paused since 2026-09-18T08:09Z by ubuntu: run=0 pend=0 df=40G
2026-09-27T07:51:01Z paused since 2026-09-18T08:09Z by ubuntu: run=0 pend=0 df=39G
2026-09-27T07:56:02Z paused since 2026-09-18T08:09Z by ubuntu: run=0 pend=0 df=39G
2026-09-27T08:01:03Z paused since 2026-09-18T08:09Z by ubuntu: run=0 pend=0 df=39G
2026-09-27T08:06:05Z paused since 2026-09-18T08:09Z by ubuntu: run=0 pend=0 df=39G
2026-09-27T08:11:06Z paused since 2026-09-18T08:09Z by ubuntu: run=0 pend=0 df=39G
2026-09-27T08:16:07Z paused since 2026-09-18T08:09Z by ubuntu: run=0 pend=0 df=39G
2026-09-27T08:21:08Z paused since 2026-09-18T08:09Z by ubuntu: run=0 pend=0 df=39G
2026-09-27T08:26:09Z paused since 2026-09-18T08:09Z by ubuntu: run=0 pend=0 df=39G
2026-09-27T08:31:10Z paused since 2026-09-18T08:09Z by ubuntu: run=0 pend=0 df=39G
2026-09-27T08:36:10Z paused since 2026-09-18T08:09Z by ubuntu: run=0 pend=0 df=39G
2026-09-27T08:41:11Z paused since 2026-09-18T08:09Z by ubuntu: run=0 pend=0 df=39G
2026-09-27T08:46:12Z paused since 2026-09-18T08:09Z by ubuntu: run=0 pend=0 df=39G
2026-09-27T08:51:13Z paused since 2026-09-18T08:09Z by ubuntu: run=0 pend=0 df=39G
2026-09-27T08:56:14Z paused since 2026-09-18T08:09Z by ubuntu: run=0 pend=0 df=39G
2026-09-27T09:01:15Z paused since 2026-09-18T08:09Z by ubuntu: run=0 pend=0 df=39G
2026-09-27T09:06:16Z paused since 2026-09-18T08:09Z by ubuntu: run=0 pend=0 df=39G
2026-09-27T09:11:17Z paused since 2026-09-18T08:09Z by ubuntu: run=0 pend=0 df=39G
2026-09-27T09:16:18Z paused since 2026-09-18T08:09Z by ubuntu: run=0 pend=0 df=39G
2026-09-27T09:21:20Z paused since 2026-09-18T08:09Z by ubuntu: run=0 pend=0 df=39G
2026-09-27T09:26:22Z paused since 2026-09-18T08:09Z by ubuntu: run=0 pend=0 df=39G
2026-09-27T09:31:24Z paused since 2026-09-18T08:09Z by ubuntu: run=0 pend=0 df=39G
2026-09-27T09:36:25Z paused since 2026-09-18T08:09Z by ubuntu: run=0 pend=0 df=39G
2026-09-27T09:41:26Z paused since 2026-09-18T08:09Z by ubuntu: run=0 pend=0 df=39G
2026-09-27T09:46:27Z paused since 2026-09-18T08:09Z by ubuntu: run=0 pend=0 df=39G
2026-09-27T09:51:28Z paused since 2026-09-18T08:09Z by ubuntu: run=0 pend=0 df=39G
2026-09-27T09:56:29Z paused since 2026-09-18T08:09Z by ubuntu: run=0 pend=0 df=39G
2026-09-27T10:01:30Z paused since 2026-09-18T08:09Z by ubuntu: run=0 pend=0 df=38G
2026-09-27T10:06:31Z paused since 2026-09-18T08:09Z by ubuntu: run=0 pend=0 df=38G
2026-09-27T10:11:32Z paused since 2026-09-18T08:09Z by ubuntu: run=0 pend=0 df=38G
2026-09-27T10:16:33Z paused since 2026-09-18T08:09Z by ubuntu: run=0 pend=0 df=38G
2026-09-27T10:21:35Z paused since 2026-09-18T08:09Z by ubuntu: run=0 pend=0 df=38G
2026-09-27T10:26:36Z paused since 2026-09-18T08:09Z by ubuntu: run=0 pend=0 df=38G
2026-09-27T10:31:36Z paused since 2026-09-18T08:09Z by ubuntu: run=0 pend=0 df=38G
2026-09-27T10:36:37Z paused since 2026-09-18T08:09Z by ubuntu: run=0 pend=0 df=38G
2026-09-27T10:41:38Z paused since 2026-09-18T08:09Z by ubuntu: run=0 pend=0 df=38G
2026-09-27T10:46:39Z paused since 2026-09-18T08:09Z by ubuntu: run=0 pend=0 df=38G
2026-09-27T10:51:40Z paused since 2026-09-18T08:09Z by ubuntu: run=0 pend=0 df=36G
2026-09-27T10:56:41Z paused since 2026-09-18T08:09Z by ubuntu: run=0 pend=0 df=36G
2026-09-27T11:01:42Z paused since 2026-09-18T08:09Z by ubuntu: run=0 pend=0 df=36G
2026-09-27T11:06:43Z paused since 2026-09-18T08:09Z by ubuntu: run=0 pend=0 df=36G
2026-09-27T11:11:44Z paused since 2026-09-18T08:09Z by ubuntu: run=0 pend=0 df=34G
2026-09-27T11:16:45Z paused since 2026-09-18T08:09Z by ubuntu: run=0 pend=0 df=34G
2026-09-27T11:21:46Z paused since 2026-09-18T08:09Z by ubuntu: run=0 pend=0 df=32G
2026-09-27T11:26:47Z paused since 2026-09-18T08:09Z by ubuntu: run=0 pend=0 df=32G
2026-09-27T11:31:48Z paused since 2026-09-18T08:09Z by ubuntu: run=0 pend=0 df=32G
2026-09-27T11:36:49Z paused since 2026-09-18T08:09Z by ubuntu: run=0 pend=0 df=32G
2026-09-27T11:41:50Z paused since 2026-09-18T08:09Z by ubuntu: run=0 pend=0 df=32G
2026-09-27T11:46:51Z paused since 2026-09-18T08:09Z by ubuntu: run=0 pend=0 df=32G
2026-09-27T11:51:52Z paused since 2026-09-18T08:09Z by ubuntu: run=0 pend=0 df=32G
2026-09-27T11:56:53Z paused since 2026-09-18T08:09Z by ubuntu: run=0 pend=0 df=32G
2026-09-27T12:01:54Z paused since 2026-09-18T08:09Z by ubuntu: run=0 pend=0 df=32G
2026-09-27T12:06:55Z paused since 2026-09-18T08:09Z by ubuntu: run=0 pend=0 df=32G
2026-09-27T12:11:56Z paused since 2026-09-18T08:09Z by ubuntu: run=0 pend=0 df=32G
2026-09-27T12:16:57Z paused since 2026-09-18T08:09Z by ubuntu: run=0 pend=0 df=32G
2026-09-27T12:21:58Z paused since 2026-09-18T08:09Z by ubuntu: run=0 pend=0 df=32G
2026-09-27T12:26:59Z paused since 2026-09-18T08:09Z by ubuntu: run=0 pend=0 df=32G
2026-09-27T12:32:01Z paused since 2026-09-18T08:09Z by ubuntu: run=0 pend=0 df=32G
2026-09-27T12:37:02Z paused since 2026-09-18T08:09Z by ubuntu: run=0 pend=0 df=32G
2026-09-27T12:42:02Z paused since 2026-09-18T08:09Z by ubuntu: run=0 pend=0 df=32G
2026-09-27T12:47:03Z paused since 2026-09-18T08:09Z by ubuntu: run=0 pend=0 df=32G
2026-09-27T12:52:04Z paused since 2026-09-18T08:09Z by ubuntu: run=0 pend=0 df=32G
2026-09-27T12:57:05Z paused since 2026-09-18T08:09Z by ubuntu: run=0 pend=0 df=32G
2026-09-27T13:02:06Z paused since 2026-09-18T08:09Z by ubuntu: run=0 pend=0 df=32G
2026-09-27T13:07:07Z paused since 2026-09-18T08:09Z by ubuntu: run=0 pend=0 df=32G
2026-09-27T13:12:08Z paused since 2026-09-18T08:09Z by ubuntu: run=0 pend=0 df=32G
2026-09-27T13:17:09Z paused since 2026-09-18T08:09Z by ubuntu: run=0 pend=0 df=32G
2026-09-27T13:22:10Z paused since 2026-09-18T08:09Z by ubuntu: run=0 pend=0 df=32G
2026-09-27T13:27:11Z paused since 2026-09-18T08:09Z by ubuntu: run=0 pend=0 df=32G
2026-09-27T13:32:12Z paused since 2026-09-18T08:09Z by ubuntu: run=0 pend=0 df=32G
2026-09-27T13:37:13Z paused since 2026-09-18T08:09Z by ubuntu: run=0 pend=0 df=32G
2026-09-27T13:42:14Z paused since 2026-09-18T08:09Z by ubuntu: run=0 pend=0 df=32G
2026-09-27T13:47:15Z paused since 2026-09-18T08:09Z by ubuntu: run=0 pend=0 df=32G
2026-09-27T13:52:16Z paused since 2026-09-18T08:09Z by ubuntu: run=0 pend=0 df=30G
2026-09-27T13:57:17Z paused since 2026-09-18T08:09Z by ubuntu: run=0 pend=0 df=30G
2026-09-27T14:02:18Z paused since 2026-09-18T08:09Z by ubuntu: run=0 pend=0 df=30G
2026-09-27T14:07:19Z paused since 2026-09-18T08:09Z by ubuntu: run=0 pend=0 df=30G
2026-09-27T14:12:20Z paused since 2026-09-18T08:09Z by ubuntu: run=0 pend=0 df=30G
2026-09-27T14:17:21Z paused since 2026-09-18T08:09Z by ubuntu: run=0 pend=0 df=30G
2026-09-27T14:22:22Z paused since 2026-09-18T08:09Z by ubuntu: run=0 pend=0 df=30G
2026-09-27T14:27:23Z paused since 2026-09-18T08:09Z by ubuntu: run=0 pend=0 df=30G
2026-09-27T14:32:24Z paused since 2026-09-18T08:09Z by ubuntu: run=0 pend=0 df=30G
2026-09-27T14:37:25Z paused since 2026-09-18T08:09Z by ubuntu: run=0 pend=0 df=30G
2026-09-27T14:42:26Z paused since 2026-09-18T08:09Z by ubuntu: run=0 pend=0 df=30G
2026-09-27T14:47:27Z paused since 2026-09-18T08:09Z by ubuntu: run=0 pend=0 df=30G
2026-09-27T14:52:28Z paused since 2026-09-18T08:09Z by ubuntu: run=0 pend=0 df=30G
2026-09-27T14:57:29Z paused since 2026-09-18T08:09Z by ubuntu: run=0 pend=0 df=30G
2026-09-27T15:02:30Z paused since 2026-09-18T08:09Z by ubuntu: run=0 pend=0 df=30G
2026-09-27T15:07:31Z paused since 2026-09-18T08:09Z by ubuntu: run=0 pend=0 df=30G
2026-09-27T15:12:32Z paused since 2026-09-18T08:09Z by ubuntu: run=0 pend=0 df=30G
2026-09-27T15:17:33Z paused since 2026-09-18T08:09Z by ubuntu: run=0 pend=0 df=30G
2026-09-27T15:22:34Z paused since 2026-09-18T08:09Z by ubuntu: run=0 pend=0 df=30G
2026-09-27T15:27:35Z paused since 2026-09-18T08:09Z by ubuntu: run=0 pend=0 df=30G
2026-09-27T15:32:36Z paused since 2026-09-18T08:09Z by ubuntu: run=0 pend=0 df=30G
2026-09-27T15:37:37Z paused since 2026-09-18T08:09Z by ubuntu: run=0 pend=0 df=30G
2026-09-27T15:42:38Z paused since 2026-09-18T08:09Z by ubuntu: run=0 pend=0 df=30G
2026-09-27T15:47:39Z paused since 2026-09-18T08:09Z by ubuntu: run=0 pend=0 df=30G
2026-09-27T15:52:40Z paused since 2026-09-18T08:09Z by ubuntu: run=0 pend=0 df=30G
2026-09-27T15:57:41Z paused since 2026-09-18T08:09Z by ubuntu: run=0 pend=0 df=30G
2026-09-27T16:02:42Z paused since 2026-09-18T08:09Z by ubuntu: run=0 pend=0 df=30G
2026-09-27T16:07:43Z paused since 2026-09-18T08:09Z by ubuntu: run=0 pend=0 df=30G
2026-09-27T16:12:44Z paused since 2026-09-18T08:09Z by ubuntu: run=0 pend=0 df=30G
2026-09-27T16:17:45Z paused since 2026-09-18T08:09Z by ubuntu: run=0 pend=0 df=30G
2026-09-27T16:22:46Z paused since 2026-09-18T08:09Z by ubuntu: run=0 pend=0 df=30G
2026-09-27T16:27:47Z paused since 2026-09-18T08:09Z by ubuntu: run=0 pend=0 df=30G
2026-09-27T16:32:48Z paused since 2026-09-18T08:09Z by ubuntu: run=0 pend=0 df=30G
2026-09-27T16:37:49Z paused since 2026-09-18T08:09Z by ubuntu: run=0 pend=0 df=30G
2026-09-27T16:42:50Z paused since 2026-09-18T08:09Z by ubuntu: run=0 pend=0 df=30G
2026-09-27T16:47:51Z paused since 2026-09-18T08:09Z by ubuntu: run=0 pend=0 df=30G
2026-09-27T16:52:52Z paused since 2026-09-18T08:09Z by ubuntu: run=0 pend=0 df=30G
2026-09-27T16:57:53Z paused since 2026-09-18T08:09Z by ubuntu: run=0 pend=0 df=30G
2026-09-27T17:02:54Z paused since 2026-09-18T08:09Z by ubuntu: run=0 pend=0 df=30G
2026-09-27T17:07:55Z paused since 2026-09-18T08:09Z by ubuntu: run=0 pend=0 df=30G
2026-09-27T17:12:56Z paused since 2026-09-18T08:09Z by ubuntu: run=0 pend=0 df=30G
2026-09-27T17:17:57Z paused since 2026-09-18T08:09Z by ubuntu: run=0 pend=0 df=30G
2026-09-27T17:22:58Z paused since 2026-09-18T08:09Z by ubuntu: run=0 pend=0 df=30G
2026-09-27T17:27:59Z paused since 2026-09-18T08:09Z by ubuntu: run=0 pend=0 df=30G
2026-09-27T17:33:00Z paused since 2026-09-18T08:09Z by ubuntu: run=0 pend=0 df=30G
2026-09-27T17:38:01Z paused since 2026-09-18T08:09Z by ubuntu: run=0 pend=0 df=30G
2026-09-27T17:43:02Z paused since 2026-09-18T08:09Z by ubuntu: run=0 pend=0 df=30G
2026-09-27T17:48:03Z paused since 2026-09-18T08:09Z by ubuntu: run=0 pend=0 df=30G
2026-09-27T17:53:04Z paused since 2026-09-18T08:09Z by ubuntu: run=0 pend=0 df=30G
2026-09-27T17:58:05Z paused since 2026-09-18T08:09Z by ubuntu: run=0 pend=0 df=30G
2026-09-27T18:03:06Z paused since 2026-09-18T08:09Z by ubuntu: run=0 pend=0 df=30G
2026-09-27T18:08:07Z paused since 2026-09-18T08:09Z by ubuntu: run=0 pend=0 df=30G
2026-09-27T18:13:08Z paused since 2026-09-18T08:09Z by ubuntu: run=0 pend=0 df=30G
2026-09-27T18:18:09Z paused since 2026-09-18T08:09Z by ubuntu: run=0 pend=0 df=30G
2026-09-27T18:23:10Z paused since 2026-09-18T08:09Z by ubuntu: run=0 pend=0 df=30G
2026-09-27T18:28:11Z paused since 2026-09-18T08:09Z by ubuntu: run=0 pend=0 df=30G
2026-09-27T18:33:12Z paused since 2026-09-18T08:09Z by ubuntu: run=0 pend=0 df=28G
2026-09-27T18:38:13Z paused since 2026-09-18T08:09Z by ubuntu: run=0 pend=0 df=28G
2026-09-27T18:43:14Z paused since 2026-09-18T08:09Z by ubuntu: run=0 pend=0 df=28G
2026-09-27T18:48:15Z paused since 2026-09-18T08:09Z by ubuntu: run=0 pend=0 df=28G
2026-09-27T18:53:16Z paused since 2026-09-18T08:09Z by ubuntu: run=0 pend=0 df=28G
2026-09-27T18:58:17Z paused since 2026-09-18T08:09Z by ubuntu: run=0 pend=0 df=28G
2026-09-27T19:03:18Z paused since 2026-09-18T08:09Z by ubuntu: run=0 pend=0 df=28G
2026-09-27T19:08:19Z paused since 2026-09-18T08:09Z by ubuntu: run=0 pend=0 df=28G
2026-09-27T19:13:20Z paused since 2026-09-18T08:09Z by ubuntu: run=0 pend=0 df=28G
2026-09-27T19:18:21Z paused since 2026-09-18T08:09Z by ubuntu: run=0 pend=0 df=28G
2026-09-27T19:23:22Z paused since 2026-09-18T08:09Z by ubuntu: run=0 pend=0 df=28G
2026-09-27T19:28:23Z paused since 2026-09-18T08:09Z by ubuntu: run=0 pend=0 df=28G
2026-09-27T19:33:24Z paused since 2026-09-18T08:09Z by ubuntu: run=0 pend=0 df=28G
2026-09-27T19:38:25Z paused since 2026-09-18T08:09Z by ubuntu: run=0 pend=0 df=28G
2026-09-27T19:43:26Z paused since 2026-09-18T08:09Z by ubuntu: run=0 pend=0 df=28G
2026-09-27T19:48:27Z paused since 2026-09-18T08:09Z by ubuntu: run=0 pend=0 df=28G
2026-09-27T19:53:28Z paused since 2026-09-18T08:09Z by ubuntu: run=0 pend=0 df=28G
2026-09-27T19:58:29Z paused since 2026-09-18T08:09Z by ubuntu: run=0 pend=0 df=28G
2026-09-27T20:03:30Z paused since 2026-09-18T08:09Z by ubuntu: run=0 pend=0 df=28G
2026-09-27T20:08:31Z paused since 2026-09-18T08:09Z by ubuntu: run=0 pend=0 df=28G
2026-09-27T20:13:32Z paused since 2026-09-18T08:09Z by ubuntu: run=0 pend=0 df=28G
2026-09-27T20:18:33Z paused since 2026-09-18T08:09Z by ubuntu: run=0 pend=0 df=28G
2026-09-27T20:23:34Z paused since 2026-09-18T08:09Z by ubuntu: run=0 pend=0 df=28G
2026-09-27T20:28:35Z paused since 2026-09-18T08:09Z by ubuntu: run=0 pend=0 df=28G
2026-09-27T20:33:36Z paused since 2026-09-18T08:09Z by ubuntu: run=0 pend=0 df=28G
2026-09-27T20:38:37Z paused since 2026-09-18T08:09Z by ubuntu: run=0 pend=0 df=28G
2026-09-27T20:43:38Z paused since 2026-09-18T08:09Z by ubuntu: run=0 pend=0 df=28G
2026-09-27T20:48:39Z paused since 2026-09-18T08:09Z by ubuntu: run=0 pend=0 df=28G
2026-09-27T20:53:40Z paused since 2026-09-18T08:09Z by ubuntu: run=0 pend=0 df=28G
2026-09-27T20:58:42Z paused since 2026-09-18T08:09Z by ubuntu: run=0 pend=0 df=28G
2026-09-27T21:03:43Z paused since 2026-09-18T08:09Z by ubuntu: run=0 pend=0 df=28G
2026-09-27T21:08:44Z paused since 2026-09-18T08:09Z by ubuntu: run=0 pend=0 df=28G
2026-09-27T21:13:45Z paused since 2026-09-18T08:09Z by ubuntu: run=0 pend=0 df=28G
2026-09-27T21:18:46Z paused since 2026-09-18T08:09Z by ubuntu: run=0 pend=0 df=28G
2026-09-27T21:23:46Z paused since 2026-09-18T08:09Z by ubuntu: run=0 pend=0 df=28G
2026-09-27T21:28:47Z paused since 2026-09-18T08:09Z by ubuntu: run=0 pend=0 df=28G
2026-09-27T21:33:48Z paused since 2026-09-18T08:09Z by ubuntu: run=0 pend=0 df=28G
2026-09-27T21:38:49Z paused since 2026-09-18T08:09Z by ubuntu: run=0 pend=0 df=28G
2026-09-27T21:43:50Z paused since 2026-09-18T08:09Z by ubuntu: run=0 pend=0 df=28G
2026-09-27T21:48:51Z paused since 2026-09-18T08:09Z by ubuntu: run=0 pend=0 df=28G
2026-09-27T21:53:52Z paused since 2026-09-18T08:09Z by ubuntu: run=0 pend=0 df=28G
2026-09-27T21:58:53Z paused since 2026-09-18T08:09Z by ubuntu: run=0 pend=0 df=28G
2026-09-27T22:03:54Z paused since 2026-09-18T08:09Z by ubuntu: run=0 pend=0 df=28G
2026-09-27T22:08:55Z paused since 2026-09-18T08:09Z by ubuntu: run=0 pend=0 df=28G
2026-09-27T22:13:56Z paused since 2026-09-18T08:09Z by ubuntu: run=0 pend=0 df=28G
2026-09-27T22:18:57Z paused since 2026-09-18T08:09Z by ubuntu: run=0 pend=0 df=28G
2026-09-27T22:23:58Z paused since 2026-09-18T08:09Z by ubuntu: run=0 pend=0 df=28G
2026-09-27T22:28:59Z paused since 2026-09-18T08:09Z by ubuntu: run=0 pend=0 df=28G
2026-09-27T22:34:00Z paused since 2026-09-18T08:09Z by ubuntu: run=0 pend=0 df=28G
2026-09-27T22:39:02Z paused since 2026-09-18T08:09Z by ubuntu: run=0 pend=0 df=28G
2026-09-27T22:44:03Z paused since 2026-09-18T08:09Z by ubuntu: run=0 pend=0 df=28G
2026-09-27T22:49:04Z paused since 2026-09-18T08:09Z by ubuntu: run=0 pend=0 df=28G
2026-09-27T22:54:05Z paused since 2026-09-18T08:09Z by ubuntu: run=0 pend=0 df=28G
2026-09-27T22:59:06Z paused since 2026-09-18T08:09Z by ubuntu: run=0 pend=0 df=28G
2026-09-27T23:04:07Z paused since 2026-09-18T08:09Z by ubuntu: run=0 pend=0 df=28G
2026-09-27T23:09:08Z paused since 2026-09-18T08:09Z by ubuntu: run=0 pend=0 df=28G
2026-09-27T23:14:09Z paused since 2026-09-18T08:09Z by ubuntu: run=0 pend=0 df=28G
2026-09-27T23:19:10Z paused since 2026-09-18T08:09Z by ubuntu: run=0 pend=0 df=28G
2026-09-27T23:24:11Z paused since 2026-09-18T08:09Z by ubuntu: run=0 pend=0 df=28G
2026-09-27T23:29:12Z paused since 2026-09-18T08:09Z by ubuntu: run=0 pend=0 df=28G
2026-09-27T23:34:13Z paused since 2026-09-18T08:09Z by ubuntu: run=0 pend=0 df=28G
2026-09-27T23:39:14Z paused since 2026-09-18T08:09Z by ubuntu: run=0 pend=0 df=28G
2026-09-27T23:44:15Z paused since 2026-09-18T08:09Z by ubuntu: run=0 pend=0 df=28G
2026-09-27T23:49:16Z paused since 2026-09-18T08:09Z by ubuntu: run=0 pend=0 df=28G
2026-09-27T23:54:17Z paused since 2026-09-18T08:09Z by ubuntu: run=0 pend=0 df=28G
2026-09-27T23:59:18Z paused since 2026-09-18T08:09Z by ubuntu: run=0 pend=0 df=28G
2026-09-28T00:04:19Z paused since 2026-09-18T08:09Z by ubuntu: run=0 pend=0 df=28G
2026-09-28T00:09:20Z paused since 2026-09-18T08:09Z by ubuntu: run=0 pend=0 df=28G
2026-09-28T00:14:21Z paused since 2026-09-18T08:09Z by ubuntu: run=0 pend=0 df=28G
2026-09-28T00:19:22Z paused since 2026-09-18T08:09Z by ubuntu: run=0 pend=0 df=28G
2026-09-28T00:24:23Z paused since 2026-09-18T08:09Z by ubuntu: run=0 pend=0 df=28G
2026-09-28T00:29:24Z paused since 2026-09-18T08:09Z by ubuntu: run=0 pend=0 df=28G
2026-09-28T00:34:25Z paused since 2026-09-18T08:09Z by ubuntu: run=0 pend=0 df=28G
2026-09-28T00:39:26Z paused since 2026-09-18T08:09Z by ubuntu: run=0 pend=0 df=28G
2026-09-28T00:44:27Z paused since 2026-09-18T08:09Z by ubuntu: run=0 pend=0 df=28G
2026-09-28T00:49:28Z paused since 2026-09-18T08:09Z by ubuntu: run=0 pend=0 df=28G
2026-09-28T00:54:29Z paused since 2026-09-18T08:09Z by ubuntu: run=0 pend=0 df=28G
2026-09-28T00:59:30Z paused since 2026-09-18T08:09Z by ubuntu: run=0 pend=0 df=28G
2026-09-28T01:04:31Z paused since 2026-09-18T08:09Z by ubuntu: run=0 pend=0 df=28G
2026-09-28T01:09:32Z paused since 2026-09-18T08:09Z by ubuntu: run=0 pend=0 df=28G
2026-09-28T01:14:33Z paused since 2026-09-18T08:09Z by ubuntu: run=0 pend=0 df=28G
2026-09-28T01:19:33Z paused since 2026-09-18T08:09Z by ubuntu: run=0 pend=0 df=28G
2026-09-28T01:24:34Z paused since 2026-09-18T08:09Z by ubuntu: run=0 pend=0 df=28G
2026-09-28T01:29:36Z paused since 2026-09-18T08:09Z by ubuntu: run=0 pend=0 df=28G
2026-09-28T01:34:37Z paused since 2026-09-18T08:09Z by ubuntu: run=0 pend=0 df=28G
2026-09-28T01:39:38Z paused since 2026-09-18T08:09Z by ubuntu: run=0 pend=0 df=28G
2026-09-28T01:44:39Z paused since 2026-09-18T08:09Z by ubuntu: run=0 pend=0 df=28G
2026-09-28T01:49:40Z paused since 2026-09-18T08:09Z by ubuntu: run=0 pend=0 df=28G
2026-09-28T01:54:41Z paused since 2026-09-18T08:09Z by ubuntu: run=0 pend=0 df=28G
2026-09-28T01:59:42Z paused since 2026-09-18T08:09Z by ubuntu: run=0 pend=0 df=28G
2026-09-28T02:04:43Z paused since 2026-09-18T08:09Z by ubuntu: run=0 pend=0 df=28G
2026-09-28T02:09:44Z paused since 2026-09-18T08:09Z by ubuntu: run=0 pend=0 df=28G
2026-09-28T02:14:45Z paused since 2026-09-18T08:09Z by ubuntu: run=0 pend=0 df=28G
2026-09-28T02:19:46Z paused since 2026-09-18T08:09Z by ubuntu: run=0 pend=0 df=28G
2026-09-28T02:24:47Z paused since 2026-09-18T08:09Z by ubuntu: run=0 pend=0 df=28G
2026-09-28T02:29:48Z paused since 2026-09-18T08:09Z by ubuntu: run=0 pend=0 df=28G
2026-09-28T02:34:49Z paused since 2026-09-18T08:09Z by ubuntu: run=0 pend=0 df=28G
2026-09-28T02:39:50Z paused since 2026-09-18T08:09Z by ubuntu: run=0 pend=0 df=28G
2026-09-28T02:44:50Z paused since 2026-09-18T08:09Z by ubuntu: run=0 pend=0 df=28G
2026-09-28T02:49:51Z paused since 2026-09-18T08:09Z by ubuntu: run=0 pend=0 df=28G
2026-09-28T02:54:52Z paused since 2026-09-18T08:09Z by ubuntu: run=0 pend=0 df=28G
2026-09-28T02:59:53Z paused since 2026-09-18T08:09Z by ubuntu: run=0 pend=0 df=28G
2026-09-28T03:04:54Z paused since 2026-09-18T08:09Z by ubuntu: run=0 pend=0 df=28G
2026-09-28T03:09:55Z paused since 2026-09-18T08:09Z by ubuntu: run=0 pend=0 df=28G
2026-09-28T03:14:56Z paused since 2026-09-18T08:09Z by ubuntu: run=0 pend=0 df=28G
2026-09-28T03:19:58Z paused since 2026-09-18T08:09Z by ubuntu: run=0 pend=0 df=28G
2026-09-28T03:24:59Z paused since 2026-09-18T08:09Z by ubuntu: run=0 pend=0 df=28G
2026-09-28T03:30:00Z paused since 2026-09-18T08:09Z by ubuntu: run=0 pend=0 df=28G
2026-09-28T03:35:01Z paused since 2026-09-18T08:09Z by ubuntu: run=0 pend=0 df=28G
2026-09-28T03:40:02Z paused since 2026-09-18T08:09Z by ubuntu: run=0 pend=0 df=28G
2026-09-28T03:45:03Z paused since 2026-09-18T08:09Z by ubuntu: run=0 pend=0 df=28G
2026-09-28T03:50:04Z paused since 2026-09-18T08:09Z by ubuntu: run=0 pend=0 df=28G
2026-09-28T03:55:05Z paused since 2026-09-18T08:09Z by ubuntu: run=0 pend=0 df=28G
2026-09-28T04:00:06Z paused since 2026-09-18T08:09Z by ubuntu: run=0 pend=0 df=28G
2026-09-28T04:05:09Z paused since 2026-09-18T08:09Z by ubuntu: run=0 pend=0 df=28G
2026-09-28T04:10:11Z paused since 2026-09-18T08:09Z by ubuntu: run=0 pend=0 df=28G
2026-09-28T04:15:12Z paused since 2026-09-18T08:09Z by ubuntu: run=0 pend=0 df=28G
2026-09-28T04:20:14Z paused since 2026-09-18T08:09Z by ubuntu: run=0 pend=0 df=28G
2026-09-28T04:25:15Z paused since 2026-09-18T08:09Z by ubuntu: run=0 pend=0 df=28G
2026-09-28T04:30:16Z paused since 2026-09-18T08:09Z by ubuntu: run=0 pend=0 df=28G
2026-09-28T04:35:18Z paused since 2026-09-18T08:09Z by ubuntu: run=0 pend=0 df=28G
2026-09-28T04:40:19Z paused since 2026-09-18T08:09Z by ubuntu: run=0 pend=0 df=28G
2026-09-28T04:45:20Z paused since 2026-09-18T08:09Z by ubuntu: run=0 pend=0 df=28G
2026-09-28T04:50:21Z paused since 2026-09-18T08:09Z by ubuntu: run=0 pend=0 df=28G
2026-09-28T04:55:22Z paused since 2026-09-18T08:09Z by ubuntu: run=0 pend=0 df=28G
2026-09-28T05:00:23Z paused since 2026-09-18T08:09Z by ubuntu: run=0 pend=0 df=28G
2026-09-28T05:05:24Z paused since 2026-09-18T08:09Z by ubuntu: run=0 pend=0 df=28G
2026-09-28T05:10:25Z paused since 2026-09-18T08:09Z by ubuntu: run=0 pend=0 df=28G
2026-09-28T05:15:26Z paused since 2026-09-18T08:09Z by ubuntu: run=0 pend=0 df=28G
2026-09-28T05:20:27Z paused since 2026-09-18T08:09Z by ubuntu: run=0 pend=0 df=28G
2026-09-28T05:25:29Z paused since 2026-09-18T08:09Z by ubuntu: run=0 pend=0 df=28G
2026-09-28T05:30:30Z paused since 2026-09-18T08:09Z by ubuntu: run=0 pend=0 df=28G
2026-09-28T05:35:31Z paused since 2026-09-18T08:09Z by ubuntu: run=0 pend=0 df=28G
2026-09-28T05:40:32Z paused since 2026-09-18T08:09Z by ubuntu: run=0 pend=0 df=28G
2026-09-28T05:45:33Z paused since 2026-09-18T08:09Z by ubuntu: run=0 pend=0 df=28G
2026-09-28T05:50:34Z paused since 2026-09-18T08:09Z by ubuntu: run=0 pend=0 df=28G
2026-09-28T05:55:35Z paused since 2026-09-18T08:09Z by ubuntu: run=0 pend=0 df=28G
2026-09-28T06:00:36Z paused since 2026-09-18T08:09Z by ubuntu: run=0 pend=0 df=28G
2026-09-28T06:05:37Z paused since 2026-09-18T08:09Z by ubuntu: run=0 pend=0 df=28G
2026-09-28T06:10:38Z paused since 2026-09-18T08:09Z by ubuntu: run=0 pend=0 df=28G
2026-09-28T06:15:39Z paused since 2026-09-18T08:09Z by ubuntu: run=0 pend=0 df=28G
2026-09-28T06:20:40Z paused since 2026-09-18T08:09Z by ubuntu: run=0 pend=0 df=28G
2026-09-28T06:25:41Z paused since 2026-09-18T08:09Z by ubuntu: run=0 pend=0 df=28G
2026-09-28T06:30:42Z paused since 2026-09-18T08:09Z by ubuntu: run=0 pend=0 df=28G
2026-09-28T06:35:43Z paused since 2026-09-18T08:09Z by ubuntu: run=0 pend=0 df=28G
2026-09-28T06:40:44Z paused since 2026-09-18T08:09Z by ubuntu: run=0 pend=0 df=28G
2026-09-28T06:45:45Z paused since 2026-09-18T08:09Z by ubuntu: run=0 pend=0 df=28G
2026-09-28T06:50:47Z paused since 2026-09-18T08:09Z by ubuntu: run=0 pend=0 df=28G
2026-09-28T06:55:48Z paused since 2026-09-18T08:09Z by ubuntu: run=0 pend=0 df=28G
2026-09-28T07:00:49Z paused since 2026-09-18T08:09Z by ubuntu: run=0 pend=0 df=28G
2026-09-28T07:05:50Z paused since 2026-09-18T08:09Z by ubuntu: run=0 pend=0 df=28G
2026-09-28T07:10:51Z paused since 2026-09-18T08:09Z by ubuntu: run=0 pend=0 df=28G
2026-09-28T07:15:52Z paused since 2026-09-18T08:09Z by ubuntu: run=0 pend=0 df=28G
2026-09-28T07:20:53Z paused since 2026-09-18T08:09Z by ubuntu: run=0 pend=0 df=28G
2026-09-28T07:25:54Z paused since 2026-09-18T08:09Z by ubuntu: run=0 pend=0 df=28G
2026-09-28T07:30:55Z paused since 2026-09-18T08:09Z by ubuntu: run=0 pend=0 df=28G
2026-09-28T07:35:56Z paused since 2026-09-18T08:09Z by ubuntu: run=0 pend=0 df=28G
2026-09-28T07:40:57Z paused since 2026-09-18T08:09Z by ubuntu: run=0 pend=0 df=28G
2026-09-28T07:45:58Z paused since 2026-09-18T08:09Z by ubuntu: run=0 pend=0 df=28G
2026-09-28T07:50:59Z paused since 2026-09-18T08:09Z by ubuntu: run=0 pend=0 df=28G
2026-09-28T07:56:00Z paused since 2026-09-18T08:09Z by ubuntu: run=0 pend=0 df=28G
2026-09-28T08:01:01Z paused since 2026-09-18T08:09Z by ubuntu: run=0 pend=0 df=28G
2026-09-28T08:06:02Z paused since 2026-09-18T08:09Z by ubuntu: run=0 pend=0 df=28G
2026-09-28T08:11:03Z paused since 2026-09-18T08:09Z by ubuntu: run=0 pend=0 df=28G
2026-09-28T08:16:04Z paused since 2026-09-18T08:09Z by ubuntu: run=0 pend=0 df=28G
2026-09-28T08:21:05Z paused since 2026-09-18T08:09Z by ubuntu: run=0 pend=0 df=28G
2026-09-28T08:26:06Z paused since 2026-09-18T08:09Z by ubuntu: run=0 pend=0 df=28G
2026-09-28T08:31:07Z paused since 2026-09-18T08:09Z by ubuntu: run=0 pend=0 df=28G
2026-09-28T08:36:08Z paused since 2026-09-18T08:09Z by ubuntu: run=0 pend=0 df=28G
2026-09-28T08:41:09Z paused since 2026-09-18T08:09Z by ubuntu: run=0 pend=0 df=28G
2026-09-28T08:46:10Z paused since 2026-09-18T08:09Z by ubuntu: run=0 pend=0 df=28G
2026-09-28T08:51:11Z paused since 2026-09-18T08:09Z by ubuntu: run=0 pend=0 df=28G
2026-09-28T08:56:12Z paused since 2026-09-18T08:09Z by ubuntu: run=0 pend=0 df=28G
2026-09-28T09:01:13Z paused since 2026-09-18T08:09Z by ubuntu: run=0 pend=0 df=28G
2026-09-28T09:06:14Z paused since 2026-09-18T08:09Z by ubuntu: run=0 pend=0 df=28G
2026-09-28T09:11:15Z paused since 2026-09-18T08:09Z by ubuntu: run=0 pend=0 df=28G
2026-09-28T09:16:16Z paused since 2026-09-18T08:09Z by ubuntu: run=0 pend=0 df=28G
2026-09-28T09:21:17Z paused since 2026-09-18T08:09Z by ubuntu: run=0 pend=0 df=28G
2026-09-28T09:26:18Z paused since 2026-09-18T08:09Z by ubuntu: run=0 pend=0 df=28G
2026-09-28T09:31:19Z paused since 2026-09-18T08:09Z by ubuntu: run=0 pend=0 df=28G
2026-09-28T09:36:20Z paused since 2026-09-18T08:09Z by ubuntu: run=0 pend=0 df=28G
2026-09-28T09:41:21Z paused since 2026-09-18T08:09Z by ubuntu: run=0 pend=0 df=28G
2026-09-28T09:46:22Z paused since 2026-09-18T08:09Z by ubuntu: run=0 pend=0 df=28G
2026-09-28T09:51:23Z paused since 2026-09-18T08:09Z by ubuntu: run=0 pend=0 df=28G
2026-09-28T09:56:24Z paused since 2026-09-18T08:09Z by ubuntu: run=0 pend=0 df=28G
2026-09-28T10:01:25Z paused since 2026-09-18T08:09Z by ubuntu: run=0 pend=0 df=28G
2026-09-28T10:06:26Z paused since 2026-09-18T08:09Z by ubuntu: run=0 pend=0 df=28G
2026-09-28T10:11:27Z paused since 2026-09-18T08:09Z by ubuntu: run=0 pend=0 df=28G
2026-09-28T10:16:28Z paused since 2026-09-18T08:09Z by ubuntu: run=0 pend=0 df=28G
2026-09-28T10:21:29Z paused since 2026-09-18T08:09Z by ubuntu: run=0 pend=0 df=28G
2026-09-28T10:26:30Z paused since 2026-09-18T08:09Z by ubuntu: run=0 pend=0 df=28G
2026-09-28T10:31:31Z paused since 2026-09-18T08:09Z by ubuntu: run=0 pend=0 df=28G
2026-09-28T10:36:32Z paused since 2026-09-18T08:09Z by ubuntu: run=0 pend=0 df=28G
2026-09-28T10:41:33Z paused since 2026-09-18T08:09Z by ubuntu: run=0 pend=0 df=28G
2026-09-28T10:46:34Z paused since 2026-09-18T08:09Z by ubuntu: run=0 pend=0 df=28G
2026-09-28T10:51:36Z paused since 2026-09-18T08:09Z by ubuntu: run=0 pend=0 df=28G
2026-09-28T10:56:37Z paused since 2026-09-18T08:09Z by ubuntu: run=0 pend=0 df=28G
2026-09-28T11:01:38Z paused since 2026-09-18T08:09Z by ubuntu: run=0 pend=0 df=28G
2026-09-28T11:06:39Z paused since 2026-09-18T08:09Z by ubuntu: run=0 pend=0 df=28G
2026-09-28T11:11:40Z paused since 2026-09-18T08:09Z by ubuntu: run=0 pend=0 df=28G
2026-09-28T11:16:41Z paused since 2026-09-18T08:09Z by ubuntu: run=0 pend=0 df=28G
2026-09-28T11:21:42Z paused since 2026-09-18T08:09Z by ubuntu: run=0 pend=0 df=28G
2026-09-28T11:26:43Z paused since 2026-09-18T08:09Z by ubuntu: run=0 pend=0 df=28G
2026-09-28T11:31:44Z paused since 2026-09-18T08:09Z by ubuntu: run=0 pend=0 df=28G
2026-09-28T11:36:45Z paused since 2026-09-18T08:09Z by ubuntu: run=0 pend=0 df=28G
2026-09-28T11:41:46Z paused since 2026-09-18T08:09Z by ubuntu: run=0 pend=0 df=28G
2026-09-28T11:46:47Z paused since 2026-09-18T08:09Z by ubuntu: run=0 pend=0 df=28G
2026-09-28T11:51:48Z paused since 2026-09-18T08:09Z by ubuntu: run=0 pend=0 df=28G
2026-09-28T11:56:49Z paused since 2026-09-18T08:09Z by ubuntu: run=0 pend=0 df=28G
2026-09-28T12:01:50Z paused since 2026-09-18T08:09Z by ubuntu: run=0 pend=0 df=28G
2026-09-28T12:06:51Z paused since 2026-09-18T08:09Z by ubuntu: run=0 pend=0 df=28G
2026-09-28T12:11:52Z paused since 2026-09-18T08:09Z by ubuntu: run=0 pend=0 df=28G
2026-09-28T12:16:53Z paused since 2026-09-18T08:09Z by ubuntu: run=0 pend=0 df=28G
2026-09-28T12:21:55Z paused since 2026-09-18T08:09Z by ubuntu: run=0 pend=0 df=28G
2026-09-28T12:26:56Z paused since 2026-09-18T08:09Z by ubuntu: run=0 pend=0 df=28G
2026-09-28T12:31:57Z paused since 2026-09-18T08:09Z by ubuntu: run=0 pend=0 df=28G
2026-09-28T12:36:58Z paused since 2026-09-18T08:09Z by ubuntu: run=0 pend=0 df=28G
2026-09-28T12:41:59Z paused since 2026-09-18T08:09Z by ubuntu: run=0 pend=0 df=28G
2026-09-28T12:47:00Z paused since 2026-09-18T08:09Z by ubuntu: run=0 pend=0 df=28G
2026-09-28T12:52:01Z paused since 2026-09-18T08:09Z by ubuntu: run=0 pend=0 df=28G
2026-09-28T12:57:02Z paused since 2026-09-18T08:09Z by ubuntu: run=0 pend=0 df=28G
2026-09-28T13:02:03Z paused since 2026-09-18T08:09Z by ubuntu: run=0 pend=0 df=28G
2026-09-28T13:07:04Z paused since 2026-09-18T08:09Z by ubuntu: run=0 pend=0 df=28G
2026-09-28T13:12:05Z paused since 2026-09-18T08:09Z by ubuntu: run=0 pend=0 df=28G
2026-09-28T13:17:06Z paused since 2026-09-18T08:09Z by ubuntu: run=0 pend=0 df=28G
2026-09-28T13:22:07Z paused since 2026-09-18T08:09Z by ubuntu: run=0 pend=0 df=28G
2026-09-28T13:27:08Z paused since 2026-09-18T08:09Z by ubuntu: run=0 pend=0 df=28G
2026-09-28T13:32:09Z paused since 2026-09-18T08:09Z by ubuntu: run=0 pend=0 df=28G
2026-09-28T13:37:10Z paused since 2026-09-18T08:09Z by ubuntu: run=0 pend=0 df=28G
2026-09-28T13:42:11Z paused since 2026-09-18T08:09Z by ubuntu: run=0 pend=0 df=28G
2026-09-28T13:47:12Z paused since 2026-09-18T08:09Z by ubuntu: run=0 pend=0 df=28G
2026-09-28T13:52:13Z paused since 2026-09-18T08:09Z by ubuntu: run=0 pend=0 df=28G
2026-09-28T13:57:14Z paused since 2026-09-18T08:09Z by ubuntu: run=0 pend=0 df=28G
2026-09-28T14:02:15Z paused since 2026-09-18T08:09Z by ubuntu: run=0 pend=0 df=28G
2026-09-28T14:07:16Z paused since 2026-09-18T08:09Z by ubuntu: run=0 pend=0 df=28G
2026-09-28T14:12:17Z paused since 2026-09-18T08:09Z by ubuntu: run=0 pend=0 df=28G
2026-09-28T14:17:18Z paused since 2026-09-18T08:09Z by ubuntu: run=0 pend=0 df=28G
2026-09-28T14:22:20Z paused since 2026-09-18T08:09Z by ubuntu: run=0 pend=0 df=28G
2026-09-28T14:27:21Z paused since 2026-09-18T08:09Z by ubuntu: run=0 pend=0 df=28G
2026-09-28T14:32:22Z paused since 2026-09-18T08:09Z by ubuntu: run=0 pend=0 df=28G
2026-09-28T14:37:23Z paused since 2026-09-18T08:09Z by ubuntu: run=0 pend=0 df=28G
2026-09-28T14:42:24Z paused since 2026-09-18T08:09Z by ubuntu: run=0 pend=0 df=28G
2026-09-28T14:47:25Z paused since 2026-09-18T08:09Z by ubuntu: run=0 pend=0 df=28G
2026-09-28T14:52:26Z paused since 2026-09-18T08:09Z by ubuntu: run=0 pend=0 df=28G
2026-09-28T14:57:27Z paused since 2026-09-18T08:09Z by ubuntu: run=0 pend=0 df=28G
2026-09-28T15:02:28Z paused since 2026-09-18T08:09Z by ubuntu: run=0 pend=0 df=28G
2026-09-28T15:07:29Z paused since 2026-09-18T08:09Z by ubuntu: run=0 pend=0 df=28G
2026-09-28T15:12:30Z paused since 2026-09-18T08:09Z by ubuntu: run=0 pend=0 df=28G
2026-09-28T15:17:31Z paused since 2026-09-18T08:09Z by ubuntu: run=0 pend=0 df=28G
2026-09-28T15:22:32Z paused since 2026-09-18T08:09Z by ubuntu: run=0 pend=0 df=28G
2026-09-28T15:27:33Z paused since 2026-09-18T08:09Z by ubuntu: run=0 pend=0 df=28G
2026-09-28T15:32:35Z paused since 2026-09-18T08:09Z by ubuntu: run=0 pend=0 df=28G
2026-09-28T15:37:36Z paused since 2026-09-18T08:09Z by ubuntu: run=0 pend=0 df=28G
2026-09-28T15:42:37Z paused since 2026-09-18T08:09Z by ubuntu: run=0 pend=0 df=28G
2026-09-28T15:47:38Z paused since 2026-09-18T08:09Z by ubuntu: run=0 pend=0 df=28G
2026-09-28T15:52:39Z paused since 2026-09-18T08:09Z by ubuntu: run=0 pend=0 df=27G
2026-09-28T15:57:40Z paused since 2026-09-18T08:09Z by ubuntu: run=0 pend=0 df=27G
2026-09-28T16:02:41Z paused since 2026-09-18T08:09Z by ubuntu: run=0 pend=0 df=27G
2026-09-28T16:07:42Z paused since 2026-09-18T08:09Z by ubuntu: run=0 pend=0 df=27G
2026-09-28T16:12:43Z paused since 2026-09-18T08:09Z by ubuntu: run=0 pend=0 df=27G
2026-09-28T16:17:45Z paused since 2026-09-18T08:09Z by ubuntu: run=0 pend=0 df=27G
2026-09-28T16:22:46Z paused since 2026-09-18T08:09Z by ubuntu: run=0 pend=0 df=27G
2026-09-28T16:27:47Z paused since 2026-09-18T08:09Z by ubuntu: run=0 pend=0 df=27G
2026-09-28T16:32:48Z paused since 2026-09-18T08:09Z by ubuntu: run=0 pend=0 df=27G
2026-09-28T16:37:49Z paused since 2026-09-18T08:09Z by ubuntu: run=0 pend=0 df=27G
2026-09-28T16:42:50Z paused since 2026-09-18T08:09Z by ubuntu: run=0 pend=0 df=27G
2026-09-28T16:47:51Z paused since 2026-09-18T08:09Z by ubuntu: run=0 pend=0 df=27G
2026-09-28T16:52:52Z paused since 2026-09-18T08:09Z by ubuntu: run=0 pend=0 df=27G
2026-09-28T16:57:53Z paused since 2026-09-18T08:09Z by ubuntu: run=0 pend=0 df=27G
2026-09-28T17:02:54Z paused since 2026-09-18T08:09Z by ubuntu: run=0 pend=0 df=27G
2026-09-28T17:07:55Z paused since 2026-09-18T08:09Z by ubuntu: run=0 pend=0 df=27G
2026-09-28T17:12:56Z paused since 2026-09-18T08:09Z by ubuntu: run=0 pend=0 df=27G
2026-09-28T17:17:57Z paused since 2026-09-18T08:09Z by ubuntu: run=0 pend=0 df=27G
2026-09-28T17:22:58Z paused since 2026-09-18T08:09Z by ubuntu: run=0 pend=0 df=27G
2026-09-28T17:27:59Z paused since 2026-09-18T08:09Z by ubuntu: run=0 pend=0 df=27G
2026-09-28T17:33:00Z paused since 2026-09-18T08:09Z by ubuntu: run=0 pend=0 df=27G
2026-09-28T17:38:01Z paused since 2026-09-18T08:09Z by ubuntu: run=0 pend=0 df=27G
2026-09-28T17:43:02Z paused since 2026-09-18T08:09Z by ubuntu: run=0 pend=0 df=27G
2026-09-28T17:48:03Z paused since 2026-09-18T08:09Z by ubuntu: run=0 pend=0 df=27G
2026-09-28T17:53:04Z paused since 2026-09-18T08:09Z by ubuntu: run=0 pend=0 df=27G
2026-09-28T17:58:05Z paused since 2026-09-18T08:09Z by ubuntu: run=0 pend=0 df=27G
2026-09-28T18:03:07Z paused since 2026-09-18T08:09Z by ubuntu: run=0 pend=0 df=27G
2026-09-28T18:08:08Z paused since 2026-09-18T08:09Z by ubuntu: run=0 pend=0 df=27G
2026-09-28T18:13:09Z paused since 2026-09-18T08:09Z by ubuntu: run=0 pend=0 df=27G
2026-09-28T18:18:10Z paused since 2026-09-18T08:09Z by ubuntu: run=0 pend=0 df=27G
2026-09-28T18:23:11Z paused since 2026-09-18T08:09Z by ubuntu: run=0 pend=0 df=27G
2026-09-28T18:28:12Z paused since 2026-09-18T08:09Z by ubuntu: run=0 pend=0 df=27G
2026-09-28T18:33:13Z paused since 2026-09-18T08:09Z by ubuntu: run=0 pend=0 df=27G
2026-09-28T18:38:14Z paused since 2026-09-18T08:09Z by ubuntu: run=0 pend=0 df=27G
2026-09-28T18:43:15Z paused since 2026-09-18T08:09Z by ubuntu: run=0 pend=0 df=27G
2026-09-28T18:48:16Z paused since 2026-09-18T08:09Z by ubuntu: run=0 pend=0 df=27G
2026-09-28T18:53:17Z paused since 2026-09-18T08:09Z by ubuntu: run=0 pend=0 df=27G
2026-09-28T18:58:18Z paused since 2026-09-18T08:09Z by ubuntu: run=0 pend=0 df=27G
2026-09-28T19:03:19Z paused since 2026-09-18T08:09Z by ubuntu: run=0 pend=0 df=27G
2026-09-28T19:08:20Z paused since 2026-09-18T08:09Z by ubuntu: run=0 pend=0 df=27G
2026-09-28T19:13:21Z paused since 2026-09-18T08:09Z by ubuntu: run=0 pend=0 df=27G
2026-09-28T19:18:22Z paused since 2026-09-18T08:09Z by ubuntu: run=0 pend=0 df=27G
2026-09-28T19:23:24Z paused since 2026-09-18T08:09Z by ubuntu: run=0 pend=0 df=27G
2026-09-28T19:28:25Z paused since 2026-09-18T08:09Z by ubuntu: run=0 pend=0 df=26G
2026-09-28T19:33:26Z paused since 2026-09-18T08:09Z by ubuntu: run=0 pend=0 df=26G
2026-09-28T19:38:27Z paused since 2026-09-18T08:09Z by ubuntu: run=0 pend=0 df=26G
2026-09-28T19:43:28Z paused since 2026-09-18T08:09Z by ubuntu: run=0 pend=0 df=26G
2026-09-28T19:48:29Z paused since 2026-09-18T08:09Z by ubuntu: run=0 pend=0 df=26G
2026-09-28T19:53:31Z paused since 2026-09-18T08:09Z by ubuntu: run=0 pend=0 df=26G
2026-09-28T19:58:32Z paused since 2026-09-18T08:09Z by ubuntu: run=0 pend=0 df=26G
2026-09-28T20:03:33Z paused since 2026-09-18T08:09Z by ubuntu: run=0 pend=0 df=26G
2026-09-28T20:08:34Z paused since 2026-09-18T08:09Z by ubuntu: run=0 pend=0 df=26G
2026-09-28T20:13:35Z paused since 2026-09-18T08:09Z by ubuntu: run=0 pend=0 df=26G
2026-09-28T20:18:36Z paused since 2026-09-18T08:09Z by ubuntu: run=0 pend=0 df=26G
2026-09-28T20:23:37Z paused since 2026-09-18T08:09Z by ubuntu: run=0 pend=0 df=26G
2026-09-28T20:28:38Z paused since 2026-09-18T08:09Z by ubuntu: run=0 pend=0 df=26G
2026-09-28T20:33:39Z paused since 2026-09-18T08:09Z by ubuntu: run=0 pend=0 df=26G
2026-09-28T20:38:40Z paused since 2026-09-18T08:09Z by ubuntu: run=0 pend=0 df=26G
2026-09-28T20:43:41Z paused since 2026-09-18T08:09Z by ubuntu: run=0 pend=0 df=26G
2026-09-28T20:48:42Z paused since 2026-09-18T08:09Z by ubuntu: run=0 pend=0 df=26G
2026-09-28T20:53:43Z paused since 2026-09-18T08:09Z by ubuntu: run=0 pend=0 df=26G
2026-09-28T20:58:44Z paused since 2026-09-18T08:09Z by ubuntu: run=0 pend=0 df=26G
2026-09-28T21:03:45Z paused since 2026-09-18T08:09Z by ubuntu: run=0 pend=0 df=26G
2026-09-28T21:08:47Z paused since 2026-09-18T08:09Z by ubuntu: run=0 pend=0 df=26G
2026-09-28T21:13:48Z paused since 2026-09-18T08:09Z by ubuntu: run=0 pend=0 df=26G
2026-09-28T21:18:49Z paused since 2026-09-18T08:09Z by ubuntu: run=0 pend=0 df=26G
2026-09-28T21:23:50Z paused since 2026-09-18T08:09Z by ubuntu: run=0 pend=0 df=26G
2026-09-28T21:28:51Z paused since 2026-09-18T08:09Z by ubuntu: run=0 pend=0 df=26G
2026-09-28T21:33:52Z paused since 2026-09-18T08:09Z by ubuntu: run=0 pend=0 df=26G
2026-09-28T21:38:53Z paused since 2026-09-18T08:09Z by ubuntu: run=0 pend=0 df=26G
2026-09-28T21:43:54Z paused since 2026-09-18T08:09Z by ubuntu: run=0 pend=0 df=26G
2026-09-28T21:48:55Z paused since 2026-09-18T08:09Z by ubuntu: run=0 pend=0 df=26G
2026-09-28T21:53:56Z paused since 2026-09-18T08:09Z by ubuntu: run=0 pend=0 df=26G
2026-09-28T21:58:57Z paused since 2026-09-18T08:09Z by ubuntu: run=0 pend=0 df=26G
2026-09-28T22:03:58Z paused since 2026-09-18T08:09Z by ubuntu: run=0 pend=0 df=26G
2026-09-28T22:08:59Z paused since 2026-09-18T08:09Z by ubuntu: run=0 pend=0 df=26G
2026-09-28T22:14:00Z paused since 2026-09-18T08:09Z by ubuntu: run=0 pend=0 df=26G
2026-09-28T22:19:01Z paused since 2026-09-18T08:09Z by ubuntu: run=0 pend=0 df=26G
2026-09-28T22:24:02Z paused since 2026-09-18T08:09Z by ubuntu: run=0 pend=0 df=26G
2026-09-28T22:29:03Z paused since 2026-09-18T08:09Z by ubuntu: run=0 pend=0 df=26G
2026-09-28T22:34:04Z paused since 2026-09-18T08:09Z by ubuntu: run=0 pend=0 df=26G
2026-09-28T22:39:06Z paused since 2026-09-18T08:09Z by ubuntu: run=0 pend=0 df=26G
2026-09-28T22:44:07Z paused since 2026-09-18T08:09Z by ubuntu: run=0 pend=0 df=26G
2026-09-28T22:49:08Z paused since 2026-09-18T08:09Z by ubuntu: run=0 pend=0 df=26G
2026-09-28T22:54:09Z paused since 2026-09-18T08:09Z by ubuntu: run=0 pend=0 df=26G
2026-09-28T22:59:10Z paused since 2026-09-18T08:09Z by ubuntu: run=0 pend=0 df=26G
2026-09-28T23:04:11Z paused since 2026-09-18T08:09Z by ubuntu: run=0 pend=0 df=26G
2026-09-28T23:09:12Z paused since 2026-09-18T08:09Z by ubuntu: run=0 pend=0 df=26G
2026-09-28T23:14:13Z paused since 2026-09-18T08:09Z by ubuntu: run=0 pend=0 df=26G
2026-09-28T23:19:14Z paused since 2026-09-18T08:09Z by ubuntu: run=0 pend=0 df=26G
2026-09-28T23:24:15Z paused since 2026-09-18T08:09Z by ubuntu: run=0 pend=0 df=26G
2026-09-28T23:29:16Z paused since 2026-09-18T08:09Z by ubuntu: run=0 pend=0 df=26G
2026-09-28T23:34:17Z paused since 2026-09-18T08:09Z by ubuntu: run=0 pend=0 df=26G
2026-09-28T23:39:18Z paused since 2026-09-18T08:09Z by ubuntu: run=0 pend=0 df=26G
2026-09-28T23:44:19Z paused since 2026-09-18T08:09Z by ubuntu: run=0 pend=0 df=25G
2026-09-28T23:49:20Z paused since 2026-09-18T08:09Z by ubuntu: run=0 pend=0 df=25G
2026-09-28T23:54:21Z paused since 2026-09-18T08:09Z by ubuntu: run=0 pend=0 df=25G
2026-09-28T23:59:22Z paused since 2026-09-18T08:09Z by ubuntu: run=0 pend=0 df=25G
2026-09-29T00:04:23Z paused since 2026-09-18T08:09Z by ubuntu: run=0 pend=0 df=24G
2026-09-29T00:09:24Z paused since 2026-09-18T08:09Z by ubuntu: run=0 pend=0 df=24G
2026-09-29T00:14:25Z paused since 2026-09-18T08:09Z by ubuntu: run=0 pend=0 df=24G
2026-09-29T00:19:26Z paused since 2026-09-18T08:09Z by ubuntu: run=0 pend=0 df=24G
2026-09-29T00:24:28Z paused since 2026-09-18T08:09Z by ubuntu: run=0 pend=0 df=24G
2026-09-29T00:29:29Z paused since 2026-09-18T08:09Z by ubuntu: run=0 pend=0 df=23G
2026-09-29T00:34:30Z paused since 2026-09-18T08:09Z by ubuntu: run=0 pend=0 df=23G
2026-09-29T00:39:31Z paused since 2026-09-18T08:09Z by ubuntu: run=0 pend=0 df=23G
2026-09-29T00:44:32Z paused since 2026-09-18T08:09Z by ubuntu: run=0 pend=0 df=23G
2026-09-29T00:49:33Z paused since 2026-09-18T08:09Z by ubuntu: run=0 pend=0 df=23G
2026-09-29T00:54:34Z paused since 2026-09-18T08:09Z by ubuntu: run=0 pend=0 df=23G
2026-09-29T00:59:35Z paused since 2026-09-18T08:09Z by ubuntu: run=0 pend=0 df=23G
2026-09-29T01:04:36Z paused since 2026-09-18T08:09Z by ubuntu: run=0 pend=0 df=23G
2026-09-29T01:09:37Z paused since 2026-09-18T08:09Z by ubuntu: run=0 pend=0 df=23G
2026-09-29T01:14:38Z paused since 2026-09-18T08:09Z by ubuntu: run=0 pend=0 df=23G
2026-09-29T01:19:39Z paused since 2026-09-18T08:09Z by ubuntu: run=0 pend=0 df=23G
2026-09-29T01:24:40Z paused since 2026-09-18T08:09Z by ubuntu: run=0 pend=0 df=23G
2026-09-29T01:29:42Z paused since 2026-09-18T08:09Z by ubuntu: run=0 pend=0 df=23G
2026-09-29T01:34:43Z paused since 2026-09-18T08:09Z by ubuntu: run=0 pend=0 df=23G
2026-09-29T01:39:44Z paused since 2026-09-18T08:09Z by ubuntu: run=0 pend=0 df=23G
2026-09-29T01:44:45Z paused since 2026-09-18T08:09Z by ubuntu: run=0 pend=0 df=23G
2026-09-29T01:49:46Z paused since 2026-09-18T08:09Z by ubuntu: run=0 pend=0 df=23G
2026-09-29T01:54:47Z paused since 2026-09-18T08:09Z by ubuntu: run=0 pend=0 df=23G
2026-09-29T01:59:48Z paused since 2026-09-18T08:09Z by ubuntu: run=0 pend=0 df=23G
2026-09-29T02:04:49Z paused since 2026-09-18T08:09Z by ubuntu: run=0 pend=0 df=23G
2026-09-29T02:09:50Z paused since 2026-09-18T08:09Z by ubuntu: run=0 pend=0 df=23G
2026-09-29T02:14:51Z paused since 2026-09-18T08:09Z by ubuntu: run=0 pend=0 df=23G
2026-09-29T02:19:52Z paused since 2026-09-18T08:09Z by ubuntu: run=0 pend=0 df=23G
2026-09-29T02:24:53Z paused since 2026-09-18T08:09Z by ubuntu: run=0 pend=0 df=23G
2026-09-29T02:29:54Z paused since 2026-09-18T08:09Z by ubuntu: run=0 pend=0 df=23G
2026-09-29T02:34:55Z paused since 2026-09-18T08:09Z by ubuntu: run=0 pend=0 df=23G
2026-09-29T02:39:56Z paused since 2026-09-18T08:09Z by ubuntu: run=0 pend=0 df=23G
2026-09-29T02:44:58Z paused since 2026-09-18T08:09Z by ubuntu: run=0 pend=0 df=23G
2026-09-29T02:49:59Z paused since 2026-09-18T08:09Z by ubuntu: run=0 pend=0 df=23G
2026-09-29T02:55:00Z paused since 2026-09-18T08:09Z by ubuntu: run=0 pend=0 df=23G
2026-09-29T03:00:01Z paused since 2026-09-18T08:09Z by ubuntu: run=0 pend=0 df=23G
2026-09-29T03:05:02Z paused since 2026-09-18T08:09Z by ubuntu: run=0 pend=0 df=23G
2026-09-29T03:10:03Z paused since 2026-09-18T08:09Z by ubuntu: run=0 pend=0 df=23G
2026-09-29T03:15:04Z paused since 2026-09-18T08:09Z by ubuntu: run=0 pend=0 df=23G
2026-09-29T03:20:05Z paused since 2026-09-18T08:09Z by ubuntu: run=0 pend=0 df=23G
2026-09-29T03:25:06Z paused since 2026-09-18T08:09Z by ubuntu: run=0 pend=0 df=23G
2026-09-29T03:30:07Z paused since 2026-09-18T08:09Z by ubuntu: run=0 pend=0 df=23G
2026-09-29T03:35:09Z paused since 2026-09-18T08:09Z by ubuntu: run=0 pend=0 df=23G
2026-09-29T03:40:10Z paused since 2026-09-18T08:09Z by ubuntu: run=0 pend=0 df=23G
2026-09-29T03:45:11Z paused since 2026-09-18T08:09Z by ubuntu: run=0 pend=0 df=23G
2026-09-29T03:50:12Z paused since 2026-09-18T08:09Z by ubuntu: run=0 pend=0 df=23G
2026-09-29T03:55:13Z paused since 2026-09-18T08:09Z by ubuntu: run=0 pend=0 df=23G
2026-09-29T04:00:14Z paused since 2026-09-18T08:09Z by ubuntu: run=0 pend=0 df=23G
2026-09-29T04:05:16Z paused since 2026-09-18T08:09Z by ubuntu: run=0 pend=0 df=23G
2026-09-29T04:10:19Z paused since 2026-09-18T08:09Z by ubuntu: run=0 pend=0 df=23G
2026-09-29T04:15:20Z paused since 2026-09-18T08:09Z by ubuntu: run=0 pend=0 df=23G
2026-09-29T04:20:22Z paused since 2026-09-18T08:09Z by ubuntu: run=0 pend=0 df=23G
2026-09-29T04:25:23Z paused since 2026-09-18T08:09Z by ubuntu: run=0 pend=0 df=23G
2026-09-29T04:30:24Z paused since 2026-09-18T08:09Z by ubuntu: run=0 pend=0 df=23G
2026-09-29T04:35:26Z paused since 2026-09-18T08:09Z by ubuntu: run=0 pend=0 df=23G
2026-09-29T04:40:27Z paused since 2026-09-18T08:09Z by ubuntu: run=0 pend=0 df=23G
2026-09-29T04:45:28Z paused since 2026-09-18T08:09Z by ubuntu: run=0 pend=0 df=23G
2026-09-29T04:50:29Z paused since 2026-09-18T08:09Z by ubuntu: run=0 pend=0 df=23G
2026-09-29T04:55:30Z paused since 2026-09-18T08:09Z by ubuntu: run=0 pend=0 df=23G
2026-09-29T05:00:31Z paused since 2026-09-18T08:09Z by ubuntu: run=0 pend=0 df=23G
2026-09-29T05:05:32Z paused since 2026-09-18T08:09Z by ubuntu: run=0 pend=0 df=23G
2026-09-29T05:10:33Z paused since 2026-09-18T08:09Z by ubuntu: run=0 pend=0 df=23G
2026-09-29T05:15:34Z paused since 2026-09-18T08:09Z by ubuntu: run=0 pend=0 df=23G
2026-09-29T05:20:35Z paused since 2026-09-18T08:09Z by ubuntu: run=0 pend=0 df=23G
2026-09-29T05:25:37Z paused since 2026-09-18T08:09Z by ubuntu: run=0 pend=0 df=23G
2026-09-29T05:30:38Z paused since 2026-09-18T08:09Z by ubuntu: run=0 pend=0 df=23G
2026-09-29T05:35:39Z paused since 2026-09-18T08:09Z by ubuntu: run=0 pend=0 df=23G
2026-09-29T05:40:40Z paused since 2026-09-18T08:09Z by ubuntu: run=0 pend=0 df=23G
2026-09-29T05:45:41Z paused since 2026-09-18T08:09Z by ubuntu: run=0 pend=0 df=23G
2026-09-29T05:50:42Z paused since 2026-09-18T08:09Z by ubuntu: run=0 pend=0 df=23G
2026-09-29T05:55:43Z paused since 2026-09-18T08:09Z by ubuntu: run=0 pend=0 df=23G
2026-09-29T06:00:44Z paused since 2026-09-18T08:09Z by ubuntu: run=0 pend=0 df=23G
2026-09-29T06:05:45Z paused since 2026-09-18T08:09Z by ubuntu: run=0 pend=0 df=23G
2026-09-29T06:10:46Z paused since 2026-09-18T08:09Z by ubuntu: run=0 pend=0 df=23G
2026-09-29T06:15:47Z paused since 2026-09-18T08:09Z by ubuntu: run=0 pend=0 df=23G
2026-09-29T06:20:48Z paused since 2026-09-18T08:09Z by ubuntu: run=0 pend=0 df=23G
2026-09-29T06:25:49Z paused since 2026-09-18T08:09Z by ubuntu: run=0 pend=0 df=23G
2026-09-29T06:30:50Z paused since 2026-09-18T08:09Z by ubuntu: run=0 pend=0 df=23G
2026-09-29T06:35:51Z paused since 2026-09-18T08:09Z by ubuntu: run=0 pend=0 df=23G
2026-09-29T06:40:52Z paused since 2026-09-18T08:09Z by ubuntu: run=0 pend=0 df=23G
2026-09-29T06:45:53Z paused since 2026-09-18T08:09Z by ubuntu: run=0 pend=0 df=23G
2026-09-29T06:50:54Z paused since 2026-09-18T08:09Z by ubuntu: run=0 pend=0 df=23G
2026-09-29T06:55:55Z paused since 2026-09-18T08:09Z by ubuntu: run=0 pend=0 df=23G
2026-09-29T07:00:56Z paused since 2026-09-18T08:09Z by ubuntu: run=0 pend=0 df=23G
2026-09-29T07:05:57Z paused since 2026-09-18T08:09Z by ubuntu: run=0 pend=0 df=23G
2026-09-29T07:10:59Z paused since 2026-09-18T08:09Z by ubuntu: run=0 pend=0 df=23G
2026-09-29T07:16:00Z paused since 2026-09-18T08:09Z by ubuntu: run=0 pend=0 df=23G
2026-09-29T07:21:01Z paused since 2026-09-18T08:09Z by ubuntu: run=0 pend=0 df=23G
2026-09-29T07:26:02Z paused since 2026-09-18T08:09Z by ubuntu: run=0 pend=0 df=23G
2026-09-29T07:31:03Z paused since 2026-09-18T08:09Z by ubuntu: run=0 pend=0 df=23G
2026-09-29T07:36:04Z paused since 2026-09-18T08:09Z by ubuntu: run=0 pend=0 df=23G
2026-09-29T07:41:05Z paused since 2026-09-18T08:09Z by ubuntu: run=0 pend=0 df=23G
2026-09-29T07:46:06Z paused since 2026-09-18T08:09Z by ubuntu: run=0 pend=0 df=23G
2026-09-29T07:51:07Z paused since 2026-09-18T08:09Z by ubuntu: run=0 pend=0 df=23G
2026-09-29T07:56:08Z paused since 2026-09-18T08:09Z by ubuntu: run=0 pend=0 df=23G
2026-09-29T08:01:09Z paused since 2026-09-18T08:09Z by ubuntu: run=0 pend=0 df=23G
2026-09-29T08:06:10Z paused since 2026-09-18T08:09Z by ubuntu: run=0 pend=0 df=23G
2026-09-29T08:11:11Z paused since 2026-09-18T08:09Z by ubuntu: run=0 pend=0 df=23G
2026-09-29T08:16:13Z paused since 2026-09-18T08:09Z by ubuntu: run=0 pend=0 df=23G
2026-09-29T08:21:14Z paused since 2026-09-18T08:09Z by ubuntu: run=0 pend=0 df=23G
2026-09-29T08:26:15Z paused since 2026-09-18T08:09Z by ubuntu: run=0 pend=0 df=23G
2026-09-29T08:31:16Z paused since 2026-09-18T08:09Z by ubuntu: run=0 pend=0 df=23G
2026-09-29T08:36:17Z paused since 2026-09-18T08:09Z by ubuntu: run=0 pend=0 df=23G
2026-09-29T08:41:18Z paused since 2026-09-18T08:09Z by ubuntu: run=0 pend=0 df=23G
2026-09-29T08:46:19Z paused since 2026-09-18T08:09Z by ubuntu: run=0 pend=0 df=23G
2026-09-29T08:51:20Z paused since 2026-09-18T08:09Z by ubuntu: run=0 pend=0 df=23G
2026-09-29T08:56:21Z paused since 2026-09-18T08:09Z by ubuntu: run=0 pend=0 df=23G
2026-09-29T09:01:22Z paused since 2026-09-18T08:09Z by ubuntu: run=0 pend=0 df=23G
2026-09-29T09:06:23Z paused since 2026-09-18T08:09Z by ubuntu: run=0 pend=0 df=23G
2026-09-29T09:11:24Z paused since 2026-09-18T08:09Z by ubuntu: run=0 pend=0 df=23G
2026-09-29T09:16:25Z paused since 2026-09-18T08:09Z by ubuntu: run=0 pend=0 df=23G
2026-09-29T09:21:27Z paused since 2026-09-18T08:09Z by ubuntu: run=0 pend=0 df=23G
2026-09-29T09:26:28Z paused since 2026-09-18T08:09Z by ubuntu: run=0 pend=0 df=23G
2026-09-29T09:31:29Z paused since 2026-09-18T08:09Z by ubuntu: run=0 pend=0 df=23G
2026-09-29T09:36:30Z paused since 2026-09-18T08:09Z by ubuntu: run=0 pend=0 df=23G
2026-09-29T09:41:31Z paused since 2026-09-18T08:09Z by ubuntu: run=0 pend=0 df=23G
2026-09-29T09:46:32Z paused since 2026-09-18T08:09Z by ubuntu: run=0 pend=0 df=23G
2026-09-29T09:51:33Z paused since 2026-09-18T08:09Z by ubuntu: run=0 pend=0 df=23G
2026-09-29T09:56:34Z paused since 2026-09-18T08:09Z by ubuntu: run=0 pend=0 df=23G
2026-09-29T10:01:35Z paused since 2026-09-18T08:09Z by ubuntu: run=0 pend=0 df=23G
2026-09-29T10:06:36Z paused since 2026-09-18T08:09Z by ubuntu: run=0 pend=0 df=23G
2026-09-29T10:11:37Z paused since 2026-09-18T08:09Z by ubuntu: run=0 pend=0 df=23G
2026-09-29T10:16:38Z paused since 2026-09-18T08:09Z by ubuntu: run=0 pend=0 df=23G
2026-09-29T10:21:40Z paused since 2026-09-18T08:09Z by ubuntu: run=0 pend=0 df=23G
2026-09-29T10:26:41Z paused since 2026-09-18T08:09Z by ubuntu: run=0 pend=0 df=23G
2026-09-29T10:31:42Z paused since 2026-09-18T08:09Z by ubuntu: run=0 pend=0 df=23G
2026-09-29T10:36:43Z paused since 2026-09-18T08:09Z by ubuntu: run=0 pend=0 df=23G
2026-09-29T10:41:44Z paused since 2026-09-18T08:09Z by ubuntu: run=0 pend=0 df=23G
2026-09-29T10:46:45Z paused since 2026-09-18T08:09Z by ubuntu: run=0 pend=0 df=23G
2026-09-29T10:51:46Z paused since 2026-09-18T08:09Z by ubuntu: run=0 pend=0 df=23G
2026-09-29T10:56:47Z paused since 2026-09-18T08:09Z by ubuntu: run=0 pend=0 df=23G
2026-09-29T11:01:48Z paused since 2026-09-18T08:09Z by ubuntu: run=0 pend=0 df=23G
2026-09-29T11:06:49Z paused since 2026-09-18T08:09Z by ubuntu: run=0 pend=0 df=23G
2026-09-29T11:11:51Z paused since 2026-09-18T08:09Z by ubuntu: run=0 pend=0 df=23G
2026-09-29T11:16:52Z paused since 2026-09-18T08:09Z by ubuntu: run=0 pend=0 df=23G
2026-09-29T11:21:53Z paused since 2026-09-18T08:09Z by ubuntu: run=0 pend=0 df=23G
2026-09-29T11:26:54Z paused since 2026-09-18T08:09Z by ubuntu: run=0 pend=0 df=23G
2026-09-29T11:31:55Z paused since 2026-09-18T08:09Z by ubuntu: run=0 pend=0 df=23G
2026-09-29T11:36:56Z paused since 2026-09-18T08:09Z by ubuntu: run=0 pend=0 df=23G
2026-09-29T11:41:57Z paused since 2026-09-18T08:09Z by ubuntu: run=0 pend=0 df=23G
2026-09-29T11:46:58Z paused since 2026-09-18T08:09Z by ubuntu: run=0 pend=0 df=23G
2026-09-29T11:51:59Z paused since 2026-09-18T08:09Z by ubuntu: run=0 pend=0 df=23G
2026-09-29T11:57:00Z paused since 2026-09-18T08:09Z by ubuntu: run=0 pend=0 df=23G
2026-09-29T12:02:01Z paused since 2026-09-18T08:09Z by ubuntu: run=0 pend=0 df=23G
2026-09-29T12:07:02Z paused since 2026-09-18T08:09Z by ubuntu: run=0 pend=0 df=23G
2026-09-29T12:12:03Z paused since 2026-09-18T08:09Z by ubuntu: run=0 pend=0 df=23G
2026-09-29T12:17:04Z paused since 2026-09-18T08:09Z by ubuntu: run=0 pend=0 df=23G
2026-09-29T12:22:05Z paused since 2026-09-18T08:09Z by ubuntu: run=0 pend=0 df=23G
2026-09-29T12:27:06Z paused since 2026-09-18T08:09Z by ubuntu: run=0 pend=0 df=23G
2026-09-29T12:32:07Z paused since 2026-09-18T08:09Z by ubuntu: run=0 pend=0 df=23G
2026-09-29T12:37:09Z paused since 2026-09-18T08:09Z by ubuntu: run=0 pend=0 df=23G
2026-09-29T12:42:10Z paused since 2026-09-18T08:09Z by ubuntu: run=0 pend=0 df=23G
2026-09-29T12:47:11Z paused since 2026-09-18T08:09Z by ubuntu: run=0 pend=0 df=23G
2026-09-29T12:52:12Z paused since 2026-09-18T08:09Z by ubuntu: run=0 pend=0 df=23G
2026-09-29T12:57:13Z paused since 2026-09-18T08:09Z by ubuntu: run=0 pend=0 df=23G
2026-09-29T13:02:14Z paused since 2026-09-18T08:09Z by ubuntu: run=0 pend=0 df=23G
2026-09-29T13:07:15Z paused since 2026-09-18T08:09Z by ubuntu: run=0 pend=0 df=23G
2026-09-29T13:12:16Z paused since 2026-09-18T08:09Z by ubuntu: run=0 pend=0 df=23G
2026-09-29T13:17:17Z paused since 2026-09-18T08:09Z by ubuntu: run=0 pend=0 df=23G
2026-09-29T13:22:18Z paused since 2026-09-18T08:09Z by ubuntu: run=0 pend=0 df=23G
2026-09-29T13:27:19Z paused since 2026-09-18T08:09Z by ubuntu: run=0 pend=0 df=23G
2026-09-29T13:32:20Z paused since 2026-09-18T08:09Z by ubuntu: run=0 pend=0 df=23G
2026-09-29T13:37:21Z paused since 2026-09-18T08:09Z by ubuntu: run=0 pend=0 df=23G
2026-09-29T13:42:22Z paused since 2026-09-18T08:09Z by ubuntu: run=0 pend=0 df=23G
2026-09-29T13:47:23Z paused since 2026-09-18T08:09Z by ubuntu: run=0 pend=0 df=23G
2026-09-29T13:52:25Z paused since 2026-09-18T08:09Z by ubuntu: run=0 pend=0 df=23G
2026-09-29T13:57:26Z paused since 2026-09-18T08:09Z by ubuntu: run=0 pend=0 df=23G
2026-09-29T14:02:27Z paused since 2026-09-18T08:09Z by ubuntu: run=0 pend=0 df=23G
2026-09-29T14:07:28Z paused since 2026-09-18T08:09Z by ubuntu: run=0 pend=0 df=23G
2026-09-29T14:12:29Z paused since 2026-09-18T08:09Z by ubuntu: run=0 pend=0 df=23G
2026-09-29T14:17:30Z paused since 2026-09-18T08:09Z by ubuntu: run=0 pend=0 df=23G
2026-09-29T14:22:31Z paused since 2026-09-18T08:09Z by ubuntu: run=0 pend=0 df=23G
2026-09-29T14:27:32Z paused since 2026-09-18T08:09Z by ubuntu: run=0 pend=0 df=23G
2026-09-29T14:32:33Z paused since 2026-09-18T08:09Z by ubuntu: run=0 pend=0 df=23G
2026-09-29T14:37:34Z paused since 2026-09-18T08:09Z by ubuntu: run=0 pend=0 df=23G
2026-09-29T14:42:35Z paused since 2026-09-18T08:09Z by ubuntu: run=0 pend=0 df=23G
2026-09-29T14:47:36Z paused since 2026-09-18T08:09Z by ubuntu: run=0 pend=0 df=23G
2026-09-29T14:52:37Z paused since 2026-09-18T08:09Z by ubuntu: run=0 pend=0 df=23G
2026-09-29T14:57:38Z paused since 2026-09-18T08:09Z by ubuntu: run=0 pend=0 df=23G
2026-09-29T15:02:39Z paused since 2026-09-18T08:09Z by ubuntu: run=0 pend=0 df=23G
2026-09-29T15:07:40Z paused since 2026-09-18T08:09Z by ubuntu: run=0 pend=0 df=23G
2026-09-29T15:12:41Z paused since 2026-09-18T08:09Z by ubuntu: run=0 pend=0 df=22G
2026-09-29T15:17:43Z paused since 2026-09-18T08:09Z by ubuntu: run=0 pend=0 df=22G
2026-09-29T15:22:44Z paused since 2026-09-18T08:09Z by ubuntu: run=0 pend=0 df=22G
2026-09-29T15:27:45Z paused since 2026-09-18T08:09Z by ubuntu: run=0 pend=0 df=22G
2026-09-29T15:32:46Z paused since 2026-09-18T08:09Z by ubuntu: run=0 pend=0 df=22G
2026-09-29T15:37:47Z paused since 2026-09-18T08:09Z by ubuntu: run=0 pend=0 df=21G
2026-09-29T15:42:48Z paused since 2026-09-18T08:09Z by ubuntu: run=0 pend=0 df=21G
2026-09-29T15:47:49Z paused since 2026-09-18T08:09Z by ubuntu: run=0 pend=0 df=21G
2026-09-29T15:52:50Z paused since 2026-09-18T08:09Z by ubuntu: run=0 pend=0 df=34G
2026-09-29T15:57:51Z paused since 2026-09-18T08:09Z by ubuntu: run=0 pend=0 df=89G
2026-09-29T16:02:53Z paused since 2026-09-18T08:09Z by ubuntu: run=0 pend=0 df=108G
2026-09-29T16:07:54Z paused since 2026-09-18T08:09Z by ubuntu: run=0 pend=0 df=142G
2026-09-29T16:12:55Z paused since 2026-09-18T08:09Z by ubuntu: run=0 pend=0 df=178G
2026-09-29T16:17:57Z paused since 2026-09-18T08:09Z by ubuntu: run=0 pend=0 df=212G
2026-09-29T16:22:58Z paused since 2026-09-18T08:09Z by ubuntu: run=0 pend=0 df=250G
2026-09-29T16:27:59Z paused since 2026-09-18T08:09Z by ubuntu: run=0 pend=0 df=290G
2026-09-29T16:33:00Z paused since 2026-09-18T08:09Z by ubuntu: run=0 pend=0 df=355G
2026-09-29T16:38:00Z ignoring 1673 (1673) CANCELLED by 1000: not an array task
2026-09-29T16:38:04Z poll run=5 [2020_2@n6 2020_3@n1 2020_4@n2 2020_5@n0 2020_0@n3 ] pend=32 [2020_6 2020_7 2020_8 2020_9 2020_10 2020_14 2020_15 2020_16 2020_17 2020_18 2020_19 2020_20 2020_21 2020_23 2020_24 2020_25 2020_26 2020_27 2020_28 2020_29 2020_30 2020_31 2020_32 2020_33 2020_34 2020_35 2020_36 2020_37 2020_38 2020_39 2020_40 2020_41 ] free=[] foreign=[4 5 7] df=411G :: n0:ours n1:ours n2:ours n3:ours n4:FOREIGN(80509,80495,80495,80495,80495,80493,80391,80391) n5:FOREIGN(65497,63313,63117,63375,63333,63395,63355,64897) n6:ours n7:FOREIGN(0,0,2745,2745,4407,4375,9899,1163) 
2026-09-29T16:43:08Z poll run=5 [2020_2@n6 2020_3@n1 2020_4@n2 2020_5@n0 2020_0@n3 ] pend=32 [2020_6 2020_7 2020_8 2020_9 2020_10 2020_14 2020_15 2020_16 2020_17 2020_18 2020_19 2020_20 2020_21 2020_23 2020_24 2020_25 2020_26 2020_27 2020_28 2020_29 2020_30 2020_31 2020_32 2020_33 2020_34 2020_35 2020_36 2020_37 2020_38 2020_39 2020_40 2020_41 ] free=[] foreign=[4 5 7] df=443G :: n0:ours n1:ours n2:ours n3:ours n4:FOREIGN(80509,80495,80495,80495,80495,80487,80391,80391) n5:FOREIGN(65497,63313,63117,63375,63333,63395,63355,64897) n6:ours n7:FOREIGN(0,0,2745,2745,4407,4375,9899,1163) 
2026-09-29T16:48:12Z poll run=5 [2020_2@n6 2020_3@n1 2020_4@n2 2020_5@n0 2020_0@n3 ] pend=32 [2020_6 2020_7 2020_8 2020_9 2020_10 2020_14 2020_15 2020_16 2020_17 2020_18 2020_19 2020_20 2020_21 2020_23 2020_24 2020_25 2020_26 2020_27 2020_28 2020_29 2020_30 2020_31 2020_32 2020_33 2020_34 2020_35 2020_36 2020_37 2020_38 2020_39 2020_40 2020_41 ] free=[] foreign=[4 5 7] df=472G :: n0:ours n1:ours n2:ours n3:ours n4:FOREIGN(68997,66399,62927,66461,66439,66459,66459,67979) n5:FOREIGN(65497,63313,63117,63375,63333,63395,63355,64897) n6:ours n7:FOREIGN(0,0,2745,2745,4407,4375,9899,1163) 
2026-09-29T16:53:16Z poll run=5 [2020_2@n6 2020_3@n1 2020_4@n2 2020_5@n0 2020_0@n3 ] pend=32 [2020_6 2020_7 2020_8 2020_9 2020_10 2020_14 2020_15 2020_16 2020_17 2020_18 2020_19 2020_20 2020_21 2020_23 2020_24 2020_25 2020_26 2020_27 2020_28 2020_29 2020_30 2020_31 2020_32 2020_33 2020_34 2020_35 2020_36 2020_37 2020_38 2020_39 2020_40 2020_41 ] free=[] foreign=[4 5 7] df=485G :: n0:ours n1:ours n2:ours n3:ours n4:FOREIGN(69475,66047,64985,65927,65987,66007,66007,68367) n5:FOREIGN(65497,63313,63117,63375,63333,63395,63355,64897) n6:ours n7:FOREIGN(0,0,2745,2745,4407,4375,9899,1163) 
2026-09-29T16:58:20Z poll run=5 [2020_2@n6 2020_3@n1 2020_4@n2 2020_5@n0 2020_0@n3 ] pend=32 [2020_6 2020_7 2020_8 2020_9 2020_10 2020_14 2020_15 2020_16 2020_17 2020_18 2020_19 2020_20 2020_21 2020_23 2020_24 2020_25 2020_26 2020_27 2020_28 2020_29 2020_30 2020_31 2020_32 2020_33 2020_34 2020_35 2020_36 2020_37 2020_38 2020_39 2020_40 2020_41 ] free=[] foreign=[4 5 7] df=502G :: n0:ours n1:ours n2:ours n3:ours n4:FOREIGN(80507,80495,80495,80493,80391,80391,80391,80391) n5:FOREIGN(65497,63313,63117,63375,63333,63395,63355,64897) n6:ours n7:FOREIGN(0,0,2745,2745,4407,4375,9899,1163) 
2026-09-29T17:03:24Z poll run=5 [2020_2@n6 2020_3@n1 2020_4@n2 2020_5@n0 2020_0@n3 ] pend=32 [2020_6 2020_7 2020_8 2020_9 2020_10 2020_14 2020_15 2020_16 2020_17 2020_18 2020_19 2020_20 2020_21 2020_23 2020_24 2020_25 2020_26 2020_27 2020_28 2020_29 2020_30 2020_31 2020_32 2020_33 2020_34 2020_35 2020_36 2020_37 2020_38 2020_39 2020_40 2020_41 ] free=[] foreign=[4 5 7] df=527G :: n0:ours n1:ours n2:ours n3:ours n4:FOREIGN(80507,80495,80495,80495,80491,80391,80391,80391) n5:FOREIGN(65497,63313,63117,63375,63333,63395,63355,64897) n6:ours n7:FOREIGN(0,0,2745,2745,4407,4375,9899,1163) 
2026-09-29T17:08:28Z poll run=5 [2020_2@n6 2020_3@n1 2020_4@n2 2020_5@n0 2020_0@n3 ] pend=32 [2020_6 2020_7 2020_8 2020_9 2020_10 2020_14 2020_15 2020_16 2020_17 2020_18 2020_19 2020_20 2020_21 2020_23 2020_24 2020_25 2020_26 2020_27 2020_28 2020_29 2020_30 2020_31 2020_32 2020_33 2020_34 2020_35 2020_36 2020_37 2020_38 2020_39 2020_40 2020_41 ] free=[] foreign=[4 5 7] df=549G :: n0:ours n1:ours n2:ours n3:ours n4:FOREIGN(80391,80391,80391,80391,80391,80391,80391,27231) n5:FOREIGN(65497,63313,63117,63375,63333,63395,63355,64897) n6:ours n7:FOREIGN(0,0,2745,2745,4407,4375,9899,1163) 
2026-09-29T17:13:33Z poll run=5 [2020_2@n6 2020_3@n1 2020_4@n2 2020_5@n0 2020_0@n3 ] pend=32 [2020_6 2020_7 2020_8 2020_9 2020_10 2020_14 2020_15 2020_16 2020_17 2020_18 2020_19 2020_20 2020_21 2020_23 2020_24 2020_25 2020_26 2020_27 2020_28 2020_29 2020_30 2020_31 2020_32 2020_33 2020_34 2020_35 2020_36 2020_37 2020_38 2020_39 2020_40 2020_41 ] free=[] foreign=[4 5 7] df=572G :: n0:ours n1:ours n2:ours n3:ours n4:FOREIGN(80391,80391,80391,80391,80391,80391,80391,58251) n5:FOREIGN(65497,63313,63117,63375,63333,63395,63355,64897) n6:ours n7:FOREIGN(0,0,2745,2745,4407,4375,9899,1163) 
2026-09-29T17:18:37Z poll run=5 [2020_2@n6 2020_3@n1 2020_4@n2 2020_5@n0 2020_0@n3 ] pend=32 [2020_6 2020_7 2020_8 2020_9 2020_10 2020_14 2020_15 2020_16 2020_17 2020_18 2020_19 2020_20 2020_21 2020_23 2020_24 2020_25 2020_26 2020_27 2020_28 2020_29 2020_30 2020_31 2020_32 2020_33 2020_34 2020_35 2020_36 2020_37 2020_38 2020_39 2020_40 2020_41 ] free=[] foreign=[4 5 7] df=595G :: n0:ours n1:ours n2:ours n3:ours n4:FOREIGN(80507,80495,80495,80491,80391,80391,80391,80391) n5:FOREIGN(65497,63313,63117,63375,63333,63395,63355,64897) n6:ours n7:FOREIGN(0,0,2745,2745,4407,4375,9899,1163) 
2026-09-29T17:23:42Z poll run=5 [2020_2@n6 2020_3@n1 2020_4@n2 2020_5@n0 2020_0@n3 ] pend=32 [2020_6 2020_7 2020_8 2020_9 2020_10 2020_14 2020_15 2020_16 2020_17 2020_18 2020_19 2020_20 2020_21 2020_23 2020_24 2020_25 2020_26 2020_27 2020_28 2020_29 2020_30 2020_31 2020_32 2020_33 2020_34 2020_35 2020_36 2020_37 2020_38 2020_39 2020_40 2020_41 ] free=[] foreign=[4 5 7] df=620G :: n0:ours n1:ours n2:ours n3:ours n4:FOREIGN(80509,80495,80495,80495,80495,80495,80491,80391) n5:FOREIGN(65497,63313,63117,63375,63333,63395,63355,64897) n6:ours n7:FOREIGN(0,0,2745,2745,4407,4375,9899,1163) 
2026-09-29T17:28:46Z poll run=5 [2020_2@n6 2020_3@n1 2020_4@n2 2020_5@n0 2020_0@n3 ] pend=32 [2020_6 2020_7 2020_8 2020_9 2020_10 2020_14 2020_15 2020_16 2020_17 2020_18 2020_19 2020_20 2020_21 2020_23 2020_24 2020_25 2020_26 2020_27 2020_28 2020_29 2020_30 2020_31 2020_32 2020_33 2020_34 2020_35 2020_36 2020_37 2020_38 2020_39 2020_40 2020_41 ] free=[] foreign=[4 5 7] df=637G :: n0:ours n1:ours n2:ours n3:ours n4:FOREIGN(80509,80495,80495,80495,80495,80487,80391,80391) n5:FOREIGN(65497,63313,63117,63375,63333,63395,63355,64897) n6:ours n7:FOREIGN(0,0,2745,2745,4407,4375,9899,1163) 
2026-09-29T17:33:50Z poll run=5 [2020_2@n6 2020_3@n1 2020_4@n2 2020_5@n0 2020_0@n3 ] pend=32 [2020_6 2020_7 2020_8 2020_9 2020_10 2020_14 2020_15 2020_16 2020_17 2020_18 2020_19 2020_20 2020_21 2020_23 2020_24 2020_25 2020_26 2020_27 2020_28 2020_29 2020_30 2020_31 2020_32 2020_33 2020_34 2020_35 2020_36 2020_37 2020_38 2020_39 2020_40 2020_41 ] free=[] foreign=[4 5 7] df=666G :: n0:ours n1:ours n2:ours n3:ours n4:FOREIGN(80391,80391,651,4,4,4,4,4) n5:FOREIGN(65497,63313,63117,63375,63333,63395,63355,64897) n6:ours n7:FOREIGN(0,0,2745,2745,4407,4375,9899,1163) 
2026-09-29T17:38:54Z poll run=5 [2020_2@n6 2020_3@n1 2020_4@n2 2020_5@n0 2020_0@n3 ] pend=32 [2020_6 2020_7 2020_8 2020_9 2020_10 2020_14 2020_15 2020_16 2020_17 2020_18 2020_19 2020_20 2020_21 2020_23 2020_24 2020_25 2020_26 2020_27 2020_28 2020_29 2020_30 2020_31 2020_32 2020_33 2020_34 2020_35 2020_36 2020_37 2020_38 2020_39 2020_40 2020_41 ] free=[] foreign=[4 5 7] df=682G :: n0:ours n1:ours n2:ours n3:ours n4:FOREIGN(0,0,0,0,0,0,0,0) n5:FOREIGN(65497,63313,63117,63375,63333,63395,63355,64897) n6:ours n7:FOREIGN(0,0,2745,2745,4407,4375,9899,1163) 
2026-09-29T17:43:58Z poll run=5 [2020_2@n6 2020_3@n1 2020_4@n2 2020_5@n0 2020_0@n3 ] pend=32 [2020_6 2020_7 2020_8 2020_9 2020_10 2020_14 2020_15 2020_16 2020_17 2020_18 2020_19 2020_20 2020_21 2020_23 2020_24 2020_25 2020_26 2020_27 2020_28 2020_29 2020_30 2020_31 2020_32 2020_33 2020_34 2020_35 2020_36 2020_37 2020_38 2020_39 2020_40 2020_41 ] free=[] foreign=[4 5 7] df=719G :: n0:ours n1:ours n2:ours n3:ours n4:FOREIGN(0,0,0,0,0,0,0,0) n5:FOREIGN(65497,63313,63117,63375,63333,63395,63355,64897) n6:ours n7:FOREIGN(0,0,2745,2745,4407,4375,9899,1163) 
2026-09-29T17:49:03Z poll run=5 [2020_2@n6 2020_3@n1 2020_4@n2 2020_5@n0 2020_0@n3 ] pend=32 [2020_6 2020_7 2020_8 2020_9 2020_10 2020_14 2020_15 2020_16 2020_17 2020_18 2020_19 2020_20 2020_21 2020_23 2020_24 2020_25 2020_26 2020_27 2020_28 2020_29 2020_30 2020_31 2020_32 2020_33 2020_34 2020_35 2020_36 2020_37 2020_38 2020_39 2020_40 2020_41 ] free=[] foreign=[4 5 7] df=728G :: n0:ours n1:ours n2:ours n3:ours n4:FOREIGN(0,0,0,0,0,0,0,0) n5:FOREIGN(65497,63313,63117,63375,63333,63395,63355,64897) n6:ours n7:FOREIGN(0,0,2745,2745,4407,4375,9899,1163) 
2026-09-29T17:54:07Z poll run=5 [2020_2@n6 2020_3@n1 2020_4@n2 2020_5@n0 2020_0@n3 ] pend=32 [2020_6 2020_7 2020_8 2020_9 2020_10 2020_14 2020_15 2020_16 2020_17 2020_18 2020_19 2020_20 2020_21 2020_23 2020_24 2020_25 2020_26 2020_27 2020_28 2020_29 2020_30 2020_31 2020_32 2020_33 2020_34 2020_35 2020_36 2020_37 2020_38 2020_39 2020_40 2020_41 ] free=[] foreign=[4 5 7] df=723G :: n0:ours n1:ours n2:ours n3:ours n4:FOREIGN(65449,63309,63047,63349,63369,63369,63409,64929) n5:FOREIGN(65497,63313,63117,63375,63333,63395,63355,64897) n6:ours n7:FOREIGN(0,0,2745,2745,4407,4375,9899,1163) 
2026-09-29T17:59:11Z poll run=5 [2020_2@n6 2020_3@n1 2020_4@n2 2020_5@n0 2020_0@n3 ] pend=32 [2020_6 2020_7 2020_8 2020_9 2020_10 2020_14 2020_15 2020_16 2020_17 2020_18 2020_19 2020_20 2020_21 2020_23 2020_24 2020_25 2020_26 2020_27 2020_28 2020_29 2020_30 2020_31 2020_32 2020_33 2020_34 2020_35 2020_36 2020_37 2020_38 2020_39 2020_40 2020_41 ] free=[] foreign=[4 5 7] df=727G :: n0:ours n1:ours n2:ours n3:ours n4:FOREIGN(66855,62925,62903,62925,62925,62925,62905,64505) n5:FOREIGN(65497,63313,63117,63375,63333,63395,63355,64897) n6:ours n7:FOREIGN(0,0,2745,2745,4407,4375,9899,1163) 
2026-09-29T18:04:15Z poll run=5 [2020_2@n6 2020_3@n1 2020_4@n2 2020_5@n0 2020_0@n3 ] pend=32 [2020_6 2020_7 2020_8 2020_9 2020_10 2020_14 2020_15 2020_16 2020_17 2020_18 2020_19 2020_20 2020_21 2020_23 2020_24 2020_25 2020_26 2020_27 2020_28 2020_29 2020_30 2020_31 2020_32 2020_33 2020_34 2020_35 2020_36 2020_37 2020_38 2020_39 2020_40 2020_41 ] free=[] foreign=[4 5 7] df=735G :: n0:ours n1:ours n2:ours n3:ours n4:FOREIGN(0,0,0,0,0,0,0,0) n5:FOREIGN(65497,63313,63117,63375,63333,63395,63355,64897) n6:ours n7:FOREIGN(0,0,2745,2745,4407,4375,9899,1163) 
2026-09-29T18:09:19Z poll run=5 [2020_2@n6 2020_3@n1 2020_4@n2 2020_5@n0 2020_0@n3 ] pend=32 [2020_6 2020_7 2020_8 2020_9 2020_10 2020_14 2020_15 2020_16 2020_17 2020_18 2020_19 2020_20 2020_21 2020_23 2020_24 2020_25 2020_26 2020_27 2020_28 2020_29 2020_30 2020_31 2020_32 2020_33 2020_34 2020_35 2020_36 2020_37 2020_38 2020_39 2020_40 2020_41 ] free=[] foreign=[4 5 7] df=726G :: n0:ours n1:ours n2:ours n3:ours n4:FOREIGN(0,0,0,0,0,0,0,0) n5:FOREIGN(65497,63313,63117,63375,63333,63395,63355,64897) n6:ours n7:FOREIGN(0,0,2745,2745,4407,4375,9899,1163) 
2026-09-29T18:14:23Z poll run=5 [2020_2@n6 2020_3@n1 2020_4@n2 2020_5@n0 2020_0@n3 ] pend=32 [2020_6 2020_7 2020_8 2020_9 2020_10 2020_14 2020_15 2020_16 2020_17 2020_18 2020_19 2020_20 2020_21 2020_23 2020_24 2020_25 2020_26 2020_27 2020_28 2020_29 2020_30 2020_31 2020_32 2020_33 2020_34 2020_35 2020_36 2020_37 2020_38 2020_39 2020_40 2020_41 ] free=[] foreign=[4 5 7] df=733G :: n0:ours n1:ours n2:ours n3:ours n4:FOREIGN(0,0,0,0,0,0,0,0) n5:FOREIGN(65497,63313,63117,63375,63333,63395,63355,64897) n6:ours n7:FOREIGN(0,0,2745,2745,4407,4375,9899,1163) 
2026-09-29T18:19:27Z poll run=5 [2020_2@n6 2020_3@n1 2020_4@n2 2020_5@n0 2020_0@n3 ] pend=32 [2020_6 2020_7 2020_8 2020_9 2020_10 2020_14 2020_15 2020_16 2020_17 2020_18 2020_19 2020_20 2020_21 2020_23 2020_24 2020_25 2020_26 2020_27 2020_28 2020_29 2020_30 2020_31 2020_32 2020_33 2020_34 2020_35 2020_36 2020_37 2020_38 2020_39 2020_40 2020_41 ] free=[] foreign=[4 5 7] df=749G :: n0:ours n1:ours n2:ours n3:ours n4:FOREIGN(66845,64725,64085,64687,64687,64727,64685,66327) n5:FOREIGN(65497,63313,63117,63375,63333,63395,63355,64897) n6:ours n7:FOREIGN(0,0,2745,2745,4407,4375,9899,1163) 
2026-09-29T18:24:31Z poll run=5 [2020_2@n6 2020_3@n1 2020_4@n2 2020_5@n0 2020_0@n3 ] pend=32 [2020_6 2020_7 2020_8 2020_9 2020_10 2020_14 2020_15 2020_16 2020_17 2020_18 2020_19 2020_20 2020_21 2020_23 2020_24 2020_25 2020_26 2020_27 2020_28 2020_29 2020_30 2020_31 2020_32 2020_33 2020_34 2020_35 2020_36 2020_37 2020_38 2020_39 2020_40 2020_41 ] free=[] foreign=[4 5 7] df=761G :: n0:ours n1:ours n2:ours n3:ours n4:FOREIGN(66925,64827,64125,64765,64767,64785,64827,66407) n5:FOREIGN(65497,63313,63117,63375,63333,63395,63355,64897) n6:ours n7:FOREIGN(0,0,2745,2745,4407,4375,9899,1163) 
2026-09-29T18:29:35Z poll run=5 [2020_2@n6 2020_3@n1 2020_4@n2 2020_5@n0 2020_0@n3 ] pend=32 [2020_6 2020_7 2020_8 2020_9 2020_10 2020_14 2020_15 2020_16 2020_17 2020_18 2020_19 2020_20 2020_21 2020_23 2020_24 2020_25 2020_26 2020_27 2020_28 2020_29 2020_30 2020_31 2020_32 2020_33 2020_34 2020_35 2020_36 2020_37 2020_38 2020_39 2020_40 2020_41 ] free=[] foreign=[4 5 7] df=778G :: n0:ours n1:ours n2:ours n3:ours n4:FOREIGN(0,0,0,0,0,0,0,0) n5:FOREIGN(65497,63313,63117,63375,63333,63395,63355,64897) n6:ours n7:FOREIGN(0,0,2745,2745,4407,4375,9899,1163) 
2026-09-29T18:34:38Z poll run=5 [2020_2@n6 2020_3@n1 2020_4@n2 2020_5@n0 2020_0@n3 ] pend=32 [2020_6 2020_7 2020_8 2020_9 2020_10 2020_14 2020_15 2020_16 2020_17 2020_18 2020_19 2020_20 2020_21 2020_23 2020_24 2020_25 2020_26 2020_27 2020_28 2020_29 2020_30 2020_31 2020_32 2020_33 2020_34 2020_35 2020_36 2020_37 2020_38 2020_39 2020_40 2020_41 ] free=[] foreign=[4 5 7] df=771G :: n0:ours n1:ours n2:ours n3:ours n4:FOREIGN(0,0,0,0,0,0,0,0) n5:FOREIGN(65497,63313,63117,63375,63333,63395,63355,64897) n6:ours n7:FOREIGN(0,0,2745,2745,4407,4375,9899,1163) 
2026-09-29T18:39:43Z poll run=5 [2020_2@n6 2020_3@n1 2020_4@n2 2020_5@n0 2020_0@n3 ] pend=32 [2020_6 2020_7 2020_8 2020_9 2020_10 2020_14 2020_15 2020_16 2020_17 2020_18 2020_19 2020_20 2020_21 2020_23 2020_24 2020_25 2020_26 2020_27 2020_28 2020_29 2020_30 2020_31 2020_32 2020_33 2020_34 2020_35 2020_36 2020_37 2020_38 2020_39 2020_40 2020_41 ] free=[] foreign=[4 5 7] df=742G :: n0:ours n1:ours n2:ours n3:ours n4:FOREIGN(0,0,0,0,0,0,0,0) n5:FOREIGN(65497,63313,63117,63375,63333,63395,63355,64897) n6:ours n7:FOREIGN(0,0,2745,2745,4407,4375,9899,1163) 
2026-09-29T18:44:46Z poll run=5 [2020_2@n6 2020_3@n1 2020_4@n2 2020_5@n0 2020_0@n3 ] pend=32 [2020_6 2020_7 2020_8 2020_9 2020_10 2020_14 2020_15 2020_16 2020_17 2020_18 2020_19 2020_20 2020_21 2020_23 2020_24 2020_25 2020_26 2020_27 2020_28 2020_29 2020_30 2020_31 2020_32 2020_33 2020_34 2020_35 2020_36 2020_37 2020_38 2020_39 2020_40 2020_41 ] free=[] foreign=[4 5 7] df=737G :: n0:ours n1:ours n2:ours n3:ours n4:FOREIGN(80391,80391,80391,4,4,4,4,4) n5:FOREIGN(65497,63313,63117,63375,63333,63395,63355,64897) n6:ours n7:FOREIGN(0,0,2745,2745,4407,4375,9899,1163) 
2026-09-29T18:49:50Z poll run=5 [2020_2@n6 2020_3@n1 2020_4@n2 2020_5@n0 2020_0@n3 ] pend=32 [2020_6 2020_7 2020_8 2020_9 2020_10 2020_14 2020_15 2020_16 2020_17 2020_18 2020_19 2020_20 2020_21 2020_23 2020_24 2020_25 2020_26 2020_27 2020_28 2020_29 2020_30 2020_31 2020_32 2020_33 2020_34 2020_35 2020_36 2020_37 2020_38 2020_39 2020_40 2020_41 ] free=[] foreign=[4 5 7] df=745G :: n0:ours n1:ours n2:ours n3:ours n4:FOREIGN(0,0,0,0,0,0,0,0) n5:FOREIGN(65497,63313,63117,63375,63333,63395,63355,64897) n6:ours n7:FOREIGN(0,0,2745,2745,4407,4375,9899,1163) 
2026-09-29T18:54:54Z poll run=5 [2020_2@n6 2020_3@n1 2020_4@n2 2020_5@n0 2020_0@n3 ] pend=32 [2020_6 2020_7 2020_8 2020_9 2020_10 2020_14 2020_15 2020_16 2020_17 2020_18 2020_19 2020_20 2020_21 2020_23 2020_24 2020_25 2020_26 2020_27 2020_28 2020_29 2020_30 2020_31 2020_32 2020_33 2020_34 2020_35 2020_36 2020_37 2020_38 2020_39 2020_40 2020_41 ] free=[] foreign=[4 5 7] df=743G :: n0:ours n1:ours n2:ours n3:ours n4:FOREIGN(64933,62899,62897,62899,62899,62899,62897,64437) n5:FOREIGN(65497,63313,63117,63375,63333,63395,63355,64897) n6:ours n7:FOREIGN(0,0,2745,2745,4407,4375,9899,1163) 
2026-09-29T18:59:58Z poll run=5 [2020_2@n6 2020_3@n1 2020_4@n2 2020_5@n0 2020_0@n3 ] pend=32 [2020_6 2020_7 2020_8 2020_9 2020_10 2020_14 2020_15 2020_16 2020_17 2020_18 2020_19 2020_20 2020_21 2020_23 2020_24 2020_25 2020_26 2020_27 2020_28 2020_29 2020_30 2020_31 2020_32 2020_33 2020_34 2020_35 2020_36 2020_37 2020_38 2020_39 2020_40 2020_41 ] free=[] foreign=[4 5 7] df=729G :: n0:ours n1:ours n2:ours n3:ours n4:FOREIGN(66847,64729,64087,64689,64689,64729,64689,66329) n5:FOREIGN(65497,63313,63117,63375,63333,63395,63355,64897) n6:ours n7:FOREIGN(0,0,2745,2745,4407,4375,9899,1163) 
2026-09-29T19:05:02Z poll run=5 [2020_2@n6 2020_3@n1 2020_4@n2 2020_5@n0 2020_0@n3 ] pend=32 [2020_6 2020_7 2020_8 2020_9 2020_10 2020_14 2020_15 2020_16 2020_17 2020_18 2020_19 2020_20 2020_21 2020_23 2020_24 2020_25 2020_26 2020_27 2020_28 2020_29 2020_30 2020_31 2020_32 2020_33 2020_34 2020_35 2020_36 2020_37 2020_38 2020_39 2020_40 2020_41 ] free=[] foreign=[4 5 7] df=733G :: n0:ours n1:ours n2:ours n3:ours n4:FOREIGN(64939,62903,62901,62903,62903,62903,62903,64443) n5:FOREIGN(65497,63313,63117,63375,63333,63395,63355,64897) n6:ours n7:FOREIGN(0,0,2745,2745,4407,4375,9899,1163) 
2026-09-29T19:10:06Z poll run=5 [2020_2@n6 2020_3@n1 2020_4@n2 2020_5@n0 2020_0@n3 ] pend=32 [2020_6 2020_7 2020_8 2020_9 2020_10 2020_14 2020_15 2020_16 2020_17 2020_18 2020_19 2020_20 2020_21 2020_23 2020_24 2020_25 2020_26 2020_27 2020_28 2020_29 2020_30 2020_31 2020_32 2020_33 2020_34 2020_35 2020_36 2020_37 2020_38 2020_39 2020_40 2020_41 ] free=[] foreign=[4 5 7] df=726G :: n0:ours n1:ours n2:ours n3:ours n4:FOREIGN(64939,62903,62901,62903,62903,62903,62901,64443) n5:FOREIGN(65497,63313,63117,63375,63333,63395,63355,64897) n6:ours n7:FOREIGN(0,0,2745,2745,4407,4375,9899,1163) 
2026-09-29T19:15:10Z poll run=5 [2020_2@n6 2020_3@n1 2020_4@n2 2020_5@n0 2020_0@n3 ] pend=32 [2020_6 2020_7 2020_8 2020_9 2020_10 2020_14 2020_15 2020_16 2020_17 2020_18 2020_19 2020_20 2020_21 2020_23 2020_24 2020_25 2020_26 2020_27 2020_28 2020_29 2020_30 2020_31 2020_32 2020_33 2020_34 2020_35 2020_36 2020_37 2020_38 2020_39 2020_40 2020_41 ] free=[] foreign=[4 5 7] df=736G :: n0:ours n1:ours n2:ours n3:ours n4:FOREIGN(80507,80495,80495,80495,80491,80391,80391,80391) n5:FOREIGN(65497,63313,63117,63375,63333,63395,63355,64897) n6:ours n7:FOREIGN(0,0,2745,2745,4407,4375,9899,1163) 
2026-09-29T19:20:15Z poll run=5 [2020_2@n6 2020_3@n1 2020_4@n2 2020_5@n0 2020_0@n3 ] pend=32 [2020_6 2020_7 2020_8 2020_9 2020_10 2020_14 2020_15 2020_16 2020_17 2020_18 2020_19 2020_20 2020_21 2020_23 2020_24 2020_25 2020_26 2020_27 2020_28 2020_29 2020_30 2020_31 2020_32 2020_33 2020_34 2020_35 2020_36 2020_37 2020_38 2020_39 2020_40 2020_41 ] free=[] foreign=[4 5 7] df=727G :: n0:ours n1:ours n2:ours n3:ours n4:FOREIGN(80505,80491,80391,80391,80391,80391,80391,80391) n5:FOREIGN(65497,63313,63117,63375,63333,63395,63355,64897) n6:ours n7:FOREIGN(0,0,2745,2745,4407,4375,9899,1163) 
2026-09-29T19:25:18Z poll run=5 [2020_2@n6 2020_3@n1 2020_4@n2 2020_5@n0 2020_0@n3 ] pend=32 [2020_6 2020_7 2020_8 2020_9 2020_10 2020_14 2020_15 2020_16 2020_17 2020_18 2020_19 2020_20 2020_21 2020_23 2020_24 2020_25 2020_26 2020_27 2020_28 2020_29 2020_30 2020_31 2020_32 2020_33 2020_34 2020_35 2020_36 2020_37 2020_38 2020_39 2020_40 2020_41 ] free=[] foreign=[4 5 7] df=745G :: n0:ours n1:ours n2:ours n3:ours n4:FOREIGN(80507,80495,80495,80495,80495,80391,80391,80391) n5:FOREIGN(65497,63313,63117,63375,63333,63395,63355,64897) n6:ours n7:FOREIGN(0,0,2745,2745,4407,4375,9899,1163) 
2026-09-29T19:30:23Z poll run=5 [2020_2@n6 2020_3@n1 2020_4@n2 2020_5@n0 2020_0@n3 ] pend=32 [2020_6 2020_7 2020_8 2020_9 2020_10 2020_14 2020_15 2020_16 2020_17 2020_18 2020_19 2020_20 2020_21 2020_23 2020_24 2020_25 2020_26 2020_27 2020_28 2020_29 2020_30 2020_31 2020_32 2020_33 2020_34 2020_35 2020_36 2020_37 2020_38 2020_39 2020_40 2020_41 ] free=[] foreign=[4 5 7] df=762G :: n0:ours n1:ours n2:ours n3:ours n4:FOREIGN(80507,80495,80495,80391,80391,80391,80391,80391) n5:FOREIGN(65497,63313,63117,63375,63333,63395,63355,64897) n6:ours n7:FOREIGN(0,0,2745,2745,4407,4375,9899,1163) 
2026-09-29T19:35:26Z poll run=5 [2020_2@n6 2020_3@n1 2020_4@n2 2020_5@n0 2020_0@n3 ] pend=32 [2020_6 2020_7 2020_8 2020_9 2020_10 2020_14 2020_15 2020_16 2020_17 2020_18 2020_19 2020_20 2020_21 2020_23 2020_24 2020_25 2020_26 2020_27 2020_28 2020_29 2020_30 2020_31 2020_32 2020_33 2020_34 2020_35 2020_36 2020_37 2020_38 2020_39 2020_40 2020_41 ] free=[] foreign=[4 5 7] df=767G :: n0:ours n1:ours n2:ours n3:ours n4:FOREIGN(80509,80495,80495,80495,80495,80487,80391,80391) n5:FOREIGN(65497,63313,63117,63375,63333,63395,63355,64897) n6:ours n7:FOREIGN(0,0,2745,2745,4407,4375,9899,1163) 
2026-09-29T19:40:30Z poll run=5 [2020_2@n6 2020_3@n1 2020_4@n2 2020_5@n0 2020_0@n3 ] pend=32 [2020_6 2020_7 2020_8 2020_9 2020_10 2020_14 2020_15 2020_16 2020_17 2020_18 2020_19 2020_20 2020_21 2020_23 2020_24 2020_25 2020_26 2020_27 2020_28 2020_29 2020_30 2020_31 2020_32 2020_33 2020_34 2020_35 2020_36 2020_37 2020_38 2020_39 2020_40 2020_41 ] free=[] foreign=[4 5 7] df=756G :: n0:ours n1:ours n2:ours n3:ours n4:FOREIGN(80509,80495,80495,80495,80495,80495,80495,80493) n5:FOREIGN(65497,63313,63117,63375,63333,63395,63355,64897) n6:ours n7:FOREIGN(0,0,2745,2745,4407,4375,9899,1163) 
2026-09-29T19:45:34Z poll run=5 [2020_2@n6 2020_3@n1 2020_4@n2 2020_5@n0 2020_0@n3 ] pend=32 [2020_6 2020_7 2020_8 2020_9 2020_10 2020_14 2020_15 2020_16 2020_17 2020_18 2020_19 2020_20 2020_21 2020_23 2020_24 2020_25 2020_26 2020_27 2020_28 2020_29 2020_30 2020_31 2020_32 2020_33 2020_34 2020_35 2020_36 2020_37 2020_38 2020_39 2020_40 2020_41 ] free=[] foreign=[4 5 7] df=736G :: n0:ours n1:ours n2:ours n3:ours n4:FOREIGN(64979,62865,62865,62865,62865,62865,62865,64425) n5:FOREIGN(65497,63313,63117,63375,63333,63395,63355,64897) n6:ours n7:FOREIGN(0,0,2745,2745,4407,4375,9899,1163) 
2026-09-29T19:50:38Z poll run=5 [2020_2@n6 2020_3@n1 2020_4@n2 2020_5@n0 2020_0@n3 ] pend=32 [2020_6 2020_7 2020_8 2020_9 2020_10 2020_14 2020_15 2020_16 2020_17 2020_18 2020_19 2020_20 2020_21 2020_23 2020_24 2020_25 2020_26 2020_27 2020_28 2020_29 2020_30 2020_31 2020_32 2020_33 2020_34 2020_35 2020_36 2020_37 2020_38 2020_39 2020_40 2020_41 ] free=[] foreign=[4 5 7] df=735G :: n0:ours n1:ours n2:ours n3:ours n4:FOREIGN(80509,80495,80495,80495,80495,80495,80495,80491) n5:FOREIGN(65497,63313,63117,63375,63333,63395,63355,64897) n6:ours n7:FOREIGN(0,0,2745,2745,4407,4375,9899,1163) 
2026-09-29T19:55:42Z poll run=5 [2020_2@n6 2020_3@n1 2020_4@n2 2020_5@n0 2020_0@n3 ] pend=32 [2020_6 2020_7 2020_8 2020_9 2020_10 2020_14 2020_15 2020_16 2020_17 2020_18 2020_19 2020_20 2020_21 2020_23 2020_24 2020_25 2020_26 2020_27 2020_28 2020_29 2020_30 2020_31 2020_32 2020_33 2020_34 2020_35 2020_36 2020_37 2020_38 2020_39 2020_40 2020_41 ] free=[] foreign=[4 5 7] df=723G :: n0:ours n1:ours n2:ours n3:ours n4:FOREIGN(80509,80495,80495,80495,80495,80495,80495,80495) n5:FOREIGN(65497,63313,63117,63375,63333,63395,63355,64897) n6:ours n7:FOREIGN(0,0,2745,2745,4407,4375,9899,1163) 
2026-09-29T20:00:47Z poll run=5 [2020_2@n6 2020_3@n1 2020_4@n2 2020_5@n0 2020_0@n3 ] pend=32 [2020_6 2020_7 2020_8 2020_9 2020_10 2020_14 2020_15 2020_16 2020_17 2020_18 2020_19 2020_20 2020_21 2020_23 2020_24 2020_25 2020_26 2020_27 2020_28 2020_29 2020_30 2020_31 2020_32 2020_33 2020_34 2020_35 2020_36 2020_37 2020_38 2020_39 2020_40 2020_41 ] free=[] foreign=[4 5 7] df=713G :: n0:ours n1:ours n2:ours n3:ours n4:FOREIGN(80507,80495,80495,80495,80391,80391,80391,80391) n5:FOREIGN(65497,63313,63117,63375,63333,63395,63355,64897) n6:ours n7:FOREIGN(0,0,2745,2745,4407,4375,9899,1163) 
2026-09-29T20:05:51Z poll run=5 [2020_2@n6 2020_3@n1 2020_4@n2 2020_5@n0 2020_0@n3 ] pend=32 [2020_6 2020_7 2020_8 2020_9 2020_10 2020_14 2020_15 2020_16 2020_17 2020_18 2020_19 2020_20 2020_21 2020_23 2020_24 2020_25 2020_26 2020_27 2020_28 2020_29 2020_30 2020_31 2020_32 2020_33 2020_34 2020_35 2020_36 2020_37 2020_38 2020_39 2020_40 2020_41 ] free=[] foreign=[4 5 7] df=721G :: n0:ours n1:ours n2:ours n3:ours n4:FOREIGN(80391,80391,80391,80391,80391,80391,80391,43) n5:FOREIGN(65497,63313,63117,63375,63333,63395,63355,64897) n6:ours n7:FOREIGN(0,0,2745,2745,4407,4375,9899,1163) 
2026-09-29T20:10:56Z poll run=5 [2020_2@n6 2020_3@n1 2020_4@n2 2020_5@n0 2020_0@n3 ] pend=32 [2020_6 2020_7 2020_8 2020_9 2020_10 2020_14 2020_15 2020_16 2020_17 2020_18 2020_19 2020_20 2020_21 2020_23 2020_24 2020_25 2020_26 2020_27 2020_28 2020_29 2020_30 2020_31 2020_32 2020_33 2020_34 2020_35 2020_36 2020_37 2020_38 2020_39 2020_40 2020_41 ] free=[] foreign=[4 5 7] df=740G :: n0:ours n1:ours n2:ours n3:ours n4:FOREIGN(80391,80391,80391,80391,80391,80391,27431,4) n5:FOREIGN(65497,63313,63117,63375,63333,63395,63355,64897) n6:ours n7:FOREIGN(0,0,2745,2745,4407,4375,9899,1163) 
2026-09-29T20:16:00Z poll run=5 [2020_2@n6 2020_3@n1 2020_4@n2 2020_5@n0 2020_0@n3 ] pend=32 [2020_6 2020_7 2020_8 2020_9 2020_10 2020_14 2020_15 2020_16 2020_17 2020_18 2020_19 2020_20 2020_21 2020_23 2020_24 2020_25 2020_26 2020_27 2020_28 2020_29 2020_30 2020_31 2020_32 2020_33 2020_34 2020_35 2020_36 2020_37 2020_38 2020_39 2020_40 2020_41 ] free=[] foreign=[4 5 7] df=741G :: n0:ours n1:ours n2:ours n3:ours n4:FOREIGN(80391,80391,80391,80391,5671,4,4,4) n5:FOREIGN(65497,63313,63117,63375,63333,63395,63355,64897) n6:ours n7:FOREIGN(0,0,2745,2745,4407,4375,9899,1163) 
2026-09-29T20:21:04Z poll run=5 [2020_2@n6 2020_3@n1 2020_4@n2 2020_5@n0 2020_0@n3 ] pend=32 [2020_6 2020_7 2020_8 2020_9 2020_10 2020_14 2020_15 2020_16 2020_17 2020_18 2020_19 2020_20 2020_21 2020_23 2020_24 2020_25 2020_26 2020_27 2020_28 2020_29 2020_30 2020_31 2020_32 2020_33 2020_34 2020_35 2020_36 2020_37 2020_38 2020_39 2020_40 2020_41 ] free=[] foreign=[4 5 7] df=756G :: n0:ours n1:ours n2:ours n3:ours n4:FOREIGN(64941,62901,62901,62903,62903,62903,62901,64443) n5:FOREIGN(65497,63313,63117,63375,63333,63395,63355,64897) n6:ours n7:FOREIGN(0,0,2745,2745,4407,4375,9899,1163) 
2026-09-29T20:26:07Z poll run=5 [2020_2@n6 2020_3@n1 2020_4@n2 2020_5@n0 2020_0@n3 ] pend=32 [2020_6 2020_7 2020_8 2020_9 2020_10 2020_14 2020_15 2020_16 2020_17 2020_18 2020_19 2020_20 2020_21 2020_23 2020_24 2020_25 2020_26 2020_27 2020_28 2020_29 2020_30 2020_31 2020_32 2020_33 2020_34 2020_35 2020_36 2020_37 2020_38 2020_39 2020_40 2020_41 ] free=[] foreign=[4 5 7] df=763G :: n0:ours n1:ours n2:ours n3:ours n4:FOREIGN(66855,62925,62903,62925,62925,62925,62905,64505) n5:FOREIGN(65497,63313,63117,63375,63333,63395,63355,64897) n6:ours n7:FOREIGN(0,0,2745,2745,4407,4375,9899,1163) 
2026-09-29T20:31:12Z poll run=5 [2020_2@n6 2020_3@n1 2020_4@n2 2020_5@n0 2020_0@n3 ] pend=32 [2020_6 2020_7 2020_8 2020_9 2020_10 2020_14 2020_15 2020_16 2020_17 2020_18 2020_19 2020_20 2020_21 2020_23 2020_24 2020_25 2020_26 2020_27 2020_28 2020_29 2020_30 2020_31 2020_32 2020_33 2020_34 2020_35 2020_36 2020_37 2020_38 2020_39 2020_40 2020_41 ] free=[] foreign=[4 5 7] df=748G :: n0:ours n1:ours n2:ours n3:ours n4:FOREIGN(71217,67519,62987,67561,67559,69059,67599,69841) n5:FOREIGN(65497,63313,63117,63375,63333,63395,63355,64897) n6:ours n7:FOREIGN(0,0,2745,2745,4407,4375,9899,1163) 
2026-09-29T20:36:16Z poll run=5 [2020_2@n6 2020_3@n1 2020_4@n2 2020_5@n0 2020_0@n3 ] pend=32 [2020_6 2020_7 2020_8 2020_9 2020_10 2020_14 2020_15 2020_16 2020_17 2020_18 2020_19 2020_20 2020_21 2020_23 2020_24 2020_25 2020_26 2020_27 2020_28 2020_29 2020_30 2020_31 2020_32 2020_33 2020_34 2020_35 2020_36 2020_37 2020_38 2020_39 2020_40 2020_41 ] free=[] foreign=[4 5 7] df=728G :: n0:ours n1:ours n2:ours n3:ours n4:FOREIGN(66855,64077,63137,64077,64077,64077,64077,65637) n5:FOREIGN(65497,63313,63117,63375,63333,63395,63355,64897) n6:ours n7:FOREIGN(0,0,2745,2745,4407,4375,9899,1163) 
2026-09-29T20:41:20Z poll run=5 [2020_2@n6 2020_3@n1 2020_4@n2 2020_5@n0 2020_0@n3 ] pend=32 [2020_6 2020_7 2020_8 2020_9 2020_10 2020_14 2020_15 2020_16 2020_17 2020_18 2020_19 2020_20 2020_21 2020_23 2020_24 2020_25 2020_26 2020_27 2020_28 2020_29 2020_30 2020_31 2020_32 2020_33 2020_34 2020_35 2020_36 2020_37 2020_38 2020_39 2020_40 2020_41 ] free=[] foreign=[4 5 7] df=703G :: n0:ours n1:ours n2:ours n3:ours n4:FOREIGN(66459,64077,63137,64077,64077,64077,64077,65637) n5:FOREIGN(65497,63313,63117,63375,63333,63395,63355,64897) n6:ours n7:FOREIGN(0,0,2745,2745,4407,4375,9899,1163) 
2026-09-29T20:46:23Z compare case 3 e04_h2_20210610
2026-09-29T20:48:24Z compare OK case 3 e04_h2_20210610
2026-09-29T20:48:27Z prune OK case 3 e04_h2_20210610 df 708G->708G
2026-09-29T20:48:30Z poll run=5 [2020_6@n1 2020_2@n6 2020_4@n2 2020_5@n0 2020_0@n3 ] pend=31 [2020_7 2020_8 2020_9 2020_10 2020_14 2020_15 2020_16 2020_17 2020_18 2020_19 2020_20 2020_21 2020_23 2020_24 2020_25 2020_26 2020_27 2020_28 2020_29 2020_30 2020_31 2020_32 2020_33 2020_34 2020_35 2020_36 2020_37 2020_38 2020_39 2020_40 2020_41 ] free=[] foreign=[4 5 7] df=708G :: n0:ours n1:ours n2:ours n3:ours n4:FOREIGN(69099,67157,63157,67157,67197,67217,67217,68217) n5:FOREIGN(65497,63313,63117,63375,63333,63395,63355,64897) n6:ours n7:FOREIGN(0,0,2745,2745,4407,4375,9899,1163) 
2026-09-29T20:53:34Z poll run=5 [2020_6@n1 2020_2@n6 2020_4@n2 2020_5@n0 2020_0@n3 ] pend=31 [2020_7 2020_8 2020_9 2020_10 2020_14 2020_15 2020_16 2020_17 2020_18 2020_19 2020_20 2020_21 2020_23 2020_24 2020_25 2020_26 2020_27 2020_28 2020_29 2020_30 2020_31 2020_32 2020_33 2020_34 2020_35 2020_36 2020_37 2020_38 2020_39 2020_40 2020_41 ] free=[] foreign=[4 5 7] df=734G :: n0:ours n1:ours n2:ours n3:ours n4:FOREIGN(66459,64079,63137,64079,64079,64079,64079,65639) n5:FOREIGN(65497,63313,63117,63375,63333,63395,63355,64897) n6:ours n7:FOREIGN(0,0,2745,2745,4407,4375,9899,1163) 
2026-09-29T20:58:37Z compare case 4 e05_h2_20211011
2026-09-29T21:00:26Z compare OK case 4 e05_h2_20211011
2026-09-29T21:00:29Z prune OK case 4 e05_h2_20211011 df 717G->717G
2026-09-29T21:00:30Z poll run=5 [2020_7@n2 2020_6@n1 2020_2@n6 2020_5@n0 2020_0@n3 ] pend=30 [2020_8 2020_9 2020_10 2020_14 2020_15 2020_16 2020_17 2020_18 2020_19 2020_20 2020_21 2020_23 2020_24 2020_25 2020_26 2020_27 2020_28 2020_29 2020_30 2020_31 2020_32 2020_33 2020_34 2020_35 2020_36 2020_37 2020_38 2020_39 2020_40 2020_41 ] free=[] foreign=[4 5 7] df=717G :: n0:ours n1:ours n2:ours n3:ours n4:FOREIGN(66459,64079,63137,64079,64079,64079,64079,65639) n5:FOREIGN(65497,63313,63117,63375,63333,63395,63355,64897) n6:ours n7:FOREIGN(0,0,2745,2745,4407,4375,9899,1163) 
2026-09-29T21:05:34Z poll run=5 [2020_7@n2 2020_6@n1 2020_2@n6 2020_5@n0 2020_0@n3 ] pend=30 [2020_8 2020_9 2020_10 2020_14 2020_15 2020_16 2020_17 2020_18 2020_19 2020_20 2020_21 2020_23 2020_24 2020_25 2020_26 2020_27 2020_28 2020_29 2020_30 2020_31 2020_32 2020_33 2020_34 2020_35 2020_36 2020_37 2020_38 2020_39 2020_40 2020_41 ] free=[] foreign=[4 5 7] df=783G :: n0:ours n1:ours n2:ours n3:ours n4:FOREIGN(67559,65299,63137,65259,65299,65279,65279,66979) n5:FOREIGN(65497,63313,63117,63375,63333,63395,63355,64897) n6:ours n7:FOREIGN(0,0,2745,2745,4407,4375,9899,1163) 
2026-09-29T21:10:38Z poll run=5 [2020_7@n2 2020_6@n1 2020_2@n6 2020_5@n0 2020_0@n3 ] pend=30 [2020_8 2020_9 2020_10 2020_14 2020_15 2020_16 2020_17 2020_18 2020_19 2020_20 2020_21 2020_23 2020_24 2020_25 2020_26 2020_27 2020_28 2020_29 2020_30 2020_31 2020_32 2020_33 2020_34 2020_35 2020_36 2020_37 2020_38 2020_39 2020_40 2020_41 ] free=[] foreign=[4 5 7] df=771G :: n0:ours n1:ours n2:ours n3:ours n4:FOREIGN(66479,64099,63157,64079,64079,64079,64079,65659) n5:FOREIGN(65497,63313,63117,63375,63333,63395,63355,64897) n6:ours n7:FOREIGN(0,0,2745,2745,4407,4375,9899,1163) 
2026-09-29T21:15:43Z poll run=5 [2020_7@n2 2020_6@n1 2020_2@n6 2020_5@n0 2020_0@n3 ] pend=30 [2020_8 2020_9 2020_10 2020_14 2020_15 2020_16 2020_17 2020_18 2020_19 2020_20 2020_21 2020_23 2020_24 2020_25 2020_26 2020_27 2020_28 2020_29 2020_30 2020_31 2020_32 2020_33 2020_34 2020_35 2020_36 2020_37 2020_38 2020_39 2020_40 2020_41 ] free=[] foreign=[4 5 7] df=752G :: n0:ours n1:ours n2:ours n3:ours n4:FOREIGN(67559,65299,63137,65259,65299,65279,65279,66979) n5:FOREIGN(65497,63313,63117,63375,63333,63395,63355,64897) n6:ours n7:FOREIGN(0,0,2745,2745,4407,4375,9899,1163) 
2026-09-29T21:20:48Z poll run=5 [2020_7@n2 2020_6@n1 2020_2@n6 2020_5@n0 2020_0@n3 ] pend=30 [2020_8 2020_9 2020_10 2020_14 2020_15 2020_16 2020_17 2020_18 2020_19 2020_20 2020_21 2020_23 2020_24 2020_25 2020_26 2020_27 2020_28 2020_29 2020_30 2020_31 2020_32 2020_33 2020_34 2020_35 2020_36 2020_37 2020_38 2020_39 2020_40 2020_41 ] free=[] foreign=[4 5 7] df=726G :: n0:ours n1:ours n2:ours n3:ours n4:FOREIGN(67779,65319,63157,65319,65319,65279,65299,66899) n5:FOREIGN(65497,63313,63117,63375,63333,63395,63355,64897) n6:ours n7:FOREIGN(0,0,2745,2745,4407,4375,9899,1163) 
2026-09-29T21:25:50Z compare case 2 e03_h2_20210411
2026-09-29T21:27:37Z compare OK case 2 e03_h2_20210411
2026-09-29T21:27:39Z prune OK case 2 e03_h2_20210411 df 705G->705G
2026-09-29T21:27:41Z poll run=5 [2020_8@n6 2020_7@n2 2020_6@n1 2020_5@n0 2020_0@n3 ] pend=29 [2020_9 2020_10 2020_14 2020_15 2020_16 2020_17 2020_18 2020_19 2020_20 2020_21 2020_23 2020_24 2020_25 2020_26 2020_27 2020_28 2020_29 2020_30 2020_31 2020_32 2020_33 2020_34 2020_35 2020_36 2020_37 2020_38 2020_39 2020_40 2020_41 ] free=[] foreign=[4 5 7] df=705G :: n0:ours n1:ours n2:ours n3:ours n4:FOREIGN(65137,62903,62901,62903,62903,62903,62903,64443) n5:FOREIGN(65497,63313,63117,63375,63333,63395,63355,64897) n6:ours n7:FOREIGN(0,0,2745,2745,4407,4375,9899,1163) 
2026-09-29T21:32:45Z poll run=5 [2020_8@n6 2020_7@n2 2020_6@n1 2020_5@n0 2020_0@n3 ] pend=29 [2020_9 2020_10 2020_14 2020_15 2020_16 2020_17 2020_18 2020_19 2020_20 2020_21 2020_23 2020_24 2020_25 2020_26 2020_27 2020_28 2020_29 2020_30 2020_31 2020_32 2020_33 2020_34 2020_35 2020_36 2020_37 2020_38 2020_39 2020_40 2020_41 ] free=[] foreign=[4 5 7] df=723G :: n0:ours n1:ours n2:ours n3:ours n4:FOREIGN(66961,64659,63157,64679,64699,64679,64679,66239) n5:FOREIGN(65497,63313,63117,63375,63333,63395,63355,64897) n6:ours n7:FOREIGN(0,0,2745,2745,4407,4375,9899,1163) 
2026-09-29T21:37:50Z poll run=5 [2020_8@n6 2020_7@n2 2020_6@n1 2020_5@n0 2020_0@n3 ] pend=29 [2020_9 2020_10 2020_14 2020_15 2020_16 2020_17 2020_18 2020_19 2020_20 2020_21 2020_23 2020_24 2020_25 2020_26 2020_27 2020_28 2020_29 2020_30 2020_31 2020_32 2020_33 2020_34 2020_35 2020_36 2020_37 2020_38 2020_39 2020_40 2020_41 ] free=[] foreign=[4 5 7] df=707G :: n0:ours n1:ours n2:ours n3:ours n4:FOREIGN(66461,64079,63137,64079,64079,64079,64079,65639) n5:FOREIGN(65497,63313,63117,63375,63333,63395,63355,64897) n6:ours n7:FOREIGN(0,0,2745,2745,4407,4375,9899,1163) 
2026-09-29T21:42:55Z poll run=5 [2020_8@n6 2020_7@n2 2020_6@n1 2020_5@n0 2020_0@n3 ] pend=29 [2020_9 2020_10 2020_14 2020_15 2020_16 2020_17 2020_18 2020_19 2020_20 2020_21 2020_23 2020_24 2020_25 2020_26 2020_27 2020_28 2020_29 2020_30 2020_31 2020_32 2020_33 2020_34 2020_35 2020_36 2020_37 2020_38 2020_39 2020_40 2020_41 ] free=[] foreign=[4 5 7] df=683G :: n0:ours n1:ours n2:ours n3:ours n4:FOREIGN(66461,64079,63137,64079,64079,64079,64079,65639) n5:FOREIGN(65497,63313,63117,63375,63333,63395,63355,64897) n6:ours n7:FOREIGN(0,0,2745,2745,4407,4375,9899,1163) 
2026-09-29T21:47:58Z compare case 0 e01_h2_20210119
2026-09-29T21:49:41Z compare OK case 0 e01_h2_20210119
2026-09-29T21:49:44Z prune OK case 0 e01_h2_20210119 df 669G->669G
2026-09-29T21:49:45Z compare case 5 e06_h2_20211206
2026-09-29T21:51:37Z compare OK case 5 e06_h2_20211206
2026-09-29T21:51:39Z prune OK case 5 e06_h2_20211206 df 706G->706G
2026-09-29T21:51:40Z poll run=5 [2020_10@n0 2020_9@n3 2020_8@n6 2020_7@n2 2020_6@n1 ] pend=27 [2020_14 2020_15 2020_16 2020_17 2020_18 2020_19 2020_20 2020_21 2020_23 2020_24 2020_25 2020_26 2020_27 2020_28 2020_29 2020_30 2020_31 2020_32 2020_33 2020_34 2020_35 2020_36 2020_37 2020_38 2020_39 2020_40 2020_41 ] free=[] foreign=[4 5 7] df=706G :: n0:ours n1:ours n2:ours n3:ours n4:FOREIGN(67561,65299,63137,65259,65299,65279,65279,66979) n5:FOREIGN(65497,63313,63117,63375,63333,63395,63355,64897) n6:ours n7:FOREIGN(0,0,2745,2745,4407,4375,9899,1163) 
2026-09-29T21:56:45Z poll run=5 [2020_10@n0 2020_9@n3 2020_8@n6 2020_7@n2 2020_6@n1 ] pend=27 [2020_14 2020_15 2020_16 2020_17 2020_18 2020_19 2020_20 2020_21 2020_23 2020_24 2020_25 2020_26 2020_27 2020_28 2020_29 2020_30 2020_31 2020_32 2020_33 2020_34 2020_35 2020_36 2020_37 2020_38 2020_39 2020_40 2020_41 ] free=[] foreign=[4 5 7] df=758G :: n0:ours n1:ours n2:ours n3:ours n4:FOREIGN(0,0,0,0,0,0,0,0) n5:FOREIGN(65497,63313,63117,63375,63333,63395,63355,64897) n6:ours n7:FOREIGN(0,0,2745,2745,4407,4375,9899,1163) 
2026-09-29T22:01:51Z poll run=5 [2020_10@n0 2020_9@n3 2020_8@n6 2020_7@n2 2020_6@n1 ] pend=27 [2020_14 2020_15 2020_16 2020_17 2020_18 2020_19 2020_20 2020_21 2020_23 2020_24 2020_25 2020_26 2020_27 2020_28 2020_29 2020_30 2020_31 2020_32 2020_33 2020_34 2020_35 2020_36 2020_37 2020_38 2020_39 2020_40 2020_41 ] free=[] foreign=[4 5 7] df=760G :: n0:ours n1:ours n2:ours n3:ours n4:FOREIGN(67079,64797,63137,64777,64817,64777,64817,66357) n5:FOREIGN(65497,63313,63117,63375,63333,63395,63355,64897) n6:ours n7:FOREIGN(0,0,2745,2745,4407,4375,9899,1163) 
2026-09-29T22:06:57Z poll run=5 [2020_10@n0 2020_9@n3 2020_8@n6 2020_7@n2 2020_6@n1 ] pend=27 [2020_14 2020_15 2020_16 2020_17 2020_18 2020_19 2020_20 2020_21 2020_23 2020_24 2020_25 2020_26 2020_27 2020_28 2020_29 2020_30 2020_31 2020_32 2020_33 2020_34 2020_35 2020_36 2020_37 2020_38 2020_39 2020_40 2020_41 ] free=[] foreign=[4 5 7] df=747G :: n0:ours n1:ours n2:ours n3:ours n4:FOREIGN(66339,64077,63137,64077,64077,64077,64077,65637) n5:FOREIGN(65497,63313,63117,63375,63333,63395,63355,64897) n6:ours n7:FOREIGN(0,0,2745,2745,4407,4375,9899,1163) 
2026-09-29T22:12:01Z poll run=5 [2020_10@n0 2020_9@n3 2020_8@n6 2020_7@n2 2020_6@n1 ] pend=27 [2020_14 2020_15 2020_16 2020_17 2020_18 2020_19 2020_20 2020_21 2020_23 2020_24 2020_25 2020_26 2020_27 2020_28 2020_29 2020_30 2020_31 2020_32 2020_33 2020_34 2020_35 2020_36 2020_37 2020_38 2020_39 2020_40 2020_41 ] free=[] foreign=[4 5 7] df=737G :: n0:ours n1:ours n2:ours n3:ours n4:FOREIGN(67559,65297,63137,65257,65297,65277,65277,66977) n5:FOREIGN(65497,63313,63117,63375,63333,63395,63355,64897) n6:ours n7:FOREIGN(0,0,2745,2745,4407,4375,9899,1163) 
2026-09-29T22:17:07Z poll run=5 [2020_10@n0 2020_9@n3 2020_8@n6 2020_7@n2 2020_6@n1 ] pend=27 [2020_14 2020_15 2020_16 2020_17 2020_18 2020_19 2020_20 2020_21 2020_23 2020_24 2020_25 2020_26 2020_27 2020_28 2020_29 2020_30 2020_31 2020_32 2020_33 2020_34 2020_35 2020_36 2020_37 2020_38 2020_39 2020_40 2020_41 ] free=[] foreign=[4 5 7] df=716G :: n0:ours n1:ours n2:ours n3:ours n4:FOREIGN(66459,64077,63137,64077,64077,64077,64077,65637) n5:FOREIGN(65497,63313,63117,63375,63333,63395,63355,64897) n6:ours n7:FOREIGN(0,0,2745,2745,4407,4375,9899,1163) 
2026-09-29T22:22:12Z poll run=5 [2020_10@n0 2020_9@n3 2020_8@n6 2020_7@n2 2020_6@n1 ] pend=27 [2020_14 2020_15 2020_16 2020_17 2020_18 2020_19 2020_20 2020_21 2020_23 2020_24 2020_25 2020_26 2020_27 2020_28 2020_29 2020_30 2020_31 2020_32 2020_33 2020_34 2020_35 2020_36 2020_37 2020_38 2020_39 2020_40 2020_41 ] free=[] foreign=[4 5 7] df=724G :: n0:ours n1:ours n2:ours n3:ours n4:FOREIGN(65739,63499,63137,63479,63479,63479,63479,65059) n5:FOREIGN(65497,63313,63117,63375,63333,63395,63355,64897) n6:ours n7:FOREIGN(0,0,2745,2745,4407,4407,9899,1163) 
2026-09-29T22:27:17Z poll run=5 [2020_10@n0 2020_9@n3 2020_8@n6 2020_7@n2 2020_6@n1 ] pend=27 [2020_14 2020_15 2020_16 2020_17 2020_18 2020_19 2020_20 2020_21 2020_23 2020_24 2020_25 2020_26 2020_27 2020_28 2020_29 2020_30 2020_31 2020_32 2020_33 2020_34 2020_35 2020_36 2020_37 2020_38 2020_39 2020_40 2020_41 ] free=[] foreign=[4 5 7] df=723G :: n0:ours n1:ours n2:ours n3:ours n4:FOREIGN(69099,67199,63137,67179,67159,67159,67199,68219) n5:FOREIGN(65497,63313,63117,63375,63333,63395,63355,64897) n6:ours n7:FOREIGN(0,0,2745,2745,4407,4407,9899,1163) 
2026-09-29T22:32:21Z poll run=5 [2020_10@n0 2020_9@n3 2020_8@n6 2020_7@n2 2020_6@n1 ] pend=27 [2020_14 2020_15 2020_16 2020_17 2020_18 2020_19 2020_20 2020_21 2020_23 2020_24 2020_25 2020_26 2020_27 2020_28 2020_29 2020_30 2020_31 2020_32 2020_33 2020_34 2020_35 2020_36 2020_37 2020_38 2020_39 2020_40 2020_41 ] free=[] foreign=[4 5 7] df=717G :: n0:ours n1:ours n2:ours n3:ours n4:FOREIGN(69119,67299,63137,67239,67219,67159,67159,68219) n5:FOREIGN(65497,63313,63117,63375,63333,63395,63355,64897) n6:ours n7:FOREIGN(0,0,2745,2745,4407,4407,9899,1163) 
2026-09-29T22:37:27Z poll run=5 [2020_10@n0 2020_9@n3 2020_8@n6 2020_7@n2 2020_6@n1 ] pend=27 [2020_14 2020_15 2020_16 2020_17 2020_18 2020_19 2020_20 2020_21 2020_23 2020_24 2020_25 2020_26 2020_27 2020_28 2020_29 2020_30 2020_31 2020_32 2020_33 2020_34 2020_35 2020_36 2020_37 2020_38 2020_39 2020_40 2020_41 ] free=[] foreign=[4 5 7] df=691G :: n0:ours n1:ours n2:ours n3:ours n4:FOREIGN(69139,67279,63137,67219,67179,67299,67159,68239) n5:FOREIGN(65497,63313,63117,63375,63333,63395,63355,64897) n6:ours n7:FOREIGN(0,0,2745,2745,4407,4407,9899,1163) 
2026-09-29T22:42:32Z poll run=5 [2020_10@n0 2020_9@n3 2020_8@n6 2020_7@n2 2020_6@n1 ] pend=27 [2020_14 2020_15 2020_16 2020_17 2020_18 2020_19 2020_20 2020_21 2020_23 2020_24 2020_25 2020_26 2020_27 2020_28 2020_29 2020_30 2020_31 2020_32 2020_33 2020_34 2020_35 2020_36 2020_37 2020_38 2020_39 2020_40 2020_41 ] free=[] foreign=[4 5 7] df=680G :: n0:ours n1:ours n2:ours n3:ours n4:FOREIGN(64937,62903,62901,62903,62903,62903,62903,64443) n5:FOREIGN(65497,63313,63117,63375,63333,63395,63355,64897) n6:ours n7:FOREIGN(0,0,2745,2745,4407,4407,9899,1163) 
2026-09-29T22:47:37Z poll run=5 [2020_10@n0 2020_9@n3 2020_8@n6 2020_7@n2 2020_6@n1 ] pend=27 [2020_14 2020_15 2020_16 2020_17 2020_18 2020_19 2020_20 2020_21 2020_23 2020_24 2020_25 2020_26 2020_27 2020_28 2020_29 2020_30 2020_31 2020_32 2020_33 2020_34 2020_35 2020_36 2020_37 2020_38 2020_39 2020_40 2020_41 ] free=[] foreign=[4 5 7] df=664G :: n0:ours n1:ours n2:ours n3:ours n4:FOREIGN(67559,65299,63137,65259,65299,65279,65279,66979) n5:FOREIGN(65497,63313,63117,63375,63333,63395,63355,64897) n6:ours n7:FOREIGN(0,0,2745,2745,4407,4407,9899,1163) 
2026-09-29T22:52:41Z poll run=5 [2020_10@n0 2020_9@n3 2020_8@n6 2020_7@n2 2020_6@n1 ] pend=27 [2020_14 2020_15 2020_16 2020_17 2020_18 2020_19 2020_20 2020_21 2020_23 2020_24 2020_25 2020_26 2020_27 2020_28 2020_29 2020_30 2020_31 2020_32 2020_33 2020_34 2020_35 2020_36 2020_37 2020_38 2020_39 2020_40 2020_41 ] free=[] foreign=[4 5 7] df=695G :: n0:ours n1:ours n2:ours n3:ours n4:FOREIGN(67579,65279,63157,65299,65259,65319,65279,66919) n5:FOREIGN(65497,63313,63117,63375,63333,63395,63355,64897) n6:ours n7:FOREIGN(0,0,2745,2745,4407,4407,9899,1163) 
2026-09-29T22:57:46Z poll run=5 [2020_10@n0 2020_9@n3 2020_8@n6 2020_7@n2 2020_6@n1 ] pend=27 [2020_14 2020_15 2020_16 2020_17 2020_18 2020_19 2020_20 2020_21 2020_23 2020_24 2020_25 2020_26 2020_27 2020_28 2020_29 2020_30 2020_31 2020_32 2020_33 2020_34 2020_35 2020_36 2020_37 2020_38 2020_39 2020_40 2020_41 ] free=[] foreign=[4 5 7] df=707G :: n0:ours n1:ours n2:ours n3:ours n4:FOREIGN(67799,65279,63157,65299,65279,65299,65299,66959) n5:FOREIGN(65497,63313,63117,63375,63333,63395,63355,64897) n6:ours n7:FOREIGN(0,0,2745,2745,4407,4407,9899,1163) 
2026-09-29T23:02:52Z poll run=5 [2020_10@n0 2020_9@n3 2020_8@n6 2020_7@n2 2020_6@n1 ] pend=27 [2020_14 2020_15 2020_16 2020_17 2020_18 2020_19 2020_20 2020_21 2020_23 2020_24 2020_25 2020_26 2020_27 2020_28 2020_29 2020_30 2020_31 2020_32 2020_33 2020_34 2020_35 2020_36 2020_37 2020_38 2020_39 2020_40 2020_41 ] free=[] foreign=[4 5 7] df=685G :: n0:ours n1:ours n2:ours n3:ours n4:FOREIGN(67559,65299,63137,65259,65299,65279,65279,66979) n5:FOREIGN(65497,63313,63117,63375,63333,63395,63355,64897) n6:ours n7:FOREIGN(0,0,2745,2745,4407,4407,9899,1163) 
2026-09-29T23:07:57Z poll run=5 [2020_10@n0 2020_9@n3 2020_8@n6 2020_7@n2 2020_6@n1 ] pend=27 [2020_14 2020_15 2020_16 2020_17 2020_18 2020_19 2020_20 2020_21 2020_23 2020_24 2020_25 2020_26 2020_27 2020_28 2020_29 2020_30 2020_31 2020_32 2020_33 2020_34 2020_35 2020_36 2020_37 2020_38 2020_39 2020_40 2020_41 ] free=[] foreign=[4 5 7] df=675G :: n0:ours n1:ours n2:ours n3:ours n4:FOREIGN(67601,65319,63137,65319,65319,65319,65319,66919) n5:FOREIGN(65497,63313,63117,63375,63333,63395,63355,64897) n6:ours n7:FOREIGN(0,0,2745,2745,4407,4407,9899,1163) 
2026-09-29T23:13:01Z poll run=5 [2020_10@n0 2020_9@n3 2020_8@n6 2020_7@n2 2020_6@n1 ] pend=27 [2020_14 2020_15 2020_16 2020_17 2020_18 2020_19 2020_20 2020_21 2020_23 2020_24 2020_25 2020_26 2020_27 2020_28 2020_29 2020_30 2020_31 2020_32 2020_33 2020_34 2020_35 2020_36 2020_37 2020_38 2020_39 2020_40 2020_41 ] free=[] foreign=[4 5 7] df=697G :: n0:ours n1:ours n2:ours n3:ours n4:FOREIGN(67581,65299,63157,65259,65259,65299,65279,66979) n5:FOREIGN(65497,63313,63117,63375,63333,63395,63355,64897) n6:ours n7:FOREIGN(0,0,2745,2745,4407,4407,9899,1163) 
2026-09-29T23:18:07Z poll run=5 [2020_10@n0 2020_9@n3 2020_8@n6 2020_7@n2 2020_6@n1 ] pend=27 [2020_14 2020_15 2020_16 2020_17 2020_18 2020_19 2020_20 2020_21 2020_23 2020_24 2020_25 2020_26 2020_27 2020_28 2020_29 2020_30 2020_31 2020_32 2020_33 2020_34 2020_35 2020_36 2020_37 2020_38 2020_39 2020_40 2020_41 ] free=[] foreign=[4 5 7] df=672G :: n0:ours n1:ours n2:ours n3:ours n4:FOREIGN(66461,64079,63137,64079,64079,64079,64079,65639) n5:FOREIGN(65497,63313,63117,63375,63333,63395,63355,64897) n6:ours n7:FOREIGN(0,0,2745,2745,4407,4407,9899,1163) 
2026-09-29T23:23:11Z poll run=5 [2020_10@n0 2020_9@n3 2020_8@n6 2020_7@n2 2020_6@n1 ] pend=27 [2020_14 2020_15 2020_16 2020_17 2020_18 2020_19 2020_20 2020_21 2020_23 2020_24 2020_25 2020_26 2020_27 2020_28 2020_29 2020_30 2020_31 2020_32 2020_33 2020_34 2020_35 2020_36 2020_37 2020_38 2020_39 2020_40 2020_41 ] free=[] foreign=[4 5 7] df=711G :: n0:ours n1:ours n2:ours n3:ours n4:FOREIGN(69101,67199,63137,67239,67219,67159,67159,68219) n5:FOREIGN(65497,63313,63117,63375,63333,63395,63355,64897) n6:ours n7:FOREIGN(0,0,2745,2745,4407,4407,9899,1163) 
2026-09-29T23:28:17Z poll run=5 [2020_10@n0 2020_9@n3 2020_8@n6 2020_7@n2 2020_6@n1 ] pend=27 [2020_14 2020_15 2020_16 2020_17 2020_18 2020_19 2020_20 2020_21 2020_23 2020_24 2020_25 2020_26 2020_27 2020_28 2020_29 2020_30 2020_31 2020_32 2020_33 2020_34 2020_35 2020_36 2020_37 2020_38 2020_39 2020_40 2020_41 ] free=[] foreign=[4 5 7] df=700G :: n0:ours n1:ours n2:ours n3:ours n4:FOREIGN(69121,67299,63137,67239,67219,67159,67159,68219) n5:FOREIGN(65497,63313,63117,63375,63333,63395,63355,64897) n6:ours n7:FOREIGN(0,0,2745,2745,4407,4407,9899,1163) 
2026-09-29T23:33:22Z poll run=5 [2020_10@n0 2020_9@n3 2020_8@n6 2020_7@n2 2020_6@n1 ] pend=27 [2020_14 2020_15 2020_16 2020_17 2020_18 2020_19 2020_20 2020_21 2020_23 2020_24 2020_25 2020_26 2020_27 2020_28 2020_29 2020_30 2020_31 2020_32 2020_33 2020_34 2020_35 2020_36 2020_37 2020_38 2020_39 2020_40 2020_41 ] free=[] foreign=[4 5 7] df=693G :: n0:ours n1:ours n2:ours n3:ours n4:FOREIGN(69101,67299,63157,67159,67219,67159,67199,68199) n5:FOREIGN(65497,63313,63117,63375,63333,63395,63355,64897) n6:ours n7:FOREIGN(0,0,2745,2745,4407,4407,9899,1163) 
2026-09-29T23:38:27Z poll run=5 [2020_10@n0 2020_9@n3 2020_8@n6 2020_7@n2 2020_6@n1 ] pend=27 [2020_14 2020_15 2020_16 2020_17 2020_18 2020_19 2020_20 2020_21 2020_23 2020_24 2020_25 2020_26 2020_27 2020_28 2020_29 2020_30 2020_31 2020_32 2020_33 2020_34 2020_35 2020_36 2020_37 2020_38 2020_39 2020_40 2020_41 ] free=[] foreign=[4 5 7] df=707G :: n0:ours n1:ours n2:ours n3:ours n4:FOREIGN(67561,65299,63137,65259,65159,65159,65199,66959) n5:FOREIGN(65497,63313,63117,63375,63333,63395,63355,64897) n6:ours n7:FOREIGN(0,0,2745,2745,4407,4407,9899,1163) 
2026-09-29T23:43:37Z poll run=5 [2020_10@n0 2020_9@n3 2020_8@n6 2020_7@n2 2020_6@n1 ] pend=27 [2020_14 2020_15 2020_16 2020_17 2020_18 2020_19 2020_20 2020_21 2020_23 2020_24 2020_25 2020_26 2020_27 2020_28 2020_29 2020_30 2020_31 2020_32 2020_33 2020_34 2020_35 2020_36 2020_37 2020_38 2020_39 2020_40 2020_41 ] free=[] foreign=[4 5 7] df=711G :: n0:ours n1:ours n2:ours n3:ours n4:FOREIGN(67561,65259,63157,65279,65239,65259,65259,66919) n5:FOREIGN(65497,63313,63117,63375,63333,63395,63355,64897) n6:ours n7:FOREIGN(0,0,2745,2745,4407,4407,9899,1163) 
2026-09-29T23:48:42Z poll run=5 [2020_10@n0 2020_9@n3 2020_8@n6 2020_7@n2 2020_6@n1 ] pend=27 [2020_14 2020_15 2020_16 2020_17 2020_18 2020_19 2020_20 2020_21 2020_23 2020_24 2020_25 2020_26 2020_27 2020_28 2020_29 2020_30 2020_31 2020_32 2020_33 2020_34 2020_35 2020_36 2020_37 2020_38 2020_39 2020_40 2020_41 ] free=[] foreign=[4 5 7] df=702G :: n0:ours n1:ours n2:ours n3:ours n4:FOREIGN(67601,65319,63137,65319,65319,65319,65319,66919) n5:FOREIGN(65497,63313,63117,63375,63333,63395,63355,64897) n6:ours n7:FOREIGN(0,0,2745,2745,4407,4407,9899,1163) 
2026-09-29T23:53:48Z poll run=5 [2020_10@n0 2020_9@n3 2020_8@n6 2020_7@n2 2020_6@n1 ] pend=27 [2020_14 2020_15 2020_16 2020_17 2020_18 2020_19 2020_20 2020_21 2020_23 2020_24 2020_25 2020_26 2020_27 2020_28 2020_29 2020_30 2020_31 2020_32 2020_33 2020_34 2020_35 2020_36 2020_37 2020_38 2020_39 2020_40 2020_41 ] free=[] foreign=[4 5 7] df=697G :: n0:ours n1:ours n2:ours n3:ours n4:FOREIGN(80391,80391,80391,80391,80391,80391,80391,29131) n5:FOREIGN(65497,63313,63117,63375,63333,63395,63355,64897) n6:ours n7:FOREIGN(0,0,2745,2745,4407,4407,9899,1163) 
2026-09-29T23:58:53Z poll run=5 [2020_10@n0 2020_9@n3 2020_8@n6 2020_7@n2 2020_6@n1 ] pend=27 [2020_14 2020_15 2020_16 2020_17 2020_18 2020_19 2020_20 2020_21 2020_23 2020_24 2020_25 2020_26 2020_27 2020_28 2020_29 2020_30 2020_31 2020_32 2020_33 2020_34 2020_35 2020_36 2020_37 2020_38 2020_39 2020_40 2020_41 ] free=[] foreign=[4 5 7] df=681G :: n0:ours n1:ours n2:ours n3:ours n4:FOREIGN(72455,68399,65045,68401,68359,68339,68341,69239) n5:FOREIGN(65497,63313,63117,63375,63333,63395,63355,64897) n6:ours n7:FOREIGN(0,0,2745,2745,4407,4407,9899,1163) 
2026-09-30T00:03:58Z poll run=5 [2020_10@n0 2020_9@n3 2020_8@n6 2020_7@n2 2020_6@n1 ] pend=27 [2020_14 2020_15 2020_16 2020_17 2020_18 2020_19 2020_20 2020_21 2020_23 2020_24 2020_25 2020_26 2020_27 2020_28 2020_29 2020_30 2020_31 2020_32 2020_33 2020_34 2020_35 2020_36 2020_37 2020_38 2020_39 2020_40 2020_41 ] free=[] foreign=[4 5 7] df=680G :: n0:ours n1:ours n2:ours n3:ours n4:FOREIGN(71211,66249,64985,66271,66291,66271,66191,68351) n5:FOREIGN(65497,63313,63117,63375,63333,63395,63355,64897) n6:ours n7:FOREIGN(0,0,2745,2745,4407,4407,9899,1163) 
2026-09-30T00:09:02Z poll run=5 [2020_10@n0 2020_9@n3 2020_8@n6 2020_7@n2 2020_6@n1 ] pend=27 [2020_14 2020_15 2020_16 2020_17 2020_18 2020_19 2020_20 2020_21 2020_23 2020_24 2020_25 2020_26 2020_27 2020_28 2020_29 2020_30 2020_31 2020_32 2020_33 2020_34 2020_35 2020_36 2020_37 2020_38 2020_39 2020_40 2020_41 ] free=[] foreign=[4 5 7] df=676G :: n0:ours n1:ours n2:ours n3:ours n4:FOREIGN(64949,62909,62901,62911,62909,62911,62909,64451) n5:FOREIGN(65497,63313,63117,63375,63333,63395,63355,64897) n6:ours n7:FOREIGN(0,0,2745,2745,4407,4407,9899,1163) 
2026-09-30T00:14:08Z poll run=5 [2020_10@n0 2020_9@n3 2020_8@n6 2020_7@n2 2020_6@n1 ] pend=27 [2020_14 2020_15 2020_16 2020_17 2020_18 2020_19 2020_20 2020_21 2020_23 2020_24 2020_25 2020_26 2020_27 2020_28 2020_29 2020_30 2020_31 2020_32 2020_33 2020_34 2020_35 2020_36 2020_37 2020_38 2020_39 2020_40 2020_41 ] free=[] foreign=[4 5 7] df=680G :: n0:ours n1:ours n2:ours n3:ours n4:FOREIGN(64951,62911,62901,62911,62909,62911,62909,64449) n5:FOREIGN(65497,63313,63117,63375,63333,63395,63355,64897) n6:ours n7:FOREIGN(0,0,2745,2745,4407,4407,9899,1163) 
2026-09-30T00:19:13Z poll run=5 [2020_10@n0 2020_9@n3 2020_8@n6 2020_7@n2 2020_6@n1 ] pend=27 [2020_14 2020_15 2020_16 2020_17 2020_18 2020_19 2020_20 2020_21 2020_23 2020_24 2020_25 2020_26 2020_27 2020_28 2020_29 2020_30 2020_31 2020_32 2020_33 2020_34 2020_35 2020_36 2020_37 2020_38 2020_39 2020_40 2020_41 ] free=[] foreign=[4 5 7] df=691G :: n0:ours n1:ours n2:ours n3:ours n4:FOREIGN(64949,62911,62901,62909,62909,62911,62911,64451) n5:FOREIGN(65497,63313,63117,63375,63333,63395,63355,64897) n6:ours n7:FOREIGN(0,0,2745,2745,4407,4407,9899,1163) 
2026-09-30T00:24:18Z poll run=5 [2020_10@n0 2020_9@n3 2020_8@n6 2020_7@n2 2020_6@n1 ] pend=27 [2020_14 2020_15 2020_16 2020_17 2020_18 2020_19 2020_20 2020_21 2020_23 2020_24 2020_25 2020_26 2020_27 2020_28 2020_29 2020_30 2020_31 2020_32 2020_33 2020_34 2020_35 2020_36 2020_37 2020_38 2020_39 2020_40 2020_41 ] free=[] foreign=[4 5 7] df=709G :: n0:ours n1:ours n2:ours n3:ours n4:FOREIGN(72259,68399,65067,68401,68361,68341,68343,69721) n5:FOREIGN(65497,63313,63117,63375,63333,63395,63355,64897) n6:ours n7:FOREIGN(0,0,2745,2745,4407,4407,9899,1163) 
2026-09-30T00:29:23Z poll run=5 [2020_10@n0 2020_9@n3 2020_8@n6 2020_7@n2 2020_6@n1 ] pend=27 [2020_14 2020_15 2020_16 2020_17 2020_18 2020_19 2020_20 2020_21 2020_23 2020_24 2020_25 2020_26 2020_27 2020_28 2020_29 2020_30 2020_31 2020_32 2020_33 2020_34 2020_35 2020_36 2020_37 2020_38 2020_39 2020_40 2020_41 ] free=[] foreign=[4 5 7] df=713G :: n0:ours n1:ours n2:ours n3:ours n4:FOREIGN(71209,67351,65005,67353,67311,67291,67291,68351) n5:FOREIGN(65497,63313,63117,63375,63333,63395,63355,64897) n6:ours n7:FOREIGN(0,0,2745,2745,4407,4407,9899,1163) 
2026-09-30T00:34:28Z poll run=5 [2020_10@n0 2020_9@n3 2020_8@n6 2020_7@n2 2020_6@n1 ] pend=27 [2020_14 2020_15 2020_16 2020_17 2020_18 2020_19 2020_20 2020_21 2020_23 2020_24 2020_25 2020_26 2020_27 2020_28 2020_29 2020_30 2020_31 2020_32 2020_33 2020_34 2020_35 2020_36 2020_37 2020_38 2020_39 2020_40 2020_41 ] free=[] foreign=[4 5 7] df=712G :: n0:ours n1:ours n2:ours n3:ours n4:FOREIGN(64953,62909,62901,62911,62911,62911,62911,64451) n5:FOREIGN(65497,63313,63117,63375,63333,63395,63355,64897) n6:ours n7:FOREIGN(0,0,2745,2745,4407,4407,9899,1163) 
2026-09-30T00:39:33Z poll run=5 [2020_10@n0 2020_9@n3 2020_8@n6 2020_7@n2 2020_6@n1 ] pend=27 [2020_14 2020_15 2020_16 2020_17 2020_18 2020_19 2020_20 2020_21 2020_23 2020_24 2020_25 2020_26 2020_27 2020_28 2020_29 2020_30 2020_31 2020_32 2020_33 2020_34 2020_35 2020_36 2020_37 2020_38 2020_39 2020_40 2020_41 ] free=[] foreign=[4 5 7] df=698G :: n0:ours n1:ours n2:ours n3:ours n4:FOREIGN(64949,62911,62901,62909,62913,62909,62913,64451) n5:FOREIGN(65497,63313,63117,63375,63333,63395,63355,64897) n6:ours n7:FOREIGN(0,0,2745,2745,4407,4407,9899,1163) 
2026-09-30T00:44:36Z compare case 6 e07_h2_20211217
2026-09-30T00:46:18Z compare OK case 6 e07_h2_20211217
2026-09-30T00:46:20Z prune OK case 6 e07_h2_20211217 df 666G->666G
2026-09-30T00:46:22Z poll run=5 [2020_14@n1 2020_10@n0 2020_9@n3 2020_8@n6 2020_7@n2 ] pend=26 [2020_15 2020_16 2020_17 2020_18 2020_19 2020_20 2020_21 2020_23 2020_24 2020_25 2020_26 2020_27 2020_28 2020_29 2020_30 2020_31 2020_32 2020_33 2020_34 2020_35 2020_36 2020_37 2020_38 2020_39 2020_40 2020_41 ] free=[] foreign=[4 5 7] df=665G :: n0:ours n1:ours n2:ours n3:ours n4:FOREIGN(64947,62911,62901,62909,62911,62909,62911,64449) n5:FOREIGN(65497,63313,63117,63375,63333,63395,63355,64897) n6:ours n7:FOREIGN(0,0,2745,2745,4407,4407,9899,1163) 
2026-09-30T00:51:27Z poll run=5 [2020_14@n1 2020_10@n0 2020_9@n3 2020_8@n6 2020_7@n2 ] pend=26 [2020_15 2020_16 2020_17 2020_18 2020_19 2020_20 2020_21 2020_23 2020_24 2020_25 2020_26 2020_27 2020_28 2020_29 2020_30 2020_31 2020_32 2020_33 2020_34 2020_35 2020_36 2020_37 2020_38 2020_39 2020_40 2020_41 ] free=[] foreign=[4 5 7] df=692G :: n0:ours n1:ours n2:ours n3:ours n4:FOREIGN(64949,62911,62901,62909,62911,62911,62913,64449) n5:FOREIGN(65497,63313,63117,63375,63333,63395,63355,64897) n6:ours n7:FOREIGN(0,0,2745,2745,4407,4407,9899,1163) 
2026-09-30T00:56:34Z poll run=5 [2020_14@n1 2020_10@n0 2020_9@n3 2020_8@n6 2020_7@n2 ] pend=26 [2020_15 2020_16 2020_17 2020_18 2020_19 2020_20 2020_21 2020_23 2020_24 2020_25 2020_26 2020_27 2020_28 2020_29 2020_30 2020_31 2020_32 2020_33 2020_34 2020_35 2020_36 2020_37 2020_38 2020_39 2020_40 2020_41 ] free=[] foreign=[4 5 7] df=678G :: n0:ours n1:ours n2:ours n3:ours n4:FOREIGN(64949,62911,62901,62911,62909,62911,62911,64451) n5:FOREIGN(65497,63313,63117,63375,63333,63395,63355,64897) n6:ours n7:FOREIGN(0,0,2747,2745,4407,4407,9899,1163) 
2026-09-30T01:01:39Z poll run=5 [2020_14@n1 2020_10@n0 2020_9@n3 2020_8@n6 2020_7@n2 ] pend=26 [2020_15 2020_16 2020_17 2020_18 2020_19 2020_20 2020_21 2020_23 2020_24 2020_25 2020_26 2020_27 2020_28 2020_29 2020_30 2020_31 2020_32 2020_33 2020_34 2020_35 2020_36 2020_37 2020_38 2020_39 2020_40 2020_41 ] free=[] foreign=[4 5 7] df=669G :: n0:ours n1:ours n2:ours n3:ours n4:FOREIGN(64949,62911,62901,62911,62909,62909,62909,64449) n5:FOREIGN(65497,63313,63117,63375,63333,63395,63355,64897) n6:ours n7:FOREIGN(0,0,2747,2745,4407,4407,9899,1163) 
2026-09-30T01:06:43Z compare case 7 e08_h2_20211229
2026-09-30T01:08:36Z compare OK case 7 e08_h2_20211229
2026-09-30T01:08:38Z prune OK case 7 e08_h2_20211229 df 689G->689G
2026-09-30T01:08:40Z poll run=5 [2020_15@n2 2020_14@n1 2020_10@n0 2020_9@n3 2020_8@n6 ] pend=25 [2020_16 2020_17 2020_18 2020_19 2020_20 2020_21 2020_23 2020_24 2020_25 2020_26 2020_27 2020_28 2020_29 2020_30 2020_31 2020_32 2020_33 2020_34 2020_35 2020_36 2020_37 2020_38 2020_39 2020_40 2020_41 ] free=[] foreign=[4 5 7] df=689G :: n0:ours n1:ours n2:ours n3:ours n4:FOREIGN(80507,80495,80495,80495,80491,80391,80391,80391) n5:FOREIGN(65497,63313,63117,63375,63333,63395,63355,64897) n6:ours n7:FOREIGN(0,0,2747,2745,4407,4407,9899,1163) 
2026-09-30T01:13:45Z poll run=5 [2020_15@n2 2020_14@n1 2020_10@n0 2020_9@n3 2020_8@n6 ] pend=25 [2020_16 2020_17 2020_18 2020_19 2020_20 2020_21 2020_23 2020_24 2020_25 2020_26 2020_27 2020_28 2020_29 2020_30 2020_31 2020_32 2020_33 2020_34 2020_35 2020_36 2020_37 2020_38 2020_39 2020_40 2020_41 ] free=[] foreign=[4 5 7] df=747G :: n0:ours n1:ours n2:ours n3:ours n4:FOREIGN(64947,62907,62901,62909,62907,62907,62907,64449) n5:FOREIGN(65497,63313,63117,63375,63333,63395,63355,64897) n6:ours n7:FOREIGN(0,0,2747,2747,4407,4407,9899,1163) 
2026-09-30T01:18:50Z poll run=5 [2020_15@n2 2020_14@n1 2020_10@n0 2020_9@n3 2020_8@n6 ] pend=25 [2020_16 2020_17 2020_18 2020_19 2020_20 2020_21 2020_23 2020_24 2020_25 2020_26 2020_27 2020_28 2020_29 2020_30 2020_31 2020_32 2020_33 2020_34 2020_35 2020_36 2020_37 2020_38 2020_39 2020_40 2020_41 ] free=[] foreign=[4 5 7] df=732G :: n0:ours n1:ours n2:ours n3:ours n4:FOREIGN(64947,62907,62901,62909,62909,62907,62907,64449) n5:FOREIGN(65497,63313,63117,63375,63333,63395,63355,64897) n6:ours n7:FOREIGN(0,0,2747,2747,4407,4407,9899,1163) 
2026-09-30T01:23:55Z poll run=5 [2020_15@n2 2020_14@n1 2020_10@n0 2020_9@n3 2020_8@n6 ] pend=25 [2020_16 2020_17 2020_18 2020_19 2020_20 2020_21 2020_23 2020_24 2020_25 2020_26 2020_27 2020_28 2020_29 2020_30 2020_31 2020_32 2020_33 2020_34 2020_35 2020_36 2020_37 2020_38 2020_39 2020_40 2020_41 ] free=[] foreign=[4 5 7] df=702G :: n0:ours n1:ours n2:ours n3:ours n4:FOREIGN(70931,67351,65045,67351,67311,67291,67291,68853) n5:FOREIGN(65497,63313,63117,63375,63333,63395,63355,64897) n6:ours n7:FOREIGN(0,0,2747,2747,4407,4407,9901,1163) 
2026-09-30T01:29:01Z poll run=5 [2020_15@n2 2020_14@n1 2020_10@n0 2020_9@n3 2020_8@n6 ] pend=25 [2020_16 2020_17 2020_18 2020_19 2020_20 2020_21 2020_23 2020_24 2020_25 2020_26 2020_27 2020_28 2020_29 2020_30 2020_31 2020_32 2020_33 2020_34 2020_35 2020_36 2020_37 2020_38 2020_39 2020_40 2020_41 ] free=[] foreign=[4 5 7] df=680G :: n0:ours n1:ours n2:ours n3:ours n4:FOREIGN(71131,67351,65005,67353,67311,67291,67291,68851) n5:FOREIGN(65497,63313,63117,63375,63333,63395,63355,64897) n6:ours n7:FOREIGN(0,0,2747,2747,4407,4407,9901,1163) 
2026-09-30T01:34:08Z poll run=5 [2020_15@n2 2020_14@n1 2020_10@n0 2020_9@n3 2020_8@n6 ] pend=25 [2020_16 2020_17 2020_18 2020_19 2020_20 2020_21 2020_23 2020_24 2020_25 2020_26 2020_27 2020_28 2020_29 2020_30 2020_31 2020_32 2020_33 2020_34 2020_35 2020_36 2020_37 2020_38 2020_39 2020_40 2020_41 ] free=[] foreign=[4 5 7] df=657G :: n0:ours n1:ours n2:ours n3:ours n4:FOREIGN(69069,62909,62901,62911,62911,62909,62909,64451) n5:FOREIGN(65497,63313,63117,63375,63333,63395,63355,64897) n6:ours n7:FOREIGN(0,0,2747,2747,4407,4407,9901,1163) 
2026-09-30T01:39:14Z poll run=5 [2020_15@n2 2020_14@n1 2020_10@n0 2020_9@n3 2020_8@n6 ] pend=25 [2020_16 2020_17 2020_18 2020_19 2020_20 2020_21 2020_23 2020_24 2020_25 2020_26 2020_27 2020_28 2020_29 2020_30 2020_31 2020_32 2020_33 2020_34 2020_35 2020_36 2020_37 2020_38 2020_39 2020_40 2020_41 ] free=[] foreign=[4 5 7] df=650G :: n0:ours n1:ours n2:ours n3:ours n4:FOREIGN(64949,62909,62903,62909,62909,62907,62909,64449) n5:FOREIGN(65497,63313,63117,63375,63333,63395,63355,64897) n6:ours n7:FOREIGN(0,0,2747,2747,4407,4407,9901,1163) 
2026-09-30T01:44:19Z poll run=5 [2020_15@n2 2020_14@n1 2020_10@n0 2020_9@n3 2020_8@n6 ] pend=25 [2020_16 2020_17 2020_18 2020_19 2020_20 2020_21 2020_23 2020_24 2020_25 2020_26 2020_27 2020_28 2020_29 2020_30 2020_31 2020_32 2020_33 2020_34 2020_35 2020_36 2020_37 2020_38 2020_39 2020_40 2020_41 ] free=[] foreign=[4 5 7] df=643G :: n0:ours n1:ours n2:ours n3:ours n4:FOREIGN(70209,66331,65005,66331,67311,67291,67291,68353) n5:FOREIGN(65497,63313,63117,63375,63333,63395,63355,64897) n6:ours n7:FOREIGN(0,0,2747,2747,4407,4407,9901,1163) 
2026-09-30T01:49:24Z compare case 8 e09_c2_20220228
2026-09-30T01:51:13Z compare OK case 8 e09_c2_20220228
2026-09-30T01:51:15Z prune OK case 8 e09_c2_20220228 df 643G->643G
2026-09-30T01:51:16Z poll run=5 [2020_16@n6 2020_15@n2 2020_14@n1 2020_10@n0 2020_9@n3 ] pend=24 [2020_17 2020_18 2020_19 2020_20 2020_21 2020_23 2020_24 2020_25 2020_26 2020_27 2020_28 2020_29 2020_30 2020_31 2020_32 2020_33 2020_34 2020_35 2020_36 2020_37 2020_38 2020_39 2020_40 2020_41 ] free=[] foreign=[4 5 7] df=643G :: n0:ours n1:ours n2:ours n3:ours n4:FOREIGN(80509,80495,80495,80495,80495,80495,80495,80495) n5:FOREIGN(65497,63313,63117,63375,63333,63395,63355,64897) n6:ours n7:FOREIGN(0,0,2747,2747,4407,4407,9901,1163) 
2026-09-30T01:56:22Z poll run=5 [2020_16@n6 2020_15@n2 2020_14@n1 2020_10@n0 2020_9@n3 ] pend=24 [2020_17 2020_18 2020_19 2020_20 2020_21 2020_23 2020_24 2020_25 2020_26 2020_27 2020_28 2020_29 2020_30 2020_31 2020_32 2020_33 2020_34 2020_35 2020_36 2020_37 2020_38 2020_39 2020_40 2020_41 ] free=[] foreign=[4 5 7] df=696G :: n0:ours n1:ours n2:ours n3:ours n4:FOREIGN(69109,63289,62901,62907,62907,62907,62907,64447) n5:FOREIGN(65497,63313,63117,63375,63333,63395,63355,64897) n6:ours n7:FOREIGN(0,0,2747,2747,4407,4407,9901,1163) 
2026-09-30T02:01:27Z poll run=5 [2020_16@n6 2020_15@n2 2020_14@n1 2020_10@n0 2020_9@n3 ] pend=24 [2020_17 2020_18 2020_19 2020_20 2020_21 2020_23 2020_24 2020_25 2020_26 2020_27 2020_28 2020_29 2020_30 2020_31 2020_32 2020_33 2020_34 2020_35 2020_36 2020_37 2020_38 2020_39 2020_40 2020_41 ] free=[] foreign=[4 5 7] df=710G :: n0:ours n1:ours n2:ours n3:ours n4:FOREIGN(64945,62907,62901,62905,62907,62905,62905,64445) n5:FOREIGN(65497,63313,63117,63375,63333,63395,63355,64897) n6:ours n7:FOREIGN(0,0,2747,2747,4407,4407,9901,1163) 
2026-09-30T02:06:36Z poll run=5 [2020_16@n6 2020_15@n2 2020_14@n1 2020_10@n0 2020_9@n3 ] pend=24 [2020_17 2020_18 2020_19 2020_20 2020_21 2020_23 2020_24 2020_25 2020_26 2020_27 2020_28 2020_29 2020_30 2020_31 2020_32 2020_33 2020_34 2020_35 2020_36 2020_37 2020_38 2020_39 2020_40 2020_41 ] free=[] foreign=[4 5 7] df=688G :: n0:ours n1:ours n2:ours n3:ours n4:FOREIGN(64947,62907,62901,62905,62907,62907,62905,64447) n5:FOREIGN(65497,63313,63117,63375,63333,63395,63355,64897) n6:ours n7:FOREIGN(0,0,2747,2747,4407,4407,9901,1163) 
2026-09-30T02:11:41Z poll run=5 [2020_16@n6 2020_15@n2 2020_14@n1 2020_10@n0 2020_9@n3 ] pend=24 [2020_17 2020_18 2020_19 2020_20 2020_21 2020_23 2020_24 2020_25 2020_26 2020_27 2020_28 2020_29 2020_30 2020_31 2020_32 2020_33 2020_34 2020_35 2020_36 2020_37 2020_38 2020_39 2020_40 2020_41 ] free=[] foreign=[4 5 7] df=677G :: n0:ours n1:ours n2:ours n3:ours n4:FOREIGN(64949,62911,62901,62909,62911,62909,62909,64449) n5:FOREIGN(65497,63313,63117,63375,63333,63395,63355,64897) n6:ours n7:FOREIGN(0,0,2747,2747,4407,4407,9901,1163) 
2026-09-30T02:16:47Z poll run=5 [2020_16@n6 2020_15@n2 2020_14@n1 2020_10@n0 2020_9@n3 ] pend=24 [2020_17 2020_18 2020_19 2020_20 2020_21 2020_23 2020_24 2020_25 2020_26 2020_27 2020_28 2020_29 2020_30 2020_31 2020_32 2020_33 2020_34 2020_35 2020_36 2020_37 2020_38 2020_39 2020_40 2020_41 ] free=[] foreign=[4 5 7] df=667G :: n0:ours n1:ours n2:ours n3:ours n4:FOREIGN(68085,62907,62901,62909,62909,62909,62907,64447) n5:FOREIGN(65497,63313,63117,63375,63333,63395,63355,64897) n6:ours n7:FOREIGN(0,0,2747,2747,4407,4407,9901,1163) 
2026-09-30T02:21:53Z poll run=5 [2020_16@n6 2020_15@n2 2020_14@n1 2020_10@n0 2020_9@n3 ] pend=24 [2020_17 2020_18 2020_19 2020_20 2020_21 2020_23 2020_24 2020_25 2020_26 2020_27 2020_28 2020_29 2020_30 2020_31 2020_32 2020_33 2020_34 2020_35 2020_36 2020_37 2020_38 2020_39 2020_40 2020_41 ] free=[] foreign=[4 5 7] df=634G :: n0:ours n1:ours n2:ours n3:ours n4:FOREIGN(64943,62903,62901,62903,62905,62903,62903,64443) n5:FOREIGN(65497,63313,63117,63375,63333,63395,63355,64897) n6:ours n7:FOREIGN(0,0,2747,2747,4407,4407,9901,1163) 
2026-09-30T02:26:57Z compare case 10 e11_h2_20220321
2026-09-30T02:28:46Z compare OK case 10 e11_h2_20220321
2026-09-30T02:28:48Z prune OK case 10 e11_h2_20220321 df 632G->632G
2026-09-30T02:28:50Z poll run=5 [2020_17@n0 2020_16@n6 2020_15@n2 2020_14@n1 2020_9@n3 ] pend=23 [2020_18 2020_19 2020_20 2020_21 2020_23 2020_24 2020_25 2020_26 2020_27 2020_28 2020_29 2020_30 2020_31 2020_32 2020_33 2020_34 2020_35 2020_36 2020_37 2020_38 2020_39 2020_40 2020_41 ] free=[] foreign=[4 5 7] df=632G :: n0:ours n1:ours n2:ours n3:ours n4:FOREIGN(64945,62907,62901,62907,62907,62907,62907,64447) n5:FOREIGN(65497,63313,63117,63375,63333,63395,63355,64897) n6:ours n7:FOREIGN(0,0,2747,2747,4407,4407,9901,1163) 
2026-09-30T02:33:54Z compare case 9 e10_c2_20220314
2026-09-30T02:35:43Z compare OK case 9 e10_c2_20220314
2026-09-30T02:35:45Z prune OK case 9 e10_c2_20220314 df 661G->661G
2026-09-30T02:35:47Z poll run=5 [2020_18@n3 2020_17@n0 2020_16@n6 2020_15@n2 2020_14@n1 ] pend=22 [2020_19 2020_20 2020_21 2020_23 2020_24 2020_25 2020_26 2020_27 2020_28 2020_29 2020_30 2020_31 2020_32 2020_33 2020_34 2020_35 2020_36 2020_37 2020_38 2020_39 2020_40 2020_41 ] free=[] foreign=[4 5 7] df=661G :: n0:ours n1:ours n2:ours n3:ours n4:FOREIGN(79537,75801,75801,75941,75801,75801,75801,79043) n5:FOREIGN(65497,63313,63117,63375,63333,63395,63355,64897) n6:ours n7:FOREIGN(0,0,2747,2747,4407,4407,9901,1163) 
2026-09-30T02:40:55Z poll run=5 [2020_18@n3 2020_17@n0 2020_16@n6 2020_15@n2 2020_14@n1 ] pend=22 [2020_19 2020_20 2020_21 2020_23 2020_24 2020_25 2020_26 2020_27 2020_28 2020_29 2020_30 2020_31 2020_32 2020_33 2020_34 2020_35 2020_36 2020_37 2020_38 2020_39 2020_40 2020_41 ] free=[] foreign=[4 5 7] df=690G :: n0:ours n1:ours n2:ours n3:ours n4:FOREIGN(80257,75923,75923,76063,75923,75923,75923,79123) n5:FOREIGN(65497,63313,63117,63375,63333,63395,63355,64897) n6:ours n7:FOREIGN(0,0,2747,2747,4407,4407,9901,1163) 
2026-09-30T02:46:01Z poll run=5 [2020_18@n3 2020_17@n0 2020_16@n6 2020_15@n2 2020_14@n1 ] pend=22 [2020_19 2020_20 2020_21 2020_23 2020_24 2020_25 2020_26 2020_27 2020_28 2020_29 2020_30 2020_31 2020_32 2020_33 2020_34 2020_35 2020_36 2020_37 2020_38 2020_39 2020_40 2020_41 ] free=[] foreign=[4 5 7] df=681G :: n0:ours n1:ours n2:ours n3:ours n4:FOREIGN(80577,75923,75923,77083,75923,75923,75923,79143) n5:FOREIGN(65497,63313,63117,63375,63333,63395,63355,64897) n6:ours n7:FOREIGN(0,0,2747,2747,4407,4407,9901,1163) 
2026-09-30T02:51:09Z poll run=5 [2020_18@n3 2020_17@n0 2020_16@n6 2020_15@n2 2020_14@n1 ] pend=22 [2020_19 2020_20 2020_21 2020_23 2020_24 2020_25 2020_26 2020_27 2020_28 2020_29 2020_30 2020_31 2020_32 2020_33 2020_34 2020_35 2020_36 2020_37 2020_38 2020_39 2020_40 2020_41 ] free=[] foreign=[4 5 7] df=691G :: n0:ours n1:ours n2:ours n3:ours n4:FOREIGN(79597,75923,75923,77083,75923,75923,75923,79143) n5:FOREIGN(65497,63313,63117,63375,63333,63395,63355,64897) n6:ours n7:FOREIGN(0,0,2747,2747,4407,4407,9901,1163) 
2026-09-30T02:56:12Z poll run=5 [2020_18@n3 2020_17@n0 2020_16@n6 2020_15@n2 2020_14@n1 ] pend=22 [2020_19 2020_20 2020_21 2020_23 2020_24 2020_25 2020_26 2020_27 2020_28 2020_29 2020_30 2020_31 2020_32 2020_33 2020_34 2020_35 2020_36 2020_37 2020_38 2020_39 2020_40 2020_41 ] free=[] foreign=[4 5 7] df=681G :: n0:ours n1:ours n2:ours n3:ours n4:FOREIGN(77715,75923,75923,77083,75923,75923,75923,79143) n5:FOREIGN(65497,63313,63117,63375,63333,63395,63355,64897) n6:ours n7:FOREIGN(0,0,2747,2747,4407,4407,9901,1163) 
2026-09-30T03:01:18Z poll run=5 [2020_18@n3 2020_17@n0 2020_16@n6 2020_15@n2 2020_14@n1 ] pend=22 [2020_19 2020_20 2020_21 2020_23 2020_24 2020_25 2020_26 2020_27 2020_28 2020_29 2020_30 2020_31 2020_32 2020_33 2020_34 2020_35 2020_36 2020_37 2020_38 2020_39 2020_40 2020_41 ] free=[] foreign=[4 5 7] df=670G :: n0:ours n1:ours n2:ours n3:ours n4:FOREIGN(80117,75923,75923,77083,75923,75923,75923,79143) n5:FOREIGN(65497,63313,63117,63375,63333,63395,63355,64897) n6:ours n7:FOREIGN(0,0,2747,2747,4407,4407,9901,1163) 
2026-09-30T03:06:25Z poll run=5 [2020_18@n3 2020_17@n0 2020_16@n6 2020_15@n2 2020_14@n1 ] pend=22 [2020_19 2020_20 2020_21 2020_23 2020_24 2020_25 2020_26 2020_27 2020_28 2020_29 2020_30 2020_31 2020_32 2020_33 2020_34 2020_35 2020_36 2020_37 2020_38 2020_39 2020_40 2020_41 ] free=[] foreign=[4 5 7] df=654G :: n0:ours n1:ours n2:ours n3:ours n4:FOREIGN(80717,75923,75923,77083,75923,75923,75923,79143) n5:FOREIGN(65497,63313,63117,63375,63333,63395,63355,64897) n6:ours n7:FOREIGN(0,0,2747,2747,4407,4407,9901,1163) 
2026-09-30T03:11:31Z poll run=5 [2020_18@n3 2020_17@n0 2020_16@n6 2020_15@n2 2020_14@n1 ] pend=22 [2020_19 2020_20 2020_21 2020_23 2020_24 2020_25 2020_26 2020_27 2020_28 2020_29 2020_30 2020_31 2020_32 2020_33 2020_34 2020_35 2020_36 2020_37 2020_38 2020_39 2020_40 2020_41 ] free=[] foreign=[4 5 7] df=666G :: n0:ours n1:ours n2:ours n3:ours n4:FOREIGN(80717,75923,75923,77083,75923,75923,75923,79143) n5:FOREIGN(65497,63313,63117,63375,63333,63395,63355,64897) n6:ours n7:FOREIGN(0,0,2747,2747,4407,4407,9901,1163) 
2026-09-30T03:16:37Z poll run=5 [2020_18@n3 2020_17@n0 2020_16@n6 2020_15@n2 2020_14@n1 ] pend=22 [2020_19 2020_20 2020_21 2020_23 2020_24 2020_25 2020_26 2020_27 2020_28 2020_29 2020_30 2020_31 2020_32 2020_33 2020_34 2020_35 2020_36 2020_37 2020_38 2020_39 2020_40 2020_41 ] free=[] foreign=[4 5 7] df=670G :: n0:ours n1:ours n2:ours n3:ours n4:FOREIGN(80717,75923,75923,77083,75923,75923,75923,79143) n5:FOREIGN(65497,63313,63117,63375,63333,63395,63355,64897) n6:ours n7:FOREIGN(0,0,2747,2747,4407,4407,9901,1163) 
2026-09-30T03:21:44Z poll run=5 [2020_18@n3 2020_17@n0 2020_16@n6 2020_15@n2 2020_14@n1 ] pend=22 [2020_19 2020_20 2020_21 2020_23 2020_24 2020_25 2020_26 2020_27 2020_28 2020_29 2020_30 2020_31 2020_32 2020_33 2020_34 2020_35 2020_36 2020_37 2020_38 2020_39 2020_40 2020_41 ] free=[] foreign=[4 5 7] df=654G :: n0:ours n1:ours n2:ours n3:ours n4:FOREIGN(81017,79963,79963,80043,79963,79963,79963,79703) n5:FOREIGN(65497,63313,63117,63375,63333,63395,63355,64897) n6:ours n7:FOREIGN(0,0,2747,2747,4407,4407,9901,1163) 
2026-09-30T03:26:50Z poll run=5 [2020_18@n3 2020_17@n0 2020_16@n6 2020_15@n2 2020_14@n1 ] pend=22 [2020_19 2020_20 2020_21 2020_23 2020_24 2020_25 2020_26 2020_27 2020_28 2020_29 2020_30 2020_31 2020_32 2020_33 2020_34 2020_35 2020_36 2020_37 2020_38 2020_39 2020_40 2020_41 ] free=[] foreign=[4 5 7] df=647G :: n0:ours n1:ours n2:ours n3:ours n4:FOREIGN(79517,79963,79963,80043,79963,79963,79963,79703) n5:FOREIGN(65497,63313,63117,63375,63333,63395,63355,64897) n6:ours n7:FOREIGN(0,0,2747,2747,4407,4407,9901,1163) 
2026-09-30T03:31:55Z poll run=5 [2020_18@n3 2020_17@n0 2020_16@n6 2020_15@n2 2020_14@n1 ] pend=22 [2020_19 2020_20 2020_21 2020_23 2020_24 2020_25 2020_26 2020_27 2020_28 2020_29 2020_30 2020_31 2020_32 2020_33 2020_34 2020_35 2020_36 2020_37 2020_38 2020_39 2020_40 2020_41 ] free=[] foreign=[4 5 7] df=623G :: n0:ours n1:ours n2:ours n3:ours n4:FOREIGN(79517,79963,79963,80043,79963,79963,79963,79703) n5:FOREIGN(65497,63313,63117,63375,63333,63395,63355,64897) n6:ours n7:FOREIGN(0,0,2747,2747,4407,4407,9901,1163) 
2026-09-30T03:37:02Z poll run=5 [2020_18@n3 2020_17@n0 2020_16@n6 2020_15@n2 2020_14@n1 ] pend=22 [2020_19 2020_20 2020_21 2020_23 2020_24 2020_25 2020_26 2020_27 2020_28 2020_29 2020_30 2020_31 2020_32 2020_33 2020_34 2020_35 2020_36 2020_37 2020_38 2020_39 2020_40 2020_41 ] free=[] foreign=[4 5 7] df=632G :: n0:ours n1:ours n2:ours n3:ours n4:FOREIGN(75275,79963,79963,80043,79963,79963,79963,79703) n5:FOREIGN(65497,63313,63117,63375,63333,63395,63355,64897) n6:ours n7:FOREIGN(0,0,2747,2747,4407,4407,9901,1163) 
2026-09-30T03:42:08Z poll run=5 [2020_18@n3 2020_17@n0 2020_16@n6 2020_15@n2 2020_14@n1 ] pend=22 [2020_19 2020_20 2020_21 2020_23 2020_24 2020_25 2020_26 2020_27 2020_28 2020_29 2020_30 2020_31 2020_32 2020_33 2020_34 2020_35 2020_36 2020_37 2020_38 2020_39 2020_40 2020_41 ] free=[] foreign=[4 5 7] df=639G :: n0:ours n1:ours n2:ours n3:ours n4:FOREIGN(80217,79963,79963,80043,79963,79963,79963,79703) n5:FOREIGN(65497,63313,63117,63375,63333,63395,63355,64897) n6:ours n7:FOREIGN(0,0,2747,2747,4407,4407,9901,1163) 
2026-09-30T03:47:14Z poll run=5 [2020_18@n3 2020_17@n0 2020_16@n6 2020_15@n2 2020_14@n1 ] pend=22 [2020_19 2020_20 2020_21 2020_23 2020_24 2020_25 2020_26 2020_27 2020_28 2020_29 2020_30 2020_31 2020_32 2020_33 2020_34 2020_35 2020_36 2020_37 2020_38 2020_39 2020_40 2020_41 ] free=[] foreign=[4 5 7] df=621G :: n0:ours n1:ours n2:ours n3:ours n4:FOREIGN(80217,79963,79963,80043,79963,79963,79963,79703) n5:FOREIGN(65497,63313,63117,63375,63333,63395,63355,64897) n6:ours n7:FOREIGN(0,0,2747,2747,4407,4407,9901,1163) 
2026-09-30T03:52:20Z poll run=5 [2020_18@n3 2020_17@n0 2020_16@n6 2020_15@n2 2020_14@n1 ] pend=22 [2020_19 2020_20 2020_21 2020_23 2020_24 2020_25 2020_26 2020_27 2020_28 2020_29 2020_30 2020_31 2020_32 2020_33 2020_34 2020_35 2020_36 2020_37 2020_38 2020_39 2020_40 2020_41 ] free=[] foreign=[4 5 7] df=635G :: n0:ours n1:ours n2:ours n3:ours n4:FOREIGN(80217,79963,79963,80043,79963,79963,79963,79703) n5:FOREIGN(65497,63313,63117,63375,63333,63395,63355,64897) n6:ours n7:FOREIGN(0,0,2747,2747,4407,4407,9901,1163) 
2026-09-30T03:57:25Z poll run=5 [2020_18@n3 2020_17@n0 2020_16@n6 2020_15@n2 2020_14@n1 ] pend=22 [2020_19 2020_20 2020_21 2020_23 2020_24 2020_25 2020_26 2020_27 2020_28 2020_29 2020_30 2020_31 2020_32 2020_33 2020_34 2020_35 2020_36 2020_37 2020_38 2020_39 2020_40 2020_41 ] free=[] foreign=[4 5 7] df=635G :: n0:ours n1:ours n2:ours n3:ours n4:FOREIGN(80217,79963,79963,80043,79963,79963,79963,79703) n5:FOREIGN(65497,63313,63117,63375,63333,63395,63355,64897) n6:ours n7:FOREIGN(0,0,2747,2747,4407,4407,9901,1163) 
2026-09-30T04:02:32Z poll run=5 [2020_18@n3 2020_17@n0 2020_16@n6 2020_15@n2 2020_14@n1 ] pend=22 [2020_19 2020_20 2020_21 2020_23 2020_24 2020_25 2020_26 2020_27 2020_28 2020_29 2020_30 2020_31 2020_32 2020_33 2020_34 2020_35 2020_36 2020_37 2020_38 2020_39 2020_40 2020_41 ] free=[] foreign=[4 5 7] df=660G :: n0:ours n1:ours n2:ours n3:ours n4:FOREIGN(78977,80003,80003,80103,80003,80003,80003,79743) n5:FOREIGN(65497,63313,63117,63375,63333,63395,63355,64897) n6:ours n7:FOREIGN(0,0,2747,2747,4407,4407,9901,1163) 
2026-09-30T04:07:38Z poll run=5 [2020_18@n3 2020_17@n0 2020_16@n6 2020_15@n2 2020_14@n1 ] pend=22 [2020_19 2020_20 2020_21 2020_23 2020_24 2020_25 2020_26 2020_27 2020_28 2020_29 2020_30 2020_31 2020_32 2020_33 2020_34 2020_35 2020_36 2020_37 2020_38 2020_39 2020_40 2020_41 ] free=[] foreign=[4 5 7] df=682G :: n0:ours n1:ours n2:ours n3:ours n4:FOREIGN(77897,80003,80003,80103,80003,80003,80003,79743) n5:FOREIGN(65497,63313,63117,63375,63333,63395,63355,64897) n6:ours n7:FOREIGN(0,0,2747,2747,4407,4407,9901,1163) 
2026-09-30T04:12:44Z poll run=5 [2020_18@n3 2020_17@n0 2020_16@n6 2020_15@n2 2020_14@n1 ] pend=22 [2020_19 2020_20 2020_21 2020_23 2020_24 2020_25 2020_26 2020_27 2020_28 2020_29 2020_30 2020_31 2020_32 2020_33 2020_34 2020_35 2020_36 2020_37 2020_38 2020_39 2020_40 2020_41 ] free=[] foreign=[4 5 7] df=683G :: n0:ours n1:ours n2:ours n3:ours n4:FOREIGN(79357,80003,80003,80103,80003,80003,80003,79743) n5:FOREIGN(65497,63313,63117,63375,63333,63395,63355,64897) n6:ours n7:FOREIGN(0,0,2747,2747,4407,4407,9901,1163) 
2026-09-30T04:17:50Z poll run=5 [2020_18@n3 2020_17@n0 2020_16@n6 2020_15@n2 2020_14@n1 ] pend=22 [2020_19 2020_20 2020_21 2020_23 2020_24 2020_25 2020_26 2020_27 2020_28 2020_29 2020_30 2020_31 2020_32 2020_33 2020_34 2020_35 2020_36 2020_37 2020_38 2020_39 2020_40 2020_41 ] free=[] foreign=[4 5 7] df=668G :: n0:ours n1:ours n2:ours n3:ours n4:FOREIGN(80197,80003,80003,80103,80003,80003,80003,79743) n5:FOREIGN(65497,63313,63117,63375,63333,63395,63355,64897) n6:ours n7:FOREIGN(0,0,2747,2747,4407,4407,9901,1163) 
2026-09-30T04:23:00Z poll run=5 [2020_18@n3 2020_17@n0 2020_16@n6 2020_15@n2 2020_14@n1 ] pend=22 [2020_19 2020_20 2020_21 2020_23 2020_24 2020_25 2020_26 2020_27 2020_28 2020_29 2020_30 2020_31 2020_32 2020_33 2020_34 2020_35 2020_36 2020_37 2020_38 2020_39 2020_40 2020_41 ] free=[] foreign=[4 5 7] df=638G :: n0:ours n1:ours n2:ours n3:ours n4:FOREIGN(81077,80003,80003,80103,80003,80003,80003,79743) n5:FOREIGN(65497,63313,63117,63375,63333,63395,63355,64897) n6:ours n7:FOREIGN(0,0,2747,2747,4407,4407,9901,1163) 
2026-09-30T04:28:06Z poll run=5 [2020_18@n3 2020_17@n0 2020_16@n6 2020_15@n2 2020_14@n1 ] pend=22 [2020_19 2020_20 2020_21 2020_23 2020_24 2020_25 2020_26 2020_27 2020_28 2020_29 2020_30 2020_31 2020_32 2020_33 2020_34 2020_35 2020_36 2020_37 2020_38 2020_39 2020_40 2020_41 ] free=[] foreign=[4 5 7] df=627G :: n0:ours n1:ours n2:ours n3:ours n4:FOREIGN(75515,80003,80003,80103,80003,80003,80003,79743) n5:FOREIGN(65497,63313,63117,63375,63333,63395,63355,64897) n6:ours n7:FOREIGN(0,0,2747,2747,4407,4407,9901,1163) 
2026-09-30T04:33:13Z poll run=5 [2020_18@n3 2020_17@n0 2020_16@n6 2020_15@n2 2020_14@n1 ] pend=22 [2020_19 2020_20 2020_21 2020_23 2020_24 2020_25 2020_26 2020_27 2020_28 2020_29 2020_30 2020_31 2020_32 2020_33 2020_34 2020_35 2020_36 2020_37 2020_38 2020_39 2020_40 2020_41 ] free=[] foreign=[4 5 7] df=622G :: n0:ours n1:ours n2:ours n3:ours n4:FOREIGN(74595,80003,80003,80103,80003,80003,80003,79743) n5:FOREIGN(65497,63313,63117,63375,63333,63395,63355,64897) n6:ours n7:FOREIGN(0,0,2747,2747,4407,4407,9901,1163) 
2026-09-30T04:38:19Z poll run=5 [2020_18@n3 2020_17@n0 2020_16@n6 2020_15@n2 2020_14@n1 ] pend=22 [2020_19 2020_20 2020_21 2020_23 2020_24 2020_25 2020_26 2020_27 2020_28 2020_29 2020_30 2020_31 2020_32 2020_33 2020_34 2020_35 2020_36 2020_37 2020_38 2020_39 2020_40 2020_41 ] free=[] foreign=[4 5 7] df=626G :: n0:ours n1:ours n2:ours n3:ours n4:FOREIGN(81037,80003,80003,80103,80003,80003,80003,79743) n5:FOREIGN(65497,63313,63117,63375,63333,63395,63355,64897) n6:ours n7:FOREIGN(0,0,2747,2747,4407,4407,9901,1163) 
2026-09-30T04:43:25Z compare case 14 e15_h2_20230118
2026-09-30T04:45:18Z compare OK case 14 e15_h2_20230118
2026-09-30T04:45:21Z prune OK case 14 e15_h2_20230118 df 638G->638G
2026-09-30T04:45:21Z poll run=5 [2020_19@n1 2020_18@n3 2020_17@n0 2020_16@n6 2020_15@n2 ] pend=21 [2020_20 2020_21 2020_23 2020_24 2020_25 2020_26 2020_27 2020_28 2020_29 2020_30 2020_31 2020_32 2020_33 2020_34 2020_35 2020_36 2020_37 2020_38 2020_39 2020_40 2020_41 ] free=[] foreign=[4 5 7] df=638G :: n0:ours n1:ours n2:ours n3:ours n4:FOREIGN(80391,80391,80391,80391,18331,4,4,4) n5:FOREIGN(65497,63313,63117,63375,63333,63395,63355,64897) n6:ours n7:FOREIGN(0,0,2747,2747,4407,4407,9901,1163) 
2026-09-30T04:50:27Z poll run=5 [2020_19@n1 2020_18@n3 2020_17@n0 2020_16@n6 2020_15@n2 ] pend=21 [2020_20 2020_21 2020_23 2020_24 2020_25 2020_26 2020_27 2020_28 2020_29 2020_30 2020_31 2020_32 2020_33 2020_34 2020_35 2020_36 2020_37 2020_38 2020_39 2020_40 2020_41 ] free=[] foreign=[4 5 7] df=684G :: n0:ours n1:ours n2:ours n3:ours n4:FOREIGN(78837,80643,80643,77083,76963,76963,76943,80323) n5:FOREIGN(65497,63313,63117,63375,63333,63395,63355,64897) n6:ours n7:FOREIGN(0,0,2747,2747,4407,4407,9901,1163) 
2026-09-30T04:55:33Z poll run=5 [2020_19@n1 2020_18@n3 2020_17@n0 2020_16@n6 2020_15@n2 ] pend=21 [2020_20 2020_21 2020_23 2020_24 2020_25 2020_26 2020_27 2020_28 2020_29 2020_30 2020_31 2020_32 2020_33 2020_34 2020_35 2020_36 2020_37 2020_38 2020_39 2020_40 2020_41 ] free=[] foreign=[4 5 7] df=676G :: n0:ours n1:ours n2:ours n3:ours n4:FOREIGN(76517,80803,80803,77203,77043,77043,77023,80383) n5:FOREIGN(65497,63313,63117,63375,63333,63395,63355,64897) n6:ours n7:FOREIGN(0,0,2747,2747,4407,4407,9901,1163) 
2026-09-30T05:00:39Z poll run=5 [2020_19@n1 2020_18@n3 2020_17@n0 2020_16@n6 2020_15@n2 ] pend=21 [2020_20 2020_21 2020_23 2020_24 2020_25 2020_26 2020_27 2020_28 2020_29 2020_30 2020_31 2020_32 2020_33 2020_34 2020_35 2020_36 2020_37 2020_38 2020_39 2020_40 2020_41 ] free=[] foreign=[4 5 7] df=675G :: n0:ours n1:ours n2:ours n3:ours n4:FOREIGN(79577,80803,80803,77203,77043,77043,77023,80383) n5:FOREIGN(65497,63313,63117,63375,63333,63395,63355,64897) n6:ours n7:FOREIGN(0,0,2747,2747,4407,4407,9901,1163) 
2026-09-30T05:05:47Z poll run=5 [2020_19@n1 2020_18@n3 2020_17@n0 2020_16@n6 2020_15@n2 ] pend=21 [2020_20 2020_21 2020_23 2020_24 2020_25 2020_26 2020_27 2020_28 2020_29 2020_30 2020_31 2020_32 2020_33 2020_34 2020_35 2020_36 2020_37 2020_38 2020_39 2020_40 2020_41 ] free=[] foreign=[4 5 7] df=652G :: n0:ours n1:ours n2:ours n3:ours n4:FOREIGN(78717,80803,80803,77203,77043,77043,77023,80383) n5:FOREIGN(65497,63313,63117,63375,63333,63395,63355,64897) n6:ours n7:FOREIGN(0,0,2747,2747,4407,4407,9901,1163) 
2026-09-30T05:10:52Z compare case 15 e16_c2_20230205
2026-09-30T05:12:42Z compare OK case 15 e16_c2_20230205
2026-09-30T05:12:45Z prune OK case 15 e16_c2_20230205 df 631G->631G
2026-09-30T05:12:46Z poll run=5 [2020_20@n2 2020_19@n1 2020_18@n3 2020_17@n0 2020_16@n6 ] pend=20 [2020_21 2020_23 2020_24 2020_25 2020_26 2020_27 2020_28 2020_29 2020_30 2020_31 2020_32 2020_33 2020_34 2020_35 2020_36 2020_37 2020_38 2020_39 2020_40 2020_41 ] free=[] foreign=[4 5 7] df=631G :: n0:ours n1:ours n2:ours n3:ours n4:FOREIGN(79217,80803,80803,77563,77043,77043,77023,80383) n5:FOREIGN(65497,63313,63117,63375,63333,63395,63355,64897) n6:ours n7:FOREIGN(0,0,2747,2747,4407,4407,9901,1163) 
2026-09-30T05:17:54Z poll run=5 [2020_20@n2 2020_19@n1 2020_18@n3 2020_17@n0 2020_16@n6 ] pend=20 [2020_21 2020_23 2020_24 2020_25 2020_26 2020_27 2020_28 2020_29 2020_30 2020_31 2020_32 2020_33 2020_34 2020_35 2020_36 2020_37 2020_38 2020_39 2020_40 2020_41 ] free=[] foreign=[4 5 7] df=658G :: n0:ours n1:ours n2:ours n3:ours n4:FOREIGN(79237,80803,80803,77563,77043,77043,77023,80383) n5:FOREIGN(65497,63313,63117,63375,63333,63395,63355,64897) n6:ours n7:FOREIGN(0,0,2747,2747,4407,4407,9901,1163) 
2026-09-30T05:23:00Z poll run=5 [2020_20@n2 2020_19@n1 2020_18@n3 2020_17@n0 2020_16@n6 ] pend=20 [2020_21 2020_23 2020_24 2020_25 2020_26 2020_27 2020_28 2020_29 2020_30 2020_31 2020_32 2020_33 2020_34 2020_35 2020_36 2020_37 2020_38 2020_39 2020_40 2020_41 ] free=[] foreign=[4 5 7] df=642G :: n0:ours n1:ours n2:ours n3:ours n4:FOREIGN(79237,80803,80803,77563,77043,77043,77023,80383) n5:FOREIGN(65497,63313,63117,63375,63333,63395,63355,64897) n6:ours n7:FOREIGN(0,0,2747,2747,4407,4407,9901,1163) 
2026-09-30T05:28:07Z poll run=5 [2020_20@n2 2020_19@n1 2020_18@n3 2020_17@n0 2020_16@n6 ] pend=20 [2020_21 2020_23 2020_24 2020_25 2020_26 2020_27 2020_28 2020_29 2020_30 2020_31 2020_32 2020_33 2020_34 2020_35 2020_36 2020_37 2020_38 2020_39 2020_40 2020_41 ] free=[] foreign=[4 5 7] df=648G :: n0:ours n1:ours n2:ours n3:ours n4:FOREIGN(79237,80803,80803,77563,77043,77043,77023,80383) n5:FOREIGN(65497,63313,63117,63375,63333,63395,63355,64897) n6:ours n7:FOREIGN(0,0,2747,2747,4407,4407,9901,1163) 
2026-09-30T05:33:13Z poll run=5 [2020_20@n2 2020_19@n1 2020_18@n3 2020_17@n0 2020_16@n6 ] pend=20 [2020_21 2020_23 2020_24 2020_25 2020_26 2020_27 2020_28 2020_29 2020_30 2020_31 2020_32 2020_33 2020_34 2020_35 2020_36 2020_37 2020_38 2020_39 2020_40 2020_41 ] free=[] foreign=[4 5 7] df=635G :: n0:ours n1:ours n2:ours n3:ours n4:FOREIGN(80507,80495,80495,80495,80491,80391,80391,80391) n5:FOREIGN(65497,63313,63117,63375,63333,63395,63355,64897) n6:ours n7:FOREIGN(0,0,2747,2747,4407,4407,9901,1163) 
2026-09-30T05:38:19Z poll run=5 [2020_20@n2 2020_19@n1 2020_18@n3 2020_17@n0 2020_16@n6 ] pend=20 [2020_21 2020_23 2020_24 2020_25 2020_26 2020_27 2020_28 2020_29 2020_30 2020_31 2020_32 2020_33 2020_34 2020_35 2020_36 2020_37 2020_38 2020_39 2020_40 2020_41 ] free=[] foreign=[4 5 7] df=657G :: n0:ours n1:ours n2:ours n3:ours n4:FOREIGN(70251,67377,65109,67435,67415,67395,67395,68933) n5:FOREIGN(65497,63313,63117,63375,63333,63395,63355,64897) n6:ours n7:FOREIGN(0,0,2747,2747,4407,4407,9901,1163) 
2026-09-30T05:43:26Z poll run=5 [2020_20@n2 2020_19@n1 2020_18@n3 2020_17@n0 2020_16@n6 ] pend=20 [2020_21 2020_23 2020_24 2020_25 2020_26 2020_27 2020_28 2020_29 2020_30 2020_31 2020_32 2020_33 2020_34 2020_35 2020_36 2020_37 2020_38 2020_39 2020_40 2020_41 ] free=[] foreign=[4 5 7] df=643G :: n0:ours n1:ours n2:ours n3:ours n4:FOREIGN(71753,69735,69753,69777,69775,69775,69775,73517) n5:FOREIGN(65497,63313,63117,63375,63333,63395,63355,64897) n6:ours n7:FOREIGN(0,0,2747,2747,4407,4407,9901,1163) 
2026-09-30T05:48:34Z poll run=5 [2020_20@n2 2020_19@n1 2020_18@n3 2020_17@n0 2020_16@n6 ] pend=20 [2020_21 2020_23 2020_24 2020_25 2020_26 2020_27 2020_28 2020_29 2020_30 2020_31 2020_32 2020_33 2020_34 2020_35 2020_36 2020_37 2020_38 2020_39 2020_40 2020_41 ] free=[] foreign=[4 5 7] df=646G :: n0:ours n1:ours n2:ours n3:ours n4:FOREIGN(67375,64857,64873,64735,64835,64875,64877,68841) n5:FOREIGN(65497,63313,63117,63375,63333,63395,63355,64897) n6:ours n7:FOREIGN(0,0,2747,2747,4407,4407,9901,1163) 
2026-09-30T05:53:40Z poll run=5 [2020_20@n2 2020_19@n1 2020_18@n3 2020_17@n0 2020_16@n6 ] pend=20 [2020_21 2020_23 2020_24 2020_25 2020_26 2020_27 2020_28 2020_29 2020_30 2020_31 2020_32 2020_33 2020_34 2020_35 2020_36 2020_37 2020_38 2020_39 2020_40 2020_41 ] free=[] foreign=[4 5 7] df=632G :: n0:ours n1:ours n2:ours n3:ours n4:FOREIGN(65531,63095,63087,63091,65183,69863,69863,73143) n5:FOREIGN(65497,63313,63117,63375,63333,63395,63355,64897) n6:ours n7:FOREIGN(0,0,2747,2747,4407,4407,9901,1163) 
2026-09-30T05:58:46Z poll run=5 [2020_20@n2 2020_19@n1 2020_18@n3 2020_17@n0 2020_16@n6 ] pend=20 [2020_21 2020_23 2020_24 2020_25 2020_26 2020_27 2020_28 2020_29 2020_30 2020_31 2020_32 2020_33 2020_34 2020_35 2020_36 2020_37 2020_38 2020_39 2020_40 2020_41 ] free=[] foreign=[4 5 7] df=609G :: n0:ours n1:ours n2:ours n3:ours n4:FOREIGN(71677,69865,69879,69883,69883,69883,69883,73223) n5:FOREIGN(65497,63313,63117,63375,63333,63395,63355,64897) n6:ours n7:FOREIGN(0,0,2747,2747,4407,4407,9901,1163) 
2026-09-30T06:03:53Z compare case 16 e17_c2_20230322
2026-09-30T06:05:46Z compare OK case 16 e17_c2_20230322
2026-09-30T06:05:49Z prune OK case 16 e17_c2_20230322 df 604G->604G
2026-09-30T06:05:49Z poll run=5 [2020_21@n6 2020_20@n2 2020_19@n1 2020_18@n3 2020_17@n0 ] pend=19 [2020_23 2020_24 2020_25 2020_26 2020_27 2020_28 2020_29 2020_30 2020_31 2020_32 2020_33 2020_34 2020_35 2020_36 2020_37 2020_38 2020_39 2020_40 2020_41 ] free=[] foreign=[4 5 7] df=604G :: n0:ours n1:ours n2:ours n3:ours n4:FOREIGN(72337,69719,69635,69897,69977,69859,69599,73559) n5:FOREIGN(65497,63313,63117,63375,63333,63395,63355,64897) n6:ours n7:FOREIGN(0,0,2747,2747,4407,4407,9901,1163) 
2026-09-30T06:10:55Z poll run=5 [2020_21@n6 2020_20@n2 2020_19@n1 2020_18@n3 2020_17@n0 ] pend=19 [2020_23 2020_24 2020_25 2020_26 2020_27 2020_28 2020_29 2020_30 2020_31 2020_32 2020_33 2020_34 2020_35 2020_36 2020_37 2020_38 2020_39 2020_40 2020_41 ] free=[] foreign=[4 5 7] df=649G :: n0:ours n1:ours n2:ours n3:ours n4:FOREIGN(71167,68323,68327,68325,68325,68325,68327,72567) n5:FOREIGN(65497,63313,63117,63375,63333,63395,63355,64897) n6:ours n7:FOREIGN(0,0,2747,2747,4407,4407,9901,1163) 
2026-09-30T06:16:02Z poll run=5 [2020_21@n6 2020_20@n2 2020_19@n1 2020_18@n3 2020_17@n0 ] pend=19 [2020_23 2020_24 2020_25 2020_26 2020_27 2020_28 2020_29 2020_30 2020_31 2020_32 2020_33 2020_34 2020_35 2020_36 2020_37 2020_38 2020_39 2020_40 2020_41 ] free=[] foreign=[4 5 7] df=641G :: n0:ours n1:ours n2:ours n3:ours n4:FOREIGN(71699,69863,69881,69881,69883,69881,69883,73223) n5:FOREIGN(65497,63313,63117,63375,63333,63395,63355,64897) n6:ours n7:FOREIGN(0,0,2747,2747,4407,4407,9901,1163) 
2026-09-30T06:21:09Z poll run=5 [2020_21@n6 2020_20@n2 2020_19@n1 2020_18@n3 2020_17@n0 ] pend=19 [2020_23 2020_24 2020_25 2020_26 2020_27 2020_28 2020_29 2020_30 2020_31 2020_32 2020_33 2020_34 2020_35 2020_36 2020_37 2020_38 2020_39 2020_40 2020_41 ] free=[] foreign=[4 5 7] df=637G :: n0:ours n1:ours n2:ours n3:ours n4:FOREIGN(71719,69839,69855,69857,69859,69857,69859,73441) n5:FOREIGN(65497,63313,63117,63375,63333,63395,63355,64897) n6:ours n7:FOREIGN(0,0,2747,2747,4407,4407,9901,1163) 
2026-09-30T06:26:15Z poll run=5 [2020_21@n6 2020_20@n2 2020_19@n1 2020_18@n3 2020_17@n0 ] pend=19 [2020_23 2020_24 2020_25 2020_26 2020_27 2020_28 2020_29 2020_30 2020_31 2020_32 2020_33 2020_34 2020_35 2020_36 2020_37 2020_38 2020_39 2020_40 2020_41 ] free=[] foreign=[4 5 7] df=632G :: n0:ours n1:ours n2:ours n3:ours n4:FOREIGN(66843,64383,64403,64383,64403,64401,64401,68185) n5:FOREIGN(65497,63313,63117,63375,63333,63395,63355,64897) n6:ours n7:FOREIGN(0,0,2747,2747,4407,4407,9901,1163) 
2026-09-30T06:31:22Z poll run=5 [2020_21@n6 2020_20@n2 2020_19@n1 2020_18@n3 2020_17@n0 ] pend=19 [2020_23 2020_24 2020_25 2020_26 2020_27 2020_28 2020_29 2020_30 2020_31 2020_32 2020_33 2020_34 2020_35 2020_36 2020_37 2020_38 2020_39 2020_40 2020_41 ] free=[] foreign=[4 5 7] df=614G :: n0:ours n1:ours n2:ours n3:ours n4:FOREIGN(70561,67541,69859,69865,69865,69863,69865,73507) n5:FOREIGN(65497,63313,63117,63375,63333,63395,63355,64897) n6:ours n7:FOREIGN(0,0,2747,2747,4407,4407,9901,1163) 
2026-09-30T06:36:29Z poll run=5 [2020_21@n6 2020_20@n2 2020_19@n1 2020_18@n3 2020_17@n0 ] pend=19 [2020_23 2020_24 2020_25 2020_26 2020_27 2020_28 2020_29 2020_30 2020_31 2020_32 2020_33 2020_34 2020_35 2020_36 2020_37 2020_38 2020_39 2020_40 2020_41 ] free=[] foreign=[4 5 7] df=648G :: n0:ours n1:ours n2:ours n3:ours n4:FOREIGN(71827,69843,69859,69863,69863,69861,69863,73205) n5:FOREIGN(65497,63313,63117,63375,63333,63395,63355,64897) n6:ours n7:FOREIGN(0,0,2747,2747,4407,4407,9901,1163) 
2026-09-30T06:41:36Z poll run=5 [2020_21@n6 2020_20@n2 2020_19@n1 2020_18@n3 2020_17@n0 ] pend=19 [2020_23 2020_24 2020_25 2020_26 2020_27 2020_28 2020_29 2020_30 2020_31 2020_32 2020_33 2020_34 2020_35 2020_36 2020_37 2020_38 2020_39 2020_40 2020_41 ] free=[] foreign=[4 5 7] df=637G :: n0:ours n1:ours n2:ours n3:ours n4:FOREIGN(70491,69835,69855,69857,69857,69857,69859,73199) n5:FOREIGN(65497,63313,63117,63375,63333,63395,63355,64897) n6:ours n7:FOREIGN(0,0,2747,2747,4407,4407,9901,1163) 
2026-09-30T06:46:43Z poll run=5 [2020_21@n6 2020_20@n2 2020_19@n1 2020_18@n3 2020_17@n0 ] pend=19 [2020_23 2020_24 2020_25 2020_26 2020_27 2020_28 2020_29 2020_30 2020_31 2020_32 2020_33 2020_34 2020_35 2020_36 2020_37 2020_38 2020_39 2020_40 2020_41 ] free=[] foreign=[4 5 7] df=605G :: n0:ours n1:ours n2:ours n3:ours n4:FOREIGN(67199,64869,64881,64765,64885,64885,64889,68885) n5:FOREIGN(65497,63313,63117,63375,63333,63395,63355,64897) n6:ours n7:FOREIGN(0,0,2747,2747,4407,4407,9901,1163) 
2026-09-30T06:51:51Z poll run=5 [2020_21@n6 2020_20@n2 2020_19@n1 2020_18@n3 2020_17@n0 ] pend=19 [2020_23 2020_24 2020_25 2020_26 2020_27 2020_28 2020_29 2020_30 2020_31 2020_32 2020_33 2020_34 2020_35 2020_36 2020_37 2020_38 2020_39 2020_40 2020_41 ] free=[] foreign=[4 5 7] df=587G :: n0:ours n1:ours n2:ours n3:ours n4:FOREIGN(67799,64985,65001,65023,65025,65005,65025,68465) n5:FOREIGN(65497,63313,63117,63375,63333,63395,63355,64897) n6:ours n7:FOREIGN(0,0,2747,2747,4407,4407,9901,1163) 
2026-09-30T06:56:57Z compare case 17 e18_h2_20231006
2026-09-30T06:58:51Z compare OK case 17 e18_h2_20231006
2026-09-30T06:58:53Z prune OK case 17 e18_h2_20231006 df 593G->593G
2026-09-30T06:58:54Z poll run=5 [2020_23@n0 2020_21@n6 2020_20@n2 2020_19@n1 2020_18@n3 ] pend=18 [2020_24 2020_25 2020_26 2020_27 2020_28 2020_29 2020_30 2020_31 2020_32 2020_33 2020_34 2020_35 2020_36 2020_37 2020_38 2020_39 2020_40 2020_41 ] free=[] foreign=[4 5 7] df=593G :: n0:ours n1:ours n2:ours n3:ours n4:FOREIGN(66893,64399,64393,64397,64395,64419,64401,64717) n5:FOREIGN(65497,63313,63117,63375,63333,63395,63355,64897) n6:ours n7:FOREIGN(0,0,2747,2747,4407,4407,9901,1163) 
2026-09-30T07:04:01Z poll run=5 [2020_23@n0 2020_21@n6 2020_20@n2 2020_19@n1 2020_18@n3 ] pend=18 [2020_24 2020_25 2020_26 2020_27 2020_28 2020_29 2020_30 2020_31 2020_32 2020_33 2020_34 2020_35 2020_36 2020_37 2020_38 2020_39 2020_40 2020_41 ] free=[] foreign=[4 5 7] df=624G :: n0:ours n1:ours n2:ours n3:ours n4:FOREIGN(68883,64865,64861,64745,64867,64865,64865,68865) n5:FOREIGN(65497,63313,63117,63375,63333,63395,63355,64897) n6:ours n7:FOREIGN(0,0,2747,2747,4407,4407,9901,1163) 
2026-09-30T07:09:07Z poll run=5 [2020_23@n0 2020_21@n6 2020_20@n2 2020_19@n1 2020_18@n3 ] pend=18 [2020_24 2020_25 2020_26 2020_27 2020_28 2020_29 2020_30 2020_31 2020_32 2020_33 2020_34 2020_35 2020_36 2020_37 2020_38 2020_39 2020_40 2020_41 ] free=[] foreign=[4 5 7] df=618G :: n0:ours n1:ours n2:ours n3:ours n4:FOREIGN(71763,69885,69881,69885,69885,69885,69885,73225) n5:FOREIGN(65497,63313,63117,63375,63333,63395,63355,64897) n6:ours n7:FOREIGN(0,0,2747,2747,4407,4407,9901,1163) 
2026-09-30T07:14:15Z compare case 18 e19_h2_20231025
2026-09-30T07:16:12Z compare OK case 18 e19_h2_20231025
2026-09-30T07:16:15Z prune OK case 18 e19_h2_20231025 df 600G->600G
2026-09-30T07:16:15Z poll run=5 [2020_24@n3 2020_23@n0 2020_21@n6 2020_20@n2 2020_19@n1 ] pend=17 [2020_25 2020_26 2020_27 2020_28 2020_29 2020_30 2020_31 2020_32 2020_33 2020_34 2020_35 2020_36 2020_37 2020_38 2020_39 2020_40 2020_41 ] free=[] foreign=[4 5 7] df=600G :: n0:ours n1:ours n2:ours n3:ours n4:FOREIGN(71761,69785,69801,69825,69825,69827,69825,73207) n5:FOREIGN(65497,63313,63117,63375,63333,63395,63355,64897) n6:ours n7:FOREIGN(0,0,2747,2747,4407,4407,9901,1163) 
2026-09-30T07:21:23Z poll run=5 [2020_24@n3 2020_23@n0 2020_21@n6 2020_20@n2 2020_19@n1 ] pend=17 [2020_25 2020_26 2020_27 2020_28 2020_29 2020_30 2020_31 2020_32 2020_33 2020_34 2020_35 2020_36 2020_37 2020_38 2020_39 2020_40 2020_41 ] free=[] foreign=[4 5 7] df=617G :: n0:ours n1:ours n2:ours n3:ours n4:FOREIGN(66163,63687,63681,63707,63687,63745,64049,67187) n5:FOREIGN(65497,63313,63117,63375,63333,63395,63355,64897) n6:ours n7:FOREIGN(0,0,2747,2747,4407,4407,9901,1163) 
2026-09-30T07:26:30Z poll run=5 [2020_24@n3 2020_23@n0 2020_21@n6 2020_20@n2 2020_19@n1 ] pend=17 [2020_25 2020_26 2020_27 2020_28 2020_29 2020_30 2020_31 2020_32 2020_33 2020_34 2020_35 2020_36 2020_37 2020_38 2020_39 2020_40 2020_41 ] free=[] foreign=[4 5 7] df=656G :: n0:ours n1:ours n2:ours n3:ours n4:FOREIGN(70827,68365,68363,69183,68345,68005,68367,72645) n5:FOREIGN(65497,63313,63117,63375,63333,63395,63355,64897) n6:ours n7:FOREIGN(0,0,2747,2747,4407,4407,9901,1163) 
2026-09-30T07:31:33Z compare case 23 e24_c3_20240119
2026-09-30T07:33:35Z compare OK case 23 e24_c3_20240119
2026-09-30T07:33:37Z prune OK case 23 e24_c3_20240119 df 645G->645G
2026-09-30T07:33:37Z poll run=5 [2020_25@n0 2020_24@n3 2020_21@n6 2020_20@n2 2020_19@n1 ] pend=16 [2020_26 2020_27 2020_28 2020_29 2020_30 2020_31 2020_32 2020_33 2020_34 2020_35 2020_36 2020_37 2020_38 2020_39 2020_40 2020_41 ] free=[] foreign=[4 5 7] df=645G :: n0:ours n1:ours n2:ours n3:ours n4:FOREIGN(71003,69283,69179,69283,69185,69183,69145,72885) n5:FOREIGN(65497,63313,63117,63375,63333,63395,63355,64897) n6:ours n7:FOREIGN(0,0,2747,2747,4407,4407,9901,1163) 
2026-09-30T07:38:44Z poll run=5 [2020_25@n0 2020_24@n3 2020_21@n6 2020_20@n2 2020_19@n1 ] pend=16 [2020_26 2020_27 2020_28 2020_29 2020_30 2020_31 2020_32 2020_33 2020_34 2020_35 2020_36 2020_37 2020_38 2020_39 2020_40 2020_41 ] free=[] foreign=[4 5 7] df=670G :: n0:ours n1:ours n2:ours n3:ours n4:FOREIGN(70175,67537,67555,67557,67557,66317,63097,64637) n5:FOREIGN(65497,63313,63117,63375,63333,63395,63355,64897) n6:ours n7:FOREIGN(0,0,2747,2747,4407,4407,9901,1163) 
2026-09-30T07:43:51Z compare case 24 e25_h3_20240131
2026-09-30T07:45:51Z compare OK case 24 e25_h3_20240131
2026-09-30T07:45:53Z prune OK case 24 e25_h3_20240131 df 658G->658G
2026-09-30T07:45:53Z poll run=5 [2020_26@n3 2020_25@n0 2020_21@n6 2020_20@n2 2020_19@n1 ] pend=15 [2020_27 2020_28 2020_29 2020_30 2020_31 2020_32 2020_33 2020_34 2020_35 2020_36 2020_37 2020_38 2020_39 2020_40 2020_41 ] free=[] foreign=[4 5 7] df=658G :: n0:ours n1:ours n2:ours n3:ours n4:FOREIGN(71045,68409,68405,69289,69267,68349,69289,72827) n5:FOREIGN(65497,63313,63117,63375,63333,63395,63355,64897) n6:ours n7:FOREIGN(0,0,2747,2747,4407,4407,9901,1163) 
2026-09-30T07:51:01Z poll run=5 [2020_26@n3 2020_25@n0 2020_21@n6 2020_20@n2 2020_19@n1 ] pend=15 [2020_27 2020_28 2020_29 2020_30 2020_31 2020_32 2020_33 2020_34 2020_35 2020_36 2020_37 2020_38 2020_39 2020_40 2020_41 ] free=[] foreign=[4 5 7] df=691G :: n0:ours n1:ours n2:ours n3:ours n4:FOREIGN(71639,69841,69857,69859,69861,69861,69859,73203) n5:FOREIGN(65497,63313,63117,63375,63333,63395,63355,64897) n6:ours n7:FOREIGN(0,0,2747,2747,4407,4407,9901,1163) 
2026-09-30T07:56:09Z poll run=5 [2020_26@n3 2020_25@n0 2020_21@n6 2020_20@n2 2020_19@n1 ] pend=15 [2020_27 2020_28 2020_29 2020_30 2020_31 2020_32 2020_33 2020_34 2020_35 2020_36 2020_37 2020_38 2020_39 2020_40 2020_41 ] free=[] foreign=[4 5 7] df=683G :: n0:ours n1:ours n2:ours n3:ours n4:FOREIGN(67661,65045,65003,65003,65005,65025,65025,68887) n5:FOREIGN(65497,63313,63117,63375,63333,63395,63355,64897) n6:ours n7:FOREIGN(0,0,2747,2747,4407,4407,9901,1163) 
2026-09-30T08:01:18Z poll run=5 [2020_26@n3 2020_25@n0 2020_21@n6 2020_20@n2 2020_19@n1 ] pend=15 [2020_27 2020_28 2020_29 2020_30 2020_31 2020_32 2020_33 2020_34 2020_35 2020_36 2020_37 2020_38 2020_39 2020_40 2020_41 ] free=[] foreign=[4 5 7] df=662G :: n0:ours n1:ours n2:ours n3:ours n4:FOREIGN(69455,66561,66475,66499,66497,66499,66519,69981) n5:FOREIGN(65497,63313,63117,63375,63333,63395,63355,64897) n6:ours n7:FOREIGN(0,0,2747,2747,4407,4407,9901,1163) 
2026-09-30T08:06:26Z poll run=5 [2020_26@n3 2020_25@n0 2020_21@n6 2020_20@n2 2020_19@n1 ] pend=15 [2020_27 2020_28 2020_29 2020_30 2020_31 2020_32 2020_33 2020_34 2020_35 2020_36 2020_37 2020_38 2020_39 2020_40 2020_41 ] free=[] foreign=[4 5 7] df=665G :: n0:ours n1:ours n2:ours n3:ours n4:FOREIGN(69943,66701,65241,65243,65241,65243,65283,68865) n5:FOREIGN(65497,63313,63117,63375,63333,63395,63355,64897) n6:ours n7:FOREIGN(0,0,2747,2747,4407,4407,9901,1163) 
2026-09-30T08:11:33Z poll run=5 [2020_26@n3 2020_25@n0 2020_21@n6 2020_20@n2 2020_19@n1 ] pend=15 [2020_27 2020_28 2020_29 2020_30 2020_31 2020_32 2020_33 2020_34 2020_35 2020_36 2020_37 2020_38 2020_39 2020_40 2020_41 ] free=[] foreign=[4 5 7] df=664G :: n0:ours n1:ours n2:ours n3:ours n4:FOREIGN(71867,69867,69885,69887,69887,69889,69887,73591) n5:FOREIGN(65497,63313,63117,63375,63333,63395,63355,64897) n6:ours n7:FOREIGN(0,0,2747,2747,4407,4407,9901,1163) 
2026-09-30T08:16:40Z poll run=5 [2020_26@n3 2020_25@n0 2020_21@n6 2020_20@n2 2020_19@n1 ] pend=15 [2020_27 2020_28 2020_29 2020_30 2020_31 2020_32 2020_33 2020_34 2020_35 2020_36 2020_37 2020_38 2020_39 2020_40 2020_41 ] free=[] foreign=[4 5 7] df=670G :: n0:ours n1:ours n2:ours n3:ours n4:FOREIGN(71159,67999,67919,68259,67901,67901,67901,72425) n5:FOREIGN(65497,63313,63117,63375,63333,63395,63355,64897) n6:ours n7:FOREIGN(0,0,2747,2747,4407,4407,9901,1163) 
2026-09-30T08:21:47Z poll run=5 [2020_26@n3 2020_25@n0 2020_21@n6 2020_20@n2 2020_19@n1 ] pend=15 [2020_27 2020_28 2020_29 2020_30 2020_31 2020_32 2020_33 2020_34 2020_35 2020_36 2020_37 2020_38 2020_39 2020_40 2020_41 ] free=[] foreign=[4 5 7] df=678G :: n0:ours n1:ours n2:ours n3:ours n4:FOREIGN(70241,67305,67323,67343,67345,67345,63925,67027) n5:FOREIGN(65497,63313,63117,63375,63333,63395,63355,64897) n6:ours n7:FOREIGN(0,0,2747,2747,4407,4407,9901,1163) 
2026-09-30T08:26:54Z poll run=5 [2020_26@n3 2020_25@n0 2020_21@n6 2020_20@n2 2020_19@n1 ] pend=15 [2020_27 2020_28 2020_29 2020_30 2020_31 2020_32 2020_33 2020_34 2020_35 2020_36 2020_37 2020_38 2020_39 2020_40 2020_41 ] free=[] foreign=[4 5 7] df=655G :: n0:ours n1:ours n2:ours n3:ours n4:FOREIGN(71759,69841,69857,69861,69861,69861,69865,73205) n5:FOREIGN(65497,63313,63117,63375,63333,63395,63355,64897) n6:ours n7:FOREIGN(0,0,2747,2747,4407,4407,9901,1163) 
2026-09-30T08:32:03Z poll run=5 [2020_26@n3 2020_25@n0 2020_21@n6 2020_20@n2 2020_19@n1 ] pend=15 [2020_27 2020_28 2020_29 2020_30 2020_31 2020_32 2020_33 2020_34 2020_35 2020_36 2020_37 2020_38 2020_39 2020_40 2020_41 ] free=[] foreign=[4 5 7] df=641G :: n0:ours n1:ours n2:ours n3:ours n4:FOREIGN(70035,64157,64157,64157,64177,64177,64177,67379) n5:FOREIGN(65497,63313,63117,63375,63333,63395,63355,64897) n6:ours n7:FOREIGN(0,0,2747,2747,4407,4407,9901,1163) 
2026-09-30T08:37:10Z poll run=5 [2020_26@n3 2020_25@n0 2020_21@n6 2020_20@n2 2020_19@n1 ] pend=15 [2020_27 2020_28 2020_29 2020_30 2020_31 2020_32 2020_33 2020_34 2020_35 2020_36 2020_37 2020_38 2020_39 2020_40 2020_41 ] free=[] foreign=[4 5 7] df=634G :: n0:ours n1:ours n2:ours n3:ours n4:FOREIGN(71801,69805,69825,69843,69845,69845,69845,73507) n5:FOREIGN(65497,63313,63117,63375,63333,63395,63355,64897) n6:ours n7:FOREIGN(0,0,2747,2747,4407,4407,9901,1163) 
2026-09-30T08:42:17Z poll run=5 [2020_26@n3 2020_25@n0 2020_21@n6 2020_20@n2 2020_19@n1 ] pend=15 [2020_27 2020_28 2020_29 2020_30 2020_31 2020_32 2020_33 2020_34 2020_35 2020_36 2020_37 2020_38 2020_39 2020_40 2020_41 ] free=[] foreign=[4 5 7] df=608G :: n0:ours n1:ours n2:ours n3:ours n4:FOREIGN(66059,63103,63095,63101,63099,63101,63101,64641) n5:FOREIGN(65497,63313,63117,63375,63333,63395,63355,64897) n6:ours n7:FOREIGN(0,0,2747,2747,4407,4407,9901,1163) 
2026-09-30T08:47:25Z poll run=5 [2020_26@n3 2020_25@n0 2020_21@n6 2020_20@n2 2020_19@n1 ] pend=15 [2020_27 2020_28 2020_29 2020_30 2020_31 2020_32 2020_33 2020_34 2020_35 2020_36 2020_37 2020_38 2020_39 2020_40 2020_41 ] free=[] foreign=[4 5 7] df=630G :: n0:ours n1:ours n2:ours n3:ours n4:FOREIGN(70483,67567,65323,63127,63127,63125,63127,64671) n5:FOREIGN(65497,63313,63117,63375,63333,63395,63355,64897) n6:ours n7:FOREIGN(0,0,2747,2747,4407,4407,9901,1163) 
2026-09-30T08:52:33Z poll run=5 [2020_26@n3 2020_25@n0 2020_21@n6 2020_20@n2 2020_19@n1 ] pend=15 [2020_27 2020_28 2020_29 2020_30 2020_31 2020_32 2020_33 2020_34 2020_35 2020_36 2020_37 2020_38 2020_39 2020_40 2020_41 ] free=[] foreign=[4 5 7] df=608G :: n0:ours n1:ours n2:ours n3:ours n4:FOREIGN(70539,67483,63093,63099,63101,63099,63101,64641) n5:FOREIGN(65497,63313,63117,63375,63333,63395,63355,64897) n6:ours n7:FOREIGN(0,0,2747,2747,4407,4407,9901,1163) 
2026-09-30T08:57:39Z compare case 19 e20_c2_20231103
2026-09-30T08:59:33Z compare OK case 19 e20_c2_20231103
2026-09-30T08:59:35Z prune OK case 19 e20_c2_20231103 df 624G->624G
2026-09-30T08:59:36Z poll run=5 [2020_27@n1 2020_26@n3 2020_25@n0 2020_21@n6 2020_20@n2 ] pend=14 [2020_28 2020_29 2020_30 2020_31 2020_32 2020_33 2020_34 2020_35 2020_36 2020_37 2020_38 2020_39 2020_40 2020_41 ] free=[] foreign=[4 5 7] df=624G :: n0:ours n1:ours n2:ours n3:ours n4:FOREIGN(70537,67539,67477,63817,63817,63839,63839,67263) n5:FOREIGN(65497,63313,63117,63375,63333,63395,63355,64897) n6:ours n7:FOREIGN(0,0,2747,2747,4407,4407,9901,1163) 
2026-09-30T09:04:44Z poll run=5 [2020_27@n1 2020_26@n3 2020_25@n0 2020_21@n6 2020_20@n2 ] pend=14 [2020_28 2020_29 2020_30 2020_31 2020_32 2020_33 2020_34 2020_35 2020_36 2020_37 2020_38 2020_39 2020_40 2020_41 ] free=[] foreign=[4 5 7] df=677G :: n0:ours n1:ours n2:ours n3:ours n4:FOREIGN(71683,69843,69857,69863,69861,69863,69863,73205) n5:FOREIGN(65497,63313,63117,63375,63333,63395,63355,64897) n6:ours n7:FOREIGN(0,0,2747,2747,4407,4407,9901,1163) 
2026-09-30T09:09:51Z poll run=5 [2020_27@n1 2020_26@n3 2020_25@n0 2020_21@n6 2020_20@n2 ] pend=14 [2020_28 2020_29 2020_30 2020_31 2020_32 2020_33 2020_34 2020_35 2020_36 2020_37 2020_38 2020_39 2020_40 2020_41 ] free=[] foreign=[4 5 7] df=653G :: n0:ours n1:ours n2:ours n3:ours n4:FOREIGN(70505,69869,69885,69887,69887,69887,69891,73591) n5:FOREIGN(65497,63313,63117,63375,63333,63395,63355,64897) n6:ours n7:FOREIGN(0,0,2747,2747,4407,4407,9901,1163) 
2026-09-30T09:14:59Z poll run=5 [2020_27@n1 2020_26@n3 2020_25@n0 2020_21@n6 2020_20@n2 ] pend=14 [2020_28 2020_29 2020_30 2020_31 2020_32 2020_33 2020_34 2020_35 2020_36 2020_37 2020_38 2020_39 2020_40 2020_41 ] free=[] foreign=[4 5 7] df=655G :: n0:ours n1:ours n2:ours n3:ours n4:FOREIGN(67059,64843,64857,64739,64859,64865,64889,68891) n5:FOREIGN(65497,63313,63117,63375,63333,63395,63355,64897) n6:ours n7:FOREIGN(0,0,2747,2747,4407,4407,9901,1163) 
2026-09-30T09:20:05Z compare case 20 e21_h2_20231120
2026-09-30T09:21:56Z compare OK case 20 e21_h2_20231120
2026-09-30T09:21:59Z prune OK case 20 e21_h2_20231120 df 640G->640G
2026-09-30T09:22:00Z poll run=5 [2020_28@n2 2020_27@n1 2020_26@n3 2020_25@n0 2020_21@n6 ] pend=13 [2020_29 2020_30 2020_31 2020_32 2020_33 2020_34 2020_35 2020_36 2020_37 2020_38 2020_39 2020_40 2020_41 ] free=[] foreign=[4 5 7] df=640G :: n0:ours n1:ours n2:ours n3:ours n4:FOREIGN(71783,69843,69859,69863,69861,69863,69865,73205) n5:FOREIGN(65497,63313,63117,63375,63333,63395,63355,64897) n6:ours n7:FOREIGN(0,0,2747,2747,4407,4407,9901,1163) 
2026-09-30T09:27:09Z poll run=5 [2020_28@n2 2020_27@n1 2020_26@n3 2020_25@n0 2020_21@n6 ] pend=13 [2020_29 2020_30 2020_31 2020_32 2020_33 2020_34 2020_35 2020_36 2020_37 2020_38 2020_39 2020_40 2020_41 ] free=[] foreign=[4 5 7] df=663G :: n0:ours n1:ours n2:ours n3:ours n4:FOREIGN(71805,69867,69885,69887,69887,69887,69887,73451) n5:FOREIGN(65497,63313,63117,63375,63333,63395,63355,64897) n6:ours n7:FOREIGN(0,0,2747,2747,4407,4407,9901,1163) 
2026-09-30T09:32:18Z poll run=5 [2020_28@n2 2020_27@n1 2020_26@n3 2020_25@n0 2020_21@n6 ] pend=13 [2020_29 2020_30 2020_31 2020_32 2020_33 2020_34 2020_35 2020_36 2020_37 2020_38 2020_39 2020_40 2020_41 ] free=[] foreign=[4 5 7] df=646G :: n0:ours n1:ours n2:ours n3:ours n4:FOREIGN(71781,69845,69863,69865,69863,69863,69867,73205) n5:FOREIGN(65497,63313,63117,63375,63333,63395,63355,64897) n6:ours n7:FOREIGN(0,0,2747,2747,4407,4407,9901,1163) 
2026-09-30T09:37:26Z poll run=5 [2020_28@n2 2020_27@n1 2020_26@n3 2020_25@n0 2020_21@n6 ] pend=13 [2020_29 2020_30 2020_31 2020_32 2020_33 2020_34 2020_35 2020_36 2020_37 2020_38 2020_39 2020_40 2020_41 ] free=[] foreign=[4 5 7] df=628G :: n0:ours n1:ours n2:ours n3:ours n4:FOREIGN(70665,67567,67585,64767,64867,64887,64889,68871) n5:FOREIGN(65497,63313,63117,63375,63333,63395,63355,64897) n6:ours n7:FOREIGN(0,0,2747,2747,4407,4407,9901,1163) 
2026-09-30T09:42:34Z poll run=5 [2020_28@n2 2020_27@n1 2020_26@n3 2020_25@n0 2020_21@n6 ] pend=13 [2020_29 2020_30 2020_31 2020_32 2020_33 2020_34 2020_35 2020_36 2020_37 2020_38 2020_39 2020_40 2020_41 ] free=[] foreign=[4 5 7] df=641G :: n0:ours n1:ours n2:ours n3:ours n4:FOREIGN(71623,69741,69779,69779,69781,69781,69781,73141) n5:FOREIGN(65497,63313,63117,63375,63333,63395,63355,64897) n6:ours n7:FOREIGN(0,0,2747,2747,4407,4407,9901,1163) 
2026-09-30T09:47:42Z poll run=5 [2020_28@n2 2020_27@n1 2020_26@n3 2020_25@n0 2020_21@n6 ] pend=13 [2020_29 2020_30 2020_31 2020_32 2020_33 2020_34 2020_35 2020_36 2020_37 2020_38 2020_39 2020_40 2020_41 ] free=[] foreign=[4 5 7] df=619G :: n0:ours n1:ours n2:ours n3:ours n4:FOREIGN(66185,63767,63763,63807,63765,63767,64205,67427) n5:FOREIGN(65497,63313,63117,63375,63333,63395,63355,64897) n6:ours n7:FOREIGN(0,0,2747,2747,4407,4407,9901,1163) 
2026-09-30T09:52:50Z poll run=5 [2020_28@n2 2020_27@n1 2020_26@n3 2020_25@n0 2020_21@n6 ] pend=13 [2020_29 2020_30 2020_31 2020_32 2020_33 2020_34 2020_35 2020_36 2020_37 2020_38 2020_39 2020_40 2020_41 ] free=[] foreign=[4 5 7] df=640G :: n0:ours n1:ours n2:ours n3:ours n4:FOREIGN(70605,67549,67563,66427,64627,64547,64547,68525) n5:FOREIGN(65497,63313,63117,63375,63333,63395,63355,64897) n6:ours n7:FOREIGN(0,0,2747,2747,4407,4407,9901,1163) 
2026-09-30T09:57:56Z poll run=5 [2020_28@n2 2020_27@n1 2020_26@n3 2020_25@n0 2020_21@n6 ] pend=13 [2020_29 2020_30 2020_31 2020_32 2020_33 2020_34 2020_35 2020_36 2020_37 2020_38 2020_39 2020_40 2020_41 ] free=[] foreign=[4 5 7] df=638G :: n0:ours n1:ours n2:ours n3:ours n4:FOREIGN(69983,66831,66843,67507,66809,66811,66811,64771) n5:FOREIGN(65497,63313,63117,63375,63333,63395,63355,64897) n6:ours n7:FOREIGN(0,0,2747,2747,4407,4407,9901,1163) 
2026-09-30T10:02:59Z poll run=5 [2020_28@n2 2020_27@n1 2020_26@n3 2020_25@n0 2020_21@n6 ] pend=13 [2020_29 2020_30 2020_31 2020_32 2020_33 2020_34 2020_35 2020_36 2020_37 2020_38 2020_39 2020_40 2020_41 ] free=[] foreign=[4 5 7] df=615G :: n0:ours n1:ours n2:ours n3:ours n4:FOREIGN(68319,65863,65797,65821,65801,65821,65843,69383) n5:FOREIGN(65497,63313,63117,63375,63333,63395,63355,64897) n6:ours n7:FOREIGN(0,0,2747,2747,4407,4407,9901,1163) 
2026-09-30T10:08:09Z poll run=5 [2020_28@n2 2020_27@n1 2020_26@n3 2020_25@n0 2020_21@n6 ] pend=13 [2020_29 2020_30 2020_31 2020_32 2020_33 2020_34 2020_35 2020_36 2020_37 2020_38 2020_39 2020_40 2020_41 ] free=[] foreign=[4 5 7] df=621G :: n0:ours n1:ours n2:ours n3:ours n4:FOREIGN(71777,69841,69857,69861,69861,69861,69863,73199) n5:FOREIGN(65497,63313,63117,63375,63333,63395,63355,64897) n6:ours n7:FOREIGN(0,0,2747,2747,4407,4407,9901,1163) 
2026-09-30T10:13:19Z poll run=5 [2020_28@n2 2020_27@n1 2020_26@n3 2020_25@n0 2020_21@n6 ] pend=13 [2020_29 2020_30 2020_31 2020_32 2020_33 2020_34 2020_35 2020_36 2020_37 2020_38 2020_39 2020_40 2020_41 ] free=[] foreign=[4 5 7] df=607G :: n0:ours n1:ours n2:ours n3:ours n4:FOREIGN(71829,69811,69821,69827,69833,69829,69833,73211) n5:FOREIGN(65497,63313,63117,63375,63333,63395,63355,64897) n6:ours n7:FOREIGN(0,0,2747,2747,4407,4407,9901,1163) 
2026-09-30T10:18:26Z compare case 21 e22_h2_20231210
2026-09-30T10:20:27Z compare OK case 21 e22_h2_20231210
2026-09-30T10:20:28Z prune OK case 21 e22_h2_20231210 df 609G->608G
2026-09-30T10:20:29Z poll run=5 [2020_29@n6 2020_28@n2 2020_27@n1 2020_26@n3 2020_25@n0 ] pend=12 [2020_30 2020_31 2020_32 2020_33 2020_34 2020_35 2020_36 2020_37 2020_38 2020_39 2020_40 2020_41 ] free=[] foreign=[4 5 7] df=608G :: n0:ours n1:ours n2:ours n3:ours n4:FOREIGN(71805,69871,69885,69887,69887,69887,69893,73291) n5:FOREIGN(65497,63313,63117,63375,63333,63395,63355,64897) n6:ours n7:FOREIGN(0,0,2747,2747,4407,4407,9901,1163) 
2026-09-30T10:25:37Z poll run=5 [2020_29@n6 2020_28@n2 2020_27@n1 2020_26@n3 2020_25@n0 ] pend=12 [2020_30 2020_31 2020_32 2020_33 2020_34 2020_35 2020_36 2020_37 2020_38 2020_39 2020_40 2020_41 ] free=[] foreign=[4 5 7] df=645G :: n0:ours n1:ours n2:ours n3:ours n4:FOREIGN(72081,69967,69963,70005,69947,69687,69967,73427) n5:FOREIGN(65497,63313,63117,63375,63333,63395,63355,64897) n6:ours n7:FOREIGN(0,0,2747,2747,4407,4407,9901,1163) 
2026-09-30T10:30:47Z poll run=5 [2020_29@n6 2020_28@n2 2020_27@n1 2020_26@n3 2020_25@n0 ] pend=12 [2020_30 2020_31 2020_32 2020_33 2020_34 2020_35 2020_36 2020_37 2020_38 2020_39 2020_40 2020_41 ] free=[] foreign=[4 5 7] df=631G :: n0:ours n1:ours n2:ours n3:ours n4:FOREIGN(70583,67545,67557,67565,67485,64885,64887,68849) n5:FOREIGN(65497,63313,63117,63375,63333,63395,63355,64897) n6:ours n7:FOREIGN(0,0,2747,2747,4407,4407,9901,1163) 
2026-09-30T10:35:55Z poll run=5 [2020_29@n6 2020_28@n2 2020_27@n1 2020_26@n3 2020_25@n0 ] pend=12 [2020_30 2020_31 2020_32 2020_33 2020_34 2020_35 2020_36 2020_37 2020_38 2020_39 2020_40 2020_41 ] free=[] foreign=[4 5 7] df=612G :: n0:ours n1:ours n2:ours n3:ours n4:FOREIGN(70517,67479,63095,63097,63097,63097,63099,64639) n5:FOREIGN(65497,63313,63117,63375,63333,63395,63355,64897) n6:ours n7:FOREIGN(0,0,2747,2747,4407,4407,9901,1163) 
2026-09-30T10:41:01Z paused since 2026-09-30T10:38Z by ubuntu (drain): run=5 pend=12 df=645G
2026-09-30T10:46:07Z paused since 2026-09-30T10:38Z by ubuntu (drain): run=5 pend=12 df=648G
2026-09-30T10:51:13Z paused since 2026-09-30T10:38Z by ubuntu (drain): run=5 pend=12 df=633G
2026-09-30T10:56:19Z paused since 2026-09-30T10:38Z by ubuntu (drain): run=5 pend=12 df=622G
2026-09-30T11:01:26Z paused since 2026-09-30T10:38Z by ubuntu (drain): run=5 pend=12 df=611G
2026-09-30T11:06:32Z paused since 2026-09-30T10:38Z by ubuntu (drain): run=5 pend=12 df=620G
2026-09-30T11:11:39Z paused since 2026-09-30T10:38Z by ubuntu (drain): run=5 pend=12 df=613G
2026-09-30T11:16:50Z paused since 2026-09-30T10:38Z by ubuntu (drain): run=5 pend=12 df=607G
2026-09-30T11:21:55Z paused since 2026-09-30T10:38Z by ubuntu (drain): run=5 pend=12 df=608G
2026-09-30T11:27:01Z paused since 2026-09-30T10:38Z by ubuntu (drain): run=5 pend=12 df=606G
2026-09-30T11:32:07Z paused since 2026-09-30T10:38Z by ubuntu (drain): run=5 pend=12 df=609G
2026-09-30T11:37:13Z paused since 2026-09-30T10:38Z by ubuntu (drain): run=5 pend=12 df=642G
2026-09-30T11:42:17Z paused since 2026-09-30T10:38Z by ubuntu (drain): run=5 pend=12 df=635G
2026-09-30T11:47:23Z paused since 2026-09-30T10:38Z by ubuntu (drain): run=5 pend=12 df=633G
2026-09-30T11:52:28Z paused since 2026-09-30T10:38Z by ubuntu (drain): run=5 pend=12 df=610G
2026-09-30T11:57:34Z compare case 25 e26_h2_20240211
2026-09-30T11:59:16Z compare OK case 25 e26_h2_20240211
2026-09-30T11:59:18Z prune OK case 25 e26_h2_20240211 df 588G->588G
2026-09-30T11:59:18Z paused since 2026-09-30T10:38Z by ubuntu (drain): run=4 pend=12 df=588G
2026-09-30T12:04:26Z paused since 2026-09-30T10:38Z by ubuntu (drain): run=4 pend=12 df=609G
2026-09-30T12:09:32Z paused since 2026-09-30T10:38Z by ubuntu (drain): run=4 pend=12 df=600G
2026-09-30T12:14:38Z paused since 2026-09-30T10:38Z by ubuntu (drain): run=4 pend=12 df=597G
2026-09-30T12:19:44Z compare case 26 e27_h2_20240228
2026-09-30T12:21:25Z compare OK case 26 e27_h2_20240228
2026-09-30T12:21:27Z prune OK case 26 e27_h2_20240228 df 612G->612G
2026-09-30T12:21:27Z paused since 2026-09-30T10:38Z by ubuntu (drain): run=3 pend=12 df=612G
2026-09-30T12:26:33Z paused since 2026-09-30T10:38Z by ubuntu (drain): run=3 pend=12 df=689G
2026-09-30T12:31:38Z paused since 2026-09-30T10:38Z by ubuntu (drain): run=3 pend=12 df=686G
2026-09-30T12:36:44Z paused since 2026-09-30T10:38Z by ubuntu (drain): run=3 pend=12 df=668G
2026-09-30T12:41:49Z paused since 2026-09-30T10:38Z by ubuntu (drain): run=3 pend=12 df=651G
2026-09-30T12:46:55Z paused since 2026-09-30T10:38Z by ubuntu (drain): run=3 pend=12 df=637G
2026-09-30T12:52:01Z paused since 2026-09-30T10:38Z by ubuntu (drain): run=3 pend=12 df=629G
2026-09-30T12:57:07Z compare case 27 e28_h2_20240318
2026-09-30T12:58:52Z compare OK case 27 e28_h2_20240318
2026-09-30T12:58:54Z prune OK case 27 e28_h2_20240318 df 641G->641G
2026-09-30T12:58:54Z paused since 2026-09-30T10:38Z by ubuntu (drain): run=2 pend=12 df=641G
2026-09-30T13:04:00Z paused since 2026-09-30T10:38Z by ubuntu (drain): run=2 pend=12 df=683G
2026-09-30T13:09:05Z paused since 2026-09-30T10:38Z by ubuntu (drain): run=2 pend=12 df=697G
2026-09-30T13:14:11Z paused since 2026-09-30T10:38Z by ubuntu (drain): run=2 pend=12 df=692G
2026-09-30T13:19:16Z paused since 2026-09-30T10:38Z by ubuntu (drain): run=2 pend=12 df=681G
2026-09-30T13:24:27Z paused since 2026-09-30T10:38Z by ubuntu (drain): run=2 pend=12 df=670G
2026-09-30T13:29:33Z paused since 2026-09-30T10:38Z by ubuntu (drain): run=2 pend=12 df=658G
2026-09-30T13:34:39Z compare case 28 e29_h2_20240418
2026-09-30T13:36:32Z compare OK case 28 e29_h2_20240418
2026-09-30T13:36:34Z prune OK case 28 e29_h2_20240418 df 650G->650G
2026-09-30T13:36:34Z paused since 2026-09-30T10:38Z by ubuntu (drain): run=1 pend=12 df=650G
2026-09-30T13:41:40Z paused since 2026-09-30T10:38Z by ubuntu (drain): run=1 pend=12 df=695G
2026-09-30T13:46:47Z paused since 2026-09-30T10:38Z by ubuntu (drain): run=1 pend=12 df=709G
2026-09-30T13:51:53Z paused since 2026-09-30T10:38Z by ubuntu (drain): run=1 pend=12 df=709G
2026-09-30T13:56:58Z paused since 2026-09-30T10:38Z by ubuntu (drain): run=1 pend=12 df=705G
2026-09-30T14:02:04Z paused since 2026-09-30T10:38Z by ubuntu (drain): run=1 pend=12 df=698G
2026-09-30T14:07:10Z paused since 2026-09-30T10:38Z by ubuntu (drain): run=1 pend=12 df=694G
2026-09-30T14:12:16Z paused since 2026-09-30T10:38Z by ubuntu (drain): run=1 pend=12 df=686G
2026-09-30T14:17:22Z paused since 2026-09-30T10:38Z by ubuntu (drain): run=1 pend=12 df=683G
2026-09-30T14:22:27Z compare case 29 e30_h2_20241001
2026-09-30T14:24:21Z compare OK case 29 e30_h2_20241001
2026-09-30T14:24:23Z prune OK case 29 e30_h2_20241001 df 679G->679G
2026-09-30T14:24:23Z paused since 2026-09-30T10:38Z by ubuntu (drain): run=0 pend=12 df=679G
2026-09-30T14:29:29Z paused since 2026-09-30T10:38Z by ubuntu (drain): run=0 pend=12 df=721G
2026-09-30T14:34:35Z paused since 2026-09-30T10:38Z by ubuntu (drain): run=0 pend=12 df=721G
2026-09-30T14:39:41Z paused since 2026-09-30T10:38Z by ubuntu (drain): run=0 pend=12 df=721G
2026-09-30T14:44:46Z paused since 2026-09-30T10:38Z by ubuntu (drain): run=0 pend=12 df=721G
2026-09-30T14:49:52Z paused since 2026-09-30T10:38Z by ubuntu (drain): run=0 pend=12 df=721G
2026-09-30T14:54:58Z paused since 2026-09-30T10:38Z by ubuntu (drain): run=0 pend=12 df=721G
2026-09-30T15:00:03Z paused since 2026-09-30T10:38Z by ubuntu (drain): run=0 pend=12 df=721G
2026-09-30T15:05:09Z paused since 2026-09-30T10:38Z by ubuntu (drain): run=0 pend=12 df=721G
2026-09-30T15:10:15Z paused since 2026-09-30T10:38Z by ubuntu (drain): run=0 pend=12 df=721G
2026-09-30T15:15:20Z paused since 2026-09-30T10:38Z by ubuntu (drain): run=0 pend=12 df=721G
2026-09-30T15:20:26Z paused since 2026-09-30T10:38Z by ubuntu (drain): run=0 pend=12 df=721G
2026-09-30T15:25:32Z paused since 2026-09-30T10:38Z by ubuntu (drain): run=0 pend=12 df=721G
2026-09-30T15:30:37Z paused since 2026-09-30T10:38Z by ubuntu (drain): run=0 pend=12 df=721G
2026-09-30T15:35:43Z paused since 2026-09-30T10:38Z by ubuntu (drain): run=0 pend=12 df=721G
2026-09-30T15:40:48Z paused since 2026-09-30T10:38Z by ubuntu (drain): run=0 pend=12 df=721G
2026-09-30T15:45:54Z paused since 2026-09-30T10:38Z by ubuntu (drain): run=0 pend=12 df=721G
2026-09-30T15:51:00Z paused since 2026-09-30T10:38Z by ubuntu (drain): run=0 pend=12 df=721G
2026-09-30T15:56:06Z paused since 2026-09-30T10:38Z by ubuntu (drain): run=0 pend=12 df=721G
2026-09-30T16:01:12Z paused since 2026-09-30T10:38Z by ubuntu (drain): run=0 pend=12 df=721G
2026-09-30T16:06:17Z paused since 2026-09-30T10:38Z by ubuntu (drain): run=0 pend=12 df=721G
2026-09-30T16:11:23Z paused since 2026-09-30T10:38Z by ubuntu (drain): run=0 pend=12 df=721G
2026-09-30T16:16:29Z paused since 2026-09-30T10:38Z by ubuntu (drain): run=0 pend=12 df=721G
2026-09-30T16:21:34Z paused since 2026-09-30T10:38Z by ubuntu (drain): run=0 pend=12 df=721G
2026-09-30T16:26:41Z paused since 2026-09-30T10:38Z by ubuntu (drain): run=0 pend=12 df=721G
2026-09-30T16:31:48Z paused since 2026-09-30T10:38Z by ubuntu (drain): run=0 pend=12 df=721G
2026-09-30T16:36:54Z paused since 2026-09-30T10:38Z by ubuntu (drain): run=0 pend=12 df=721G
2026-09-30T16:42:00Z paused since 2026-09-30T10:38Z by ubuntu (drain): run=0 pend=12 df=721G
2026-09-30T16:47:06Z paused since 2026-09-30T10:38Z by ubuntu (drain): run=0 pend=12 df=721G
2026-09-30T16:52:13Z paused since 2026-09-30T10:38Z by ubuntu (drain): run=0 pend=12 df=721G
2026-09-30T16:57:18Z paused since 2026-09-30T10:38Z by ubuntu (drain): run=0 pend=12 df=721G
2026-09-30T17:02:25Z paused since 2026-09-30T10:38Z by ubuntu (drain): run=0 pend=12 df=721G
2026-09-30T17:07:31Z paused since 2026-09-30T10:38Z by ubuntu (drain): run=0 pend=12 df=721G
2026-09-30T17:12:37Z paused since 2026-09-30T10:38Z by ubuntu (drain): run=0 pend=12 df=721G
2026-09-30T17:17:46Z paused since 2026-09-30T10:38Z by ubuntu (drain): run=0 pend=12 df=721G
2026-09-30T17:22:57Z paused since 2026-09-30T10:38Z by ubuntu (drain): run=0 pend=12 df=719G
2026-09-30T17:28:04Z paused since 2026-09-30T10:38Z by ubuntu (drain): run=0 pend=12 df=719G
2026-09-30T17:33:15Z paused since 2026-09-30T10:38Z by ubuntu (drain): run=0 pend=12 df=719G
2026-09-30T17:38:25Z paused since 2026-09-30T10:38Z by ubuntu (drain): run=0 pend=12 df=719G
2026-09-30T17:43:31Z paused since 2026-09-30T10:38Z by ubuntu (drain): run=0 pend=12 df=717G
2026-09-30T17:48:37Z paused since 2026-09-30T10:38Z by ubuntu (drain): run=0 pend=12 df=717G
2026-09-30T17:53:44Z paused since 2026-09-30T10:38Z by ubuntu (drain): run=0 pend=12 df=717G
2026-09-30T17:58:50Z paused since 2026-09-30T10:38Z by ubuntu (drain): run=0 pend=12 df=717G
2026-09-30T18:03:57Z paused since 2026-09-30T10:38Z by ubuntu (drain): run=0 pend=12 df=717G
2026-09-30T18:09:03Z paused since 2026-09-30T10:38Z by ubuntu (drain): run=0 pend=12 df=717G
2026-09-30T18:14:09Z paused since 2026-09-30T10:38Z by ubuntu (drain): run=0 pend=12 df=717G
2026-09-30T18:19:16Z paused since 2026-09-30T10:38Z by ubuntu (drain): run=0 pend=12 df=717G
2026-09-30T18:24:22Z paused since 2026-09-30T10:38Z by ubuntu (drain): run=0 pend=12 df=717G
2026-09-30T18:29:28Z paused since 2026-09-30T10:38Z by ubuntu (drain): run=0 pend=12 df=717G
2026-09-30T18:34:34Z paused since 2026-09-30T10:38Z by ubuntu (drain): run=0 pend=12 df=715G
2026-09-30T18:39:40Z paused since 2026-09-30T10:38Z by ubuntu (drain): run=0 pend=12 df=715G
2026-09-30T18:44:47Z paused since 2026-09-30T10:38Z by ubuntu (drain): run=0 pend=12 df=715G
2026-09-30T18:49:53Z paused since 2026-09-30T10:38Z by ubuntu (drain): run=0 pend=12 df=715G
2026-09-30T18:54:59Z paused since 2026-09-30T10:38Z by ubuntu (drain): run=0 pend=12 df=714G
2026-09-30T19:00:06Z paused since 2026-09-30T10:38Z by ubuntu (drain): run=0 pend=12 df=714G
2026-09-30T19:05:13Z paused since 2026-09-30T10:38Z by ubuntu (drain): run=0 pend=12 df=714G
2026-09-30T19:10:19Z paused since 2026-09-30T10:38Z by ubuntu (drain): run=0 pend=12 df=714G
2026-09-30T19:15:26Z paused since 2026-09-30T10:38Z by ubuntu (drain): run=0 pend=12 df=714G
2026-09-30T19:20:32Z paused since 2026-09-30T10:38Z by ubuntu (drain): run=0 pend=12 df=714G
2026-09-30T19:25:37Z paused since 2026-09-30T10:38Z by ubuntu (drain): run=0 pend=12 df=714G
2026-09-30T19:30:44Z paused since 2026-09-30T10:38Z by ubuntu (drain): run=0 pend=12 df=714G
2026-09-30T19:35:50Z paused since 2026-09-30T10:38Z by ubuntu (drain): run=0 pend=12 df=714G
2026-09-30T19:40:56Z paused since 2026-09-30T10:38Z by ubuntu (drain): run=0 pend=12 df=714G
2026-09-30T19:46:02Z paused since 2026-09-30T10:38Z by ubuntu (drain): run=0 pend=12 df=714G
2026-09-30T19:51:08Z paused since 2026-09-30T10:38Z by ubuntu (drain): run=0 pend=12 df=714G
2026-09-30T19:56:15Z paused since 2026-09-30T10:38Z by ubuntu (drain): run=0 pend=12 df=714G
2026-09-30T20:01:21Z paused since 2026-09-30T10:38Z by ubuntu (drain): run=0 pend=12 df=714G
2026-09-30T20:06:28Z paused since 2026-09-30T10:38Z by ubuntu (drain): run=0 pend=12 df=714G
2026-09-30T20:11:34Z paused since 2026-09-30T10:38Z by ubuntu (drain): run=0 pend=12 df=714G
2026-09-30T20:16:40Z paused since 2026-09-30T10:38Z by ubuntu (drain): run=0 pend=12 df=714G
2026-09-30T20:21:46Z paused since 2026-09-30T10:38Z by ubuntu (drain): run=0 pend=12 df=714G
2026-09-30T20:26:53Z paused since 2026-09-30T10:38Z by ubuntu (drain): run=0 pend=12 df=714G
2026-09-30T20:31:59Z paused since 2026-09-30T10:38Z by ubuntu (drain): run=0 pend=12 df=714G
2026-09-30T20:37:05Z paused since 2026-09-30T10:38Z by ubuntu (drain): run=0 pend=12 df=714G
2026-09-30T20:42:11Z paused since 2026-09-30T10:38Z by ubuntu (drain): run=0 pend=12 df=714G
2026-09-30T20:47:17Z paused since 2026-09-30T10:38Z by ubuntu (drain): run=0 pend=12 df=714G
2026-09-30T20:52:23Z paused since 2026-09-30T10:38Z by ubuntu (drain): run=0 pend=12 df=714G
2026-09-30T20:57:29Z paused since 2026-09-30T10:38Z by ubuntu (drain): run=0 pend=12 df=714G
2026-09-30T21:02:35Z paused since 2026-09-30T10:38Z by ubuntu (drain): run=0 pend=12 df=714G
2026-09-30T21:07:41Z paused since 2026-09-30T10:38Z by ubuntu (drain): run=0 pend=12 df=714G
2026-09-30T21:12:46Z paused since 2026-09-30T10:38Z by ubuntu (drain): run=0 pend=12 df=714G
2026-09-30T21:17:52Z paused since 2026-09-30T10:38Z by ubuntu (drain): run=0 pend=12 df=714G
2026-09-30T21:22:58Z paused since 2026-09-30T10:38Z by ubuntu (drain): run=0 pend=12 df=714G
2026-09-30T21:28:04Z paused since 2026-09-30T10:38Z by ubuntu (drain): run=0 pend=12 df=714G
2026-09-30T21:33:09Z paused since 2026-09-30T10:38Z by ubuntu (drain): run=0 pend=12 df=714G
2026-09-30T21:38:15Z paused since 2026-09-30T10:38Z by ubuntu (drain): run=0 pend=12 df=714G
2026-09-30T21:43:20Z paused since 2026-09-30T10:38Z by ubuntu (drain): run=0 pend=12 df=714G
2026-09-30T21:48:26Z paused since 2026-09-30T10:38Z by ubuntu (drain): run=0 pend=12 df=714G
2026-09-30T21:53:31Z paused since 2026-09-30T10:38Z by ubuntu (drain): run=0 pend=12 df=714G
2026-09-30T21:58:37Z paused since 2026-09-30T10:38Z by ubuntu (drain): run=0 pend=12 df=714G
2026-09-30T22:03:42Z paused since 2026-09-30T10:38Z by ubuntu (drain): run=0 pend=12 df=714G
2026-09-30T22:08:48Z paused since 2026-09-30T10:38Z by ubuntu (drain): run=0 pend=12 df=712G
2026-09-30T22:13:53Z paused since 2026-09-30T10:38Z by ubuntu (drain): run=0 pend=12 df=712G
2026-09-30T22:18:59Z paused since 2026-09-30T10:38Z by ubuntu (drain): run=0 pend=12 df=712G
2026-09-30T22:24:05Z paused since 2026-09-30T10:38Z by ubuntu (drain): run=0 pend=12 df=712G
2026-09-30T22:29:11Z paused since 2026-09-30T10:38Z by ubuntu (drain): run=0 pend=12 df=712G
2026-09-30T22:34:16Z paused since 2026-09-30T10:38Z by ubuntu (drain): run=0 pend=12 df=712G
2026-09-30T22:39:22Z paused since 2026-09-30T10:38Z by ubuntu (drain): run=0 pend=12 df=712G
2026-09-30T22:44:27Z paused since 2026-09-30T10:38Z by ubuntu (drain): run=0 pend=12 df=712G
2026-09-30T22:49:33Z paused since 2026-09-30T10:38Z by ubuntu (drain): run=0 pend=12 df=712G
2026-09-30T22:54:39Z paused since 2026-09-30T10:38Z by ubuntu (drain): run=0 pend=12 df=712G
2026-09-30T22:59:44Z paused since 2026-09-30T10:38Z by ubuntu (drain): run=0 pend=12 df=712G
2026-09-30T23:04:46Z paused since 2026-09-30T10:38Z by ubuntu (drain): run=0 pend=12 df=712G
2026-09-30T23:09:51Z paused since 2026-09-30T10:38Z by ubuntu (drain): run=0 pend=12 df=711G
2026-09-30T23:14:57Z paused since 2026-09-30T10:38Z by ubuntu (drain): run=0 pend=12 df=711G
2026-09-30T23:20:03Z paused since 2026-09-30T10:38Z by ubuntu (drain): run=0 pend=12 df=711G
2026-09-30T23:25:07Z paused since 2026-09-30T10:38Z by ubuntu (drain): run=0 pend=12 df=711G
2026-09-30T23:30:25Z paused since 2026-09-30T10:38Z by ubuntu (drain): run=0 pend=12 df=668G
2026-09-30T23:35:42Z paused since 2026-09-30T10:38Z by ubuntu (drain): run=0 pend=12 df=613G
2026-09-30T23:40:58Z prune OK case 32 e33_h4_20250101 df 605G->605G
2026-09-30T23:41:12Z DONE
2026-09-30T23:41:12Z watchdog exiting (pid 3092413)
