[walk] host=nucla3m-a3meganodeset-2 shard 30/32: ['PNW_HeatDome_2021@wk8  m030', 'PNW_HeatDome_2021@wk8  m062', 'PNW_HeatDome_2021@wk8  m094']
[walk] PNW_HeatDome_2021@wk8  m030: 19 segment(s), 112 steps, init 2021-05-03 00:00:00 -> peak 2021-06-28 00:00:00
  [walker] w30 step1: 6 x 12 h from 2021-05-03 00:00:00
  [walker] loading 'GenCast 0p25deg <2019.npz' (0.25 deg)
[model] serial infer on 1 device(s); ensemble=1 (1 sample(s), one at a time). task pressure levels: 13
  [walker] model loaded in 7 s
  [walker] grid-node channels: inputs 176 + targets 504 + forcings 24; 6 step(s) from 2021-05-03 00:00:00
/home/ubuntu/Vayuh/data/eric/S2S_ExtremeWeather/third_party/graphcast/graphcast/rollout.py:328: FutureWarning: The return type of `Dataset.dims` will be changed to return a set of dimension names in future, in order to be more consistent with `DataArray.dims`. To access a mapping from dimension names to lengths, please use `Dataset.sizes`.
  num_target_steps = targets_template.dims["time"]
/home/ubuntu/miniconda3/envs/moe/lib/python3.12/site-packages/scipy/sparse/_index.py:210: SparseEfficiencyWarning: Changing the sparsity structure of a csr_matrix is expensive. lil and dok are more efficient.
  self._set_arrayXarray(i, j, x)
/home/ubuntu/miniconda3/envs/moe/lib/python3.12/site-packages/scipy/sparse/_index.py:210: SparseEfficiencyWarning: Changing the sparsity structure of a csr_matrix is expensive. lil and dok are more efficient.
  self._set_arrayXarray(i, j, x)
/home/ubuntu/miniconda3/envs/moe/lib/python3.12/site-packages/jax/_src/compiler.py:833: UserWarning: Error writing persistent compilation cache entry for 'jit_apply_fn': JaxRuntimeError: RESOURCE_EXHAUSTED: Failed to serialize message of type xla.gpu.GpuExecutableProto because its size must be smaller than 2GiB: 4171376162; at byte 0; at uncompressed byte 0; at byte 2909
	failed to serialize the rest of the fields in GpuExecutableProto split proto (all fields except asm_text, binary, dnn_compiled_graphs, and constants)
  warnings.warn(
/home/ubuntu/Vayuh/data/eric/S2S_ExtremeWeather/third_party/graphcast/graphcast/rollout.py:435: FutureWarning: The return type of `Dataset.dims` will be changed to return a set of dimension names in future, in order to be more consistent with `DataArray.dims`. To access a mapping from dimension names to lengths, please use `Dataset.sizes`.
  num_inputs = prev_inputs.dims["time"]
/home/ubuntu/Vayuh/data/eric/S2S_ExtremeWeather/third_party/graphcast/graphcast/rollout.py:437: FutureWarning: In a future version of xarray the default value for compat will change from compat='equals' to compat='override'. This change will result in the following ValueError: Cannot specify both data_vars='different' and compat='override'. The recommendation is to set compat explicitly for this case.
  xarray.concat(
  [walker w30 s1] step 1/6  valid 2021-05-03 12:00:00
  [walker w30 s1] step 2/6  valid 2021-05-04 00:00:00
  [walker w30 s1] step 3/6  valid 2021-05-04 12:00:00
  [walker w30 s1] step 4/6  valid 2021-05-05 00:00:00
  [walker w30 s1] step 5/6  valid 2021-05-05 12:00:00
  [walker w30 s1] step 6/6  valid 2021-05-06 00:00:00
  [walker] wrote /home/ubuntu/Vayuh/data/eric/S2S_ExtremeWeather/runs/astab/PNW_HeatDome_2021/ens/wk08/m030/step01/state.nc (472 MB), valid 2021-05-06 00:00:00
  [walker] wrote /home/ubuntu/Vayuh/data/eric/S2S_ExtremeWeather/runs/astab/PNW_HeatDome_2021/ens/wk08/m030/step01/diag.nc (34 MB, 6 steps)
[walk] physics PNW_HeatDome_2021@wk8  m030 step1 @ 2021-05-06 00:00:00: CONUS-mean T2m 292.07 K vs ERA5 292.36 K (-0.29 K; gate 6 K at 3 d lead, skill-bearing)
  [walk] slimmed PNW_HeatDome_2021@wk8  m030 step1 diag to ['2m_temperature'] (34 -> 0.3 MB)
  [walker] w30 step2: 6 x 12 h from 2021-05-06 00:00:00
  [walker] grid-node channels: inputs 176 + targets 504 + forcings 24; 6 step(s) from 2021-05-06 00:00:00
/home/ubuntu/Vayuh/data/eric/S2S_ExtremeWeather/third_party/graphcast/graphcast/rollout.py:328: FutureWarning: The return type of `Dataset.dims` will be changed to return a set of dimension names in future, in order to be more consistent with `DataArray.dims`. To access a mapping from dimension names to lengths, please use `Dataset.sizes`.
  num_target_steps = targets_template.dims["time"]
/home/ubuntu/Vayuh/data/eric/S2S_ExtremeWeather/third_party/graphcast/graphcast/rollout.py:435: FutureWarning: The return type of `Dataset.dims` will be changed to return a set of dimension names in future, in order to be more consistent with `DataArray.dims`. To access a mapping from dimension names to lengths, please use `Dataset.sizes`.
  num_inputs = prev_inputs.dims["time"]
/home/ubuntu/Vayuh/data/eric/S2S_ExtremeWeather/third_party/graphcast/graphcast/rollout.py:437: FutureWarning: In a future version of xarray the default value for compat will change from compat='equals' to compat='override'. This change will result in the following ValueError: Cannot specify both data_vars='different' and compat='override'. The recommendation is to set compat explicitly for this case.
  xarray.concat(
  [walker w30 s2] step 1/6  valid 2021-05-06 12:00:00
  [walker w30 s2] step 2/6  valid 2021-05-07 00:00:00
  [walker w30 s2] step 3/6  valid 2021-05-07 12:00:00
  [walker w30 s2] step 4/6  valid 2021-05-08 00:00:00
  [walker w30 s2] step 5/6  valid 2021-05-08 12:00:00
  [walker w30 s2] step 6/6  valid 2021-05-09 00:00:00
  [walker] wrote /home/ubuntu/Vayuh/data/eric/S2S_ExtremeWeather/runs/astab/PNW_HeatDome_2021/ens/wk08/m030/step02/state.nc (473 MB), valid 2021-05-09 00:00:00
  [walker] wrote /home/ubuntu/Vayuh/data/eric/S2S_ExtremeWeather/runs/astab/PNW_HeatDome_2021/ens/wk08/m030/step02/diag.nc (35 MB, 6 steps)
  [walk] slimmed PNW_HeatDome_2021@wk8  m030 step2 diag to ['2m_temperature'] (35 -> 0.3 MB)
  [walker] w30 step3: 6 x 12 h from 2021-05-09 00:00:00
  [walker] grid-node channels: inputs 176 + targets 504 + forcings 24; 6 step(s) from 2021-05-09 00:00:00
/home/ubuntu/Vayuh/data/eric/S2S_ExtremeWeather/third_party/graphcast/graphcast/rollout.py:328: FutureWarning: The return type of `Dataset.dims` will be changed to return a set of dimension names in future, in order to be more consistent with `DataArray.dims`. To access a mapping from dimension names to lengths, please use `Dataset.sizes`.
  num_target_steps = targets_template.dims["time"]
/home/ubuntu/Vayuh/data/eric/S2S_ExtremeWeather/third_party/graphcast/graphcast/rollout.py:435: FutureWarning: The return type of `Dataset.dims` will be changed to return a set of dimension names in future, in order to be more consistent with `DataArray.dims`. To access a mapping from dimension names to lengths, please use `Dataset.sizes`.
  num_inputs = prev_inputs.dims["time"]
/home/ubuntu/Vayuh/data/eric/S2S_ExtremeWeather/third_party/graphcast/graphcast/rollout.py:437: FutureWarning: In a future version of xarray the default value for compat will change from compat='equals' to compat='override'. This change will result in the following ValueError: Cannot specify both data_vars='different' and compat='override'. The recommendation is to set compat explicitly for this case.
  xarray.concat(
  [walker w30 s3] step 1/6  valid 2021-05-09 12:00:00
  [walker w30 s3] step 2/6  valid 2021-05-10 00:00:00
  [walker w30 s3] step 3/6  valid 2021-05-10 12:00:00
  [walker w30 s3] step 4/6  valid 2021-05-11 00:00:00
  [walker w30 s3] step 5/6  valid 2021-05-11 12:00:00
  [walker w30 s3] step 6/6  valid 2021-05-12 00:00:00
  [walker] wrote /home/ubuntu/Vayuh/data/eric/S2S_ExtremeWeather/runs/astab/PNW_HeatDome_2021/ens/wk08/m030/step03/state.nc (473 MB), valid 2021-05-12 00:00:00
  [walker] wrote /home/ubuntu/Vayuh/data/eric/S2S_ExtremeWeather/runs/astab/PNW_HeatDome_2021/ens/wk08/m030/step03/diag.nc (35 MB, 6 steps)
  [walk] slimmed PNW_HeatDome_2021@wk8  m030 step3 diag to ['2m_temperature'] (35 -> 0.4 MB)
  [walk] pruned PNW_HeatDome_2021@wk8  m030 step1 state (0.47 GB)
  [walker] w30 step4: 6 x 12 h from 2021-05-12 00:00:00
  [walker] grid-node channels: inputs 176 + targets 504 + forcings 24; 6 step(s) from 2021-05-12 00:00:00
/home/ubuntu/Vayuh/data/eric/S2S_ExtremeWeather/third_party/graphcast/graphcast/rollout.py:328: FutureWarning: The return type of `Dataset.dims` will be changed to return a set of dimension names in future, in order to be more consistent with `DataArray.dims`. To access a mapping from dimension names to lengths, please use `Dataset.sizes`.
  num_target_steps = targets_template.dims["time"]
/home/ubuntu/Vayuh/data/eric/S2S_ExtremeWeather/third_party/graphcast/graphcast/rollout.py:435: FutureWarning: The return type of `Dataset.dims` will be changed to return a set of dimension names in future, in order to be more consistent with `DataArray.dims`. To access a mapping from dimension names to lengths, please use `Dataset.sizes`.
  num_inputs = prev_inputs.dims["time"]
/home/ubuntu/Vayuh/data/eric/S2S_ExtremeWeather/third_party/graphcast/graphcast/rollout.py:437: FutureWarning: In a future version of xarray the default value for compat will change from compat='equals' to compat='override'. This change will result in the following ValueError: Cannot specify both data_vars='different' and compat='override'. The recommendation is to set compat explicitly for this case.
  xarray.concat(
  [walker w30 s4] step 1/6  valid 2021-05-12 12:00:00
  [walker w30 s4] step 2/6  valid 2021-05-13 00:00:00
  [walker w30 s4] step 3/6  valid 2021-05-13 12:00:00
  [walker w30 s4] step 4/6  valid 2021-05-14 00:00:00
  [walker w30 s4] step 5/6  valid 2021-05-14 12:00:00
  [walker w30 s4] step 6/6  valid 2021-05-15 00:00:00
  [walker] wrote /home/ubuntu/Vayuh/data/eric/S2S_ExtremeWeather/runs/astab/PNW_HeatDome_2021/ens/wk08/m030/step04/state.nc (473 MB), valid 2021-05-15 00:00:00
  [walker] wrote /home/ubuntu/Vayuh/data/eric/S2S_ExtremeWeather/runs/astab/PNW_HeatDome_2021/ens/wk08/m030/step04/diag.nc (35 MB, 6 steps)
  [walk] slimmed PNW_HeatDome_2021@wk8  m030 step4 diag to ['2m_temperature'] (35 -> 0.3 MB)
  [walk] pruned PNW_HeatDome_2021@wk8  m030 step2 state (0.47 GB)
  [walker] w30 step5: 6 x 12 h from 2021-05-15 00:00:00
  [walker] grid-node channels: inputs 176 + targets 504 + forcings 24; 6 step(s) from 2021-05-15 00:00:00
/home/ubuntu/Vayuh/data/eric/S2S_ExtremeWeather/third_party/graphcast/graphcast/rollout.py:328: FutureWarning: The return type of `Dataset.dims` will be changed to return a set of dimension names in future, in order to be more consistent with `DataArray.dims`. To access a mapping from dimension names to lengths, please use `Dataset.sizes`.
  num_target_steps = targets_template.dims["time"]
/home/ubuntu/Vayuh/data/eric/S2S_ExtremeWeather/third_party/graphcast/graphcast/rollout.py:435: FutureWarning: The return type of `Dataset.dims` will be changed to return a set of dimension names in future, in order to be more consistent with `DataArray.dims`. To access a mapping from dimension names to lengths, please use `Dataset.sizes`.
  num_inputs = prev_inputs.dims["time"]
/home/ubuntu/Vayuh/data/eric/S2S_ExtremeWeather/third_party/graphcast/graphcast/rollout.py:437: FutureWarning: In a future version of xarray the default value for compat will change from compat='equals' to compat='override'. This change will result in the following ValueError: Cannot specify both data_vars='different' and compat='override'. The recommendation is to set compat explicitly for this case.
  xarray.concat(
  [walker w30 s5] step 1/6  valid 2021-05-15 12:00:00
  [walker w30 s5] step 2/6  valid 2021-05-16 00:00:00
  [walker w30 s5] step 3/6  valid 2021-05-16 12:00:00
  [walker w30 s5] step 4/6  valid 2021-05-17 00:00:00
  [walker w30 s5] step 5/6  valid 2021-05-17 12:00:00
  [walker w30 s5] step 6/6  valid 2021-05-18 00:00:00
  [walker] wrote /home/ubuntu/Vayuh/data/eric/S2S_ExtremeWeather/runs/astab/PNW_HeatDome_2021/ens/wk08/m030/step05/state.nc (474 MB), valid 2021-05-18 00:00:00
  [walker] wrote /home/ubuntu/Vayuh/data/eric/S2S_ExtremeWeather/runs/astab/PNW_HeatDome_2021/ens/wk08/m030/step05/diag.nc (35 MB, 6 steps)
  [walk] slimmed PNW_HeatDome_2021@wk8  m030 step5 diag to ['2m_temperature'] (35 -> 0.4 MB)
  [walk] pruned PNW_HeatDome_2021@wk8  m030 step3 state (0.47 GB)
  [walker] w30 step6: 6 x 12 h from 2021-05-18 00:00:00
  [walker] grid-node channels: inputs 176 + targets 504 + forcings 24; 6 step(s) from 2021-05-18 00:00:00
/home/ubuntu/Vayuh/data/eric/S2S_ExtremeWeather/third_party/graphcast/graphcast/rollout.py:328: FutureWarning: The return type of `Dataset.dims` will be changed to return a set of dimension names in future, in order to be more consistent with `DataArray.dims`. To access a mapping from dimension names to lengths, please use `Dataset.sizes`.
  num_target_steps = targets_template.dims["time"]
/home/ubuntu/Vayuh/data/eric/S2S_ExtremeWeather/third_party/graphcast/graphcast/rollout.py:435: FutureWarning: The return type of `Dataset.dims` will be changed to return a set of dimension names in future, in order to be more consistent with `DataArray.dims`. To access a mapping from dimension names to lengths, please use `Dataset.sizes`.
  num_inputs = prev_inputs.dims["time"]
/home/ubuntu/Vayuh/data/eric/S2S_ExtremeWeather/third_party/graphcast/graphcast/rollout.py:437: FutureWarning: In a future version of xarray the default value for compat will change from compat='equals' to compat='override'. This change will result in the following ValueError: Cannot specify both data_vars='different' and compat='override'. The recommendation is to set compat explicitly for this case.
  xarray.concat(
  [walker w30 s6] step 1/6  valid 2021-05-18 12:00:00
  [walker w30 s6] step 2/6  valid 2021-05-19 00:00:00
  [walker w30 s6] step 3/6  valid 2021-05-19 12:00:00
  [walker w30 s6] step 4/6  valid 2021-05-20 00:00:00
  [walker w30 s6] step 5/6  valid 2021-05-20 12:00:00
  [walker w30 s6] step 6/6  valid 2021-05-21 00:00:00
  [walker] wrote /home/ubuntu/Vayuh/data/eric/S2S_ExtremeWeather/runs/astab/PNW_HeatDome_2021/ens/wk08/m030/step06/state.nc (474 MB), valid 2021-05-21 00:00:00
  [walker] wrote /home/ubuntu/Vayuh/data/eric/S2S_ExtremeWeather/runs/astab/PNW_HeatDome_2021/ens/wk08/m030/step06/diag.nc (35 MB, 6 steps)
  [walk] slimmed PNW_HeatDome_2021@wk8  m030 step6 diag to ['2m_temperature'] (35 -> 0.4 MB)
  [walk] pruned PNW_HeatDome_2021@wk8  m030 step4 state (0.47 GB)
  [walker] w30 step7: 6 x 12 h from 2021-05-21 00:00:00
  [walker] grid-node channels: inputs 176 + targets 504 + forcings 24; 6 step(s) from 2021-05-21 00:00:00
/home/ubuntu/Vayuh/data/eric/S2S_ExtremeWeather/third_party/graphcast/graphcast/rollout.py:328: FutureWarning: The return type of `Dataset.dims` will be changed to return a set of dimension names in future, in order to be more consistent with `DataArray.dims`. To access a mapping from dimension names to lengths, please use `Dataset.sizes`.
  num_target_steps = targets_template.dims["time"]
/home/ubuntu/Vayuh/data/eric/S2S_ExtremeWeather/third_party/graphcast/graphcast/rollout.py:435: FutureWarning: The return type of `Dataset.dims` will be changed to return a set of dimension names in future, in order to be more consistent with `DataArray.dims`. To access a mapping from dimension names to lengths, please use `Dataset.sizes`.
  num_inputs = prev_inputs.dims["time"]
/home/ubuntu/Vayuh/data/eric/S2S_ExtremeWeather/third_party/graphcast/graphcast/rollout.py:437: FutureWarning: In a future version of xarray the default value for compat will change from compat='equals' to compat='override'. This change will result in the following ValueError: Cannot specify both data_vars='different' and compat='override'. The recommendation is to set compat explicitly for this case.
  xarray.concat(
  [walker w30 s7] step 1/6  valid 2021-05-21 12:00:00
  [walker w30 s7] step 2/6  valid 2021-05-22 00:00:00
  [walker w30 s7] step 3/6  valid 2021-05-22 12:00:00
  [walker w30 s7] step 4/6  valid 2021-05-23 00:00:00
  [walker w30 s7] step 5/6  valid 2021-05-23 12:00:00
  [walker w30 s7] step 6/6  valid 2021-05-24 00:00:00
  [walker] wrote /home/ubuntu/Vayuh/data/eric/S2S_ExtremeWeather/runs/astab/PNW_HeatDome_2021/ens/wk08/m030/step07/state.nc (473 MB), valid 2021-05-24 00:00:00
  [walker] wrote /home/ubuntu/Vayuh/data/eric/S2S_ExtremeWeather/runs/astab/PNW_HeatDome_2021/ens/wk08/m030/step07/diag.nc (35 MB, 6 steps)
  [walk] slimmed PNW_HeatDome_2021@wk8  m030 step7 diag to ['2m_temperature'] (35 -> 0.4 MB)
  [walk] pruned PNW_HeatDome_2021@wk8  m030 step5 state (0.47 GB)
  [walker] w30 step8: 6 x 12 h from 2021-05-24 00:00:00
  [walker] grid-node channels: inputs 176 + targets 504 + forcings 24; 6 step(s) from 2021-05-24 00:00:00
/home/ubuntu/Vayuh/data/eric/S2S_ExtremeWeather/third_party/graphcast/graphcast/rollout.py:328: FutureWarning: The return type of `Dataset.dims` will be changed to return a set of dimension names in future, in order to be more consistent with `DataArray.dims`. To access a mapping from dimension names to lengths, please use `Dataset.sizes`.
  num_target_steps = targets_template.dims["time"]
/home/ubuntu/Vayuh/data/eric/S2S_ExtremeWeather/third_party/graphcast/graphcast/rollout.py:435: FutureWarning: The return type of `Dataset.dims` will be changed to return a set of dimension names in future, in order to be more consistent with `DataArray.dims`. To access a mapping from dimension names to lengths, please use `Dataset.sizes`.
  num_inputs = prev_inputs.dims["time"]
/home/ubuntu/Vayuh/data/eric/S2S_ExtremeWeather/third_party/graphcast/graphcast/rollout.py:437: FutureWarning: In a future version of xarray the default value for compat will change from compat='equals' to compat='override'. This change will result in the following ValueError: Cannot specify both data_vars='different' and compat='override'. The recommendation is to set compat explicitly for this case.
  xarray.concat(
  [walker w30 s8] step 1/6  valid 2021-05-24 12:00:00
  [walker w30 s8] step 2/6  valid 2021-05-25 00:00:00
  [walker w30 s8] step 3/6  valid 2021-05-25 12:00:00
  [walker w30 s8] step 4/6  valid 2021-05-26 00:00:00
  [walker w30 s8] step 5/6  valid 2021-05-26 12:00:00
  [walker w30 s8] step 6/6  valid 2021-05-27 00:00:00
  [walker] wrote /home/ubuntu/Vayuh/data/eric/S2S_ExtremeWeather/runs/astab/PNW_HeatDome_2021/ens/wk08/m030/step08/state.nc (474 MB), valid 2021-05-27 00:00:00
  [walker] wrote /home/ubuntu/Vayuh/data/eric/S2S_ExtremeWeather/runs/astab/PNW_HeatDome_2021/ens/wk08/m030/step08/diag.nc (35 MB, 6 steps)
  [walk] slimmed PNW_HeatDome_2021@wk8  m030 step8 diag to ['2m_temperature'] (35 -> 0.4 MB)
  [walk] pruned PNW_HeatDome_2021@wk8  m030 step6 state (0.47 GB)
  [walker] w30 step9: 6 x 12 h from 2021-05-27 00:00:00
  [walker] grid-node channels: inputs 176 + targets 504 + forcings 24; 6 step(s) from 2021-05-27 00:00:00
/home/ubuntu/Vayuh/data/eric/S2S_ExtremeWeather/third_party/graphcast/graphcast/rollout.py:328: FutureWarning: The return type of `Dataset.dims` will be changed to return a set of dimension names in future, in order to be more consistent with `DataArray.dims`. To access a mapping from dimension names to lengths, please use `Dataset.sizes`.
  num_target_steps = targets_template.dims["time"]
/home/ubuntu/Vayuh/data/eric/S2S_ExtremeWeather/third_party/graphcast/graphcast/rollout.py:435: FutureWarning: The return type of `Dataset.dims` will be changed to return a set of dimension names in future, in order to be more consistent with `DataArray.dims`. To access a mapping from dimension names to lengths, please use `Dataset.sizes`.
  num_inputs = prev_inputs.dims["time"]
/home/ubuntu/Vayuh/data/eric/S2S_ExtremeWeather/third_party/graphcast/graphcast/rollout.py:437: FutureWarning: In a future version of xarray the default value for compat will change from compat='equals' to compat='override'. This change will result in the following ValueError: Cannot specify both data_vars='different' and compat='override'. The recommendation is to set compat explicitly for this case.
  xarray.concat(
  [walker w30 s9] step 1/6  valid 2021-05-27 12:00:00
  [walker w30 s9] step 2/6  valid 2021-05-28 00:00:00
  [walker w30 s9] step 3/6  valid 2021-05-28 12:00:00
  [walker w30 s9] step 4/6  valid 2021-05-29 00:00:00
  [walker w30 s9] step 5/6  valid 2021-05-29 12:00:00
  [walker w30 s9] step 6/6  valid 2021-05-30 00:00:00
  [walker] wrote /home/ubuntu/Vayuh/data/eric/S2S_ExtremeWeather/runs/astab/PNW_HeatDome_2021/ens/wk08/m030/step09/state.nc (474 MB), valid 2021-05-30 00:00:00
  [walker] wrote /home/ubuntu/Vayuh/data/eric/S2S_ExtremeWeather/runs/astab/PNW_HeatDome_2021/ens/wk08/m030/step09/diag.nc (35 MB, 6 steps)
  [walk] slimmed PNW_HeatDome_2021@wk8  m030 step9 diag to ['2m_temperature'] (35 -> 0.4 MB)
  [walk] pruned PNW_HeatDome_2021@wk8  m030 step7 state (0.47 GB)
  [walker] w30 step10: 6 x 12 h from 2021-05-30 00:00:00
  [walker] grid-node channels: inputs 176 + targets 504 + forcings 24; 6 step(s) from 2021-05-30 00:00:00
/home/ubuntu/Vayuh/data/eric/S2S_ExtremeWeather/third_party/graphcast/graphcast/rollout.py:328: FutureWarning: The return type of `Dataset.dims` will be changed to return a set of dimension names in future, in order to be more consistent with `DataArray.dims`. To access a mapping from dimension names to lengths, please use `Dataset.sizes`.
  num_target_steps = targets_template.dims["time"]
/home/ubuntu/Vayuh/data/eric/S2S_ExtremeWeather/third_party/graphcast/graphcast/rollout.py:435: FutureWarning: The return type of `Dataset.dims` will be changed to return a set of dimension names in future, in order to be more consistent with `DataArray.dims`. To access a mapping from dimension names to lengths, please use `Dataset.sizes`.
  num_inputs = prev_inputs.dims["time"]
/home/ubuntu/Vayuh/data/eric/S2S_ExtremeWeather/third_party/graphcast/graphcast/rollout.py:437: FutureWarning: In a future version of xarray the default value for compat will change from compat='equals' to compat='override'. This change will result in the following ValueError: Cannot specify both data_vars='different' and compat='override'. The recommendation is to set compat explicitly for this case.
  xarray.concat(
  [walker w30 s10] step 1/6  valid 2021-05-30 12:00:00
  [walker w30 s10] step 2/6  valid 2021-05-31 00:00:00
  [walker w30 s10] step 3/6  valid 2021-05-31 12:00:00
  [walker w30 s10] step 4/6  valid 2021-06-01 00:00:00
  [walker w30 s10] step 5/6  valid 2021-06-01 12:00:00
  [walker w30 s10] step 6/6  valid 2021-06-02 00:00:00
  [walker] wrote /home/ubuntu/Vayuh/data/eric/S2S_ExtremeWeather/runs/astab/PNW_HeatDome_2021/ens/wk08/m030/step10/state.nc (474 MB), valid 2021-06-02 00:00:00
  [walker] wrote /home/ubuntu/Vayuh/data/eric/S2S_ExtremeWeather/runs/astab/PNW_HeatDome_2021/ens/wk08/m030/step10/diag.nc (35 MB, 6 steps)
  [walk] slimmed PNW_HeatDome_2021@wk8  m030 step10 diag to ['2m_temperature'] (35 -> 0.4 MB)
  [walk] pruned PNW_HeatDome_2021@wk8  m030 step8 state (0.47 GB)
  [walker] w30 step11: 6 x 12 h from 2021-06-02 00:00:00
  [walker] grid-node channels: inputs 176 + targets 504 + forcings 24; 6 step(s) from 2021-06-02 00:00:00
/home/ubuntu/Vayuh/data/eric/S2S_ExtremeWeather/third_party/graphcast/graphcast/rollout.py:328: FutureWarning: The return type of `Dataset.dims` will be changed to return a set of dimension names in future, in order to be more consistent with `DataArray.dims`. To access a mapping from dimension names to lengths, please use `Dataset.sizes`.
  num_target_steps = targets_template.dims["time"]
/home/ubuntu/Vayuh/data/eric/S2S_ExtremeWeather/third_party/graphcast/graphcast/rollout.py:435: FutureWarning: The return type of `Dataset.dims` will be changed to return a set of dimension names in future, in order to be more consistent with `DataArray.dims`. To access a mapping from dimension names to lengths, please use `Dataset.sizes`.
  num_inputs = prev_inputs.dims["time"]
/home/ubuntu/Vayuh/data/eric/S2S_ExtremeWeather/third_party/graphcast/graphcast/rollout.py:437: FutureWarning: In a future version of xarray the default value for compat will change from compat='equals' to compat='override'. This change will result in the following ValueError: Cannot specify both data_vars='different' and compat='override'. The recommendation is to set compat explicitly for this case.
  xarray.concat(
  [walker w30 s11] step 1/6  valid 2021-06-02 12:00:00
  [walker w30 s11] step 2/6  valid 2021-06-03 00:00:00
  [walker w30 s11] step 3/6  valid 2021-06-03 12:00:00
  [walker w30 s11] step 4/6  valid 2021-06-04 00:00:00
  [walker w30 s11] step 5/6  valid 2021-06-04 12:00:00
  [walker w30 s11] step 6/6  valid 2021-06-05 00:00:00
  [walker] wrote /home/ubuntu/Vayuh/data/eric/S2S_ExtremeWeather/runs/astab/PNW_HeatDome_2021/ens/wk08/m030/step11/state.nc (474 MB), valid 2021-06-05 00:00:00
  [walker] wrote /home/ubuntu/Vayuh/data/eric/S2S_ExtremeWeather/runs/astab/PNW_HeatDome_2021/ens/wk08/m030/step11/diag.nc (35 MB, 6 steps)
  [walk] slimmed PNW_HeatDome_2021@wk8  m030 step11 diag to ['2m_temperature'] (35 -> 0.4 MB)
  [walk] pruned PNW_HeatDome_2021@wk8  m030 step9 state (0.47 GB)
  [walker] w30 step12: 6 x 12 h from 2021-06-05 00:00:00
  [walker] grid-node channels: inputs 176 + targets 504 + forcings 24; 6 step(s) from 2021-06-05 00:00:00
/home/ubuntu/Vayuh/data/eric/S2S_ExtremeWeather/third_party/graphcast/graphcast/rollout.py:328: FutureWarning: The return type of `Dataset.dims` will be changed to return a set of dimension names in future, in order to be more consistent with `DataArray.dims`. To access a mapping from dimension names to lengths, please use `Dataset.sizes`.
  num_target_steps = targets_template.dims["time"]
/home/ubuntu/Vayuh/data/eric/S2S_ExtremeWeather/third_party/graphcast/graphcast/rollout.py:435: FutureWarning: The return type of `Dataset.dims` will be changed to return a set of dimension names in future, in order to be more consistent with `DataArray.dims`. To access a mapping from dimension names to lengths, please use `Dataset.sizes`.
  num_inputs = prev_inputs.dims["time"]
/home/ubuntu/Vayuh/data/eric/S2S_ExtremeWeather/third_party/graphcast/graphcast/rollout.py:437: FutureWarning: In a future version of xarray the default value for compat will change from compat='equals' to compat='override'. This change will result in the following ValueError: Cannot specify both data_vars='different' and compat='override'. The recommendation is to set compat explicitly for this case.
  xarray.concat(
  [walker w30 s12] step 1/6  valid 2021-06-05 12:00:00
  [walker w30 s12] step 2/6  valid 2021-06-06 00:00:00
  [walker w30 s12] step 3/6  valid 2021-06-06 12:00:00
  [walker w30 s12] step 4/6  valid 2021-06-07 00:00:00
  [walker w30 s12] step 5/6  valid 2021-06-07 12:00:00
  [walker w30 s12] step 6/6  valid 2021-06-08 00:00:00
  [walker] wrote /home/ubuntu/Vayuh/data/eric/S2S_ExtremeWeather/runs/astab/PNW_HeatDome_2021/ens/wk08/m030/step12/state.nc (474 MB), valid 2021-06-08 00:00:00
  [walker] wrote /home/ubuntu/Vayuh/data/eric/S2S_ExtremeWeather/runs/astab/PNW_HeatDome_2021/ens/wk08/m030/step12/diag.nc (35 MB, 6 steps)
  [walk] slimmed PNW_HeatDome_2021@wk8  m030 step12 diag to ['2m_temperature'] (35 -> 0.4 MB)
  [walk] pruned PNW_HeatDome_2021@wk8  m030 step10 state (0.47 GB)
  [walker] w30 step13: 6 x 12 h from 2021-06-08 00:00:00
  [walker] grid-node channels: inputs 176 + targets 504 + forcings 24; 6 step(s) from 2021-06-08 00:00:00
/home/ubuntu/Vayuh/data/eric/S2S_ExtremeWeather/third_party/graphcast/graphcast/rollout.py:328: FutureWarning: The return type of `Dataset.dims` will be changed to return a set of dimension names in future, in order to be more consistent with `DataArray.dims`. To access a mapping from dimension names to lengths, please use `Dataset.sizes`.
  num_target_steps = targets_template.dims["time"]
/home/ubuntu/Vayuh/data/eric/S2S_ExtremeWeather/third_party/graphcast/graphcast/rollout.py:435: FutureWarning: The return type of `Dataset.dims` will be changed to return a set of dimension names in future, in order to be more consistent with `DataArray.dims`. To access a mapping from dimension names to lengths, please use `Dataset.sizes`.
  num_inputs = prev_inputs.dims["time"]
/home/ubuntu/Vayuh/data/eric/S2S_ExtremeWeather/third_party/graphcast/graphcast/rollout.py:437: FutureWarning: In a future version of xarray the default value for compat will change from compat='equals' to compat='override'. This change will result in the following ValueError: Cannot specify both data_vars='different' and compat='override'. The recommendation is to set compat explicitly for this case.
  xarray.concat(
  [walker w30 s13] step 1/6  valid 2021-06-08 12:00:00
  [walker w30 s13] step 2/6  valid 2021-06-09 00:00:00
  [walker w30 s13] step 3/6  valid 2021-06-09 12:00:00
  [walker w30 s13] step 4/6  valid 2021-06-10 00:00:00
  [walker w30 s13] step 5/6  valid 2021-06-10 12:00:00
  [walker w30 s13] step 6/6  valid 2021-06-11 00:00:00
  [walker] wrote /home/ubuntu/Vayuh/data/eric/S2S_ExtremeWeather/runs/astab/PNW_HeatDome_2021/ens/wk08/m030/step13/state.nc (474 MB), valid 2021-06-11 00:00:00
  [walker] wrote /home/ubuntu/Vayuh/data/eric/S2S_ExtremeWeather/runs/astab/PNW_HeatDome_2021/ens/wk08/m030/step13/diag.nc (35 MB, 6 steps)
  [walk] slimmed PNW_HeatDome_2021@wk8  m030 step13 diag to ['2m_temperature'] (35 -> 0.4 MB)
  [walk] pruned PNW_HeatDome_2021@wk8  m030 step11 state (0.47 GB)
  [walker] w30 step14: 6 x 12 h from 2021-06-11 00:00:00
  [walker] grid-node channels: inputs 176 + targets 504 + forcings 24; 6 step(s) from 2021-06-11 00:00:00
/home/ubuntu/Vayuh/data/eric/S2S_ExtremeWeather/third_party/graphcast/graphcast/rollout.py:328: FutureWarning: The return type of `Dataset.dims` will be changed to return a set of dimension names in future, in order to be more consistent with `DataArray.dims`. To access a mapping from dimension names to lengths, please use `Dataset.sizes`.
  num_target_steps = targets_template.dims["time"]
/home/ubuntu/Vayuh/data/eric/S2S_ExtremeWeather/third_party/graphcast/graphcast/rollout.py:435: FutureWarning: The return type of `Dataset.dims` will be changed to return a set of dimension names in future, in order to be more consistent with `DataArray.dims`. To access a mapping from dimension names to lengths, please use `Dataset.sizes`.
  num_inputs = prev_inputs.dims["time"]
/home/ubuntu/Vayuh/data/eric/S2S_ExtremeWeather/third_party/graphcast/graphcast/rollout.py:437: FutureWarning: In a future version of xarray the default value for compat will change from compat='equals' to compat='override'. This change will result in the following ValueError: Cannot specify both data_vars='different' and compat='override'. The recommendation is to set compat explicitly for this case.
  xarray.concat(
  [walker w30 s14] step 1/6  valid 2021-06-11 12:00:00
  [walker w30 s14] step 2/6  valid 2021-06-12 00:00:00
  [walker w30 s14] step 3/6  valid 2021-06-12 12:00:00
  [walker w30 s14] step 4/6  valid 2021-06-13 00:00:00
  [walker w30 s14] step 5/6  valid 2021-06-13 12:00:00
  [walker w30 s14] step 6/6  valid 2021-06-14 00:00:00
  [walker] wrote /home/ubuntu/Vayuh/data/eric/S2S_ExtremeWeather/runs/astab/PNW_HeatDome_2021/ens/wk08/m030/step14/state.nc (474 MB), valid 2021-06-14 00:00:00
  [walker] wrote /home/ubuntu/Vayuh/data/eric/S2S_ExtremeWeather/runs/astab/PNW_HeatDome_2021/ens/wk08/m030/step14/diag.nc (35 MB, 6 steps)
  [walk] slimmed PNW_HeatDome_2021@wk8  m030 step14 diag to ['2m_temperature'] (35 -> 0.4 MB)
  [walk] pruned PNW_HeatDome_2021@wk8  m030 step12 state (0.47 GB)
  [walker] w30 step15: 6 x 12 h from 2021-06-14 00:00:00
  [walker] grid-node channels: inputs 176 + targets 504 + forcings 24; 6 step(s) from 2021-06-14 00:00:00
/home/ubuntu/Vayuh/data/eric/S2S_ExtremeWeather/third_party/graphcast/graphcast/rollout.py:328: FutureWarning: The return type of `Dataset.dims` will be changed to return a set of dimension names in future, in order to be more consistent with `DataArray.dims`. To access a mapping from dimension names to lengths, please use `Dataset.sizes`.
  num_target_steps = targets_template.dims["time"]
/home/ubuntu/Vayuh/data/eric/S2S_ExtremeWeather/third_party/graphcast/graphcast/rollout.py:435: FutureWarning: The return type of `Dataset.dims` will be changed to return a set of dimension names in future, in order to be more consistent with `DataArray.dims`. To access a mapping from dimension names to lengths, please use `Dataset.sizes`.
  num_inputs = prev_inputs.dims["time"]
/home/ubuntu/Vayuh/data/eric/S2S_ExtremeWeather/third_party/graphcast/graphcast/rollout.py:437: FutureWarning: In a future version of xarray the default value for compat will change from compat='equals' to compat='override'. This change will result in the following ValueError: Cannot specify both data_vars='different' and compat='override'. The recommendation is to set compat explicitly for this case.
  xarray.concat(
  [walker w30 s15] step 1/6  valid 2021-06-14 12:00:00
  [walker w30 s15] step 2/6  valid 2021-06-15 00:00:00
  [walker w30 s15] step 3/6  valid 2021-06-15 12:00:00
  [walker w30 s15] step 4/6  valid 2021-06-16 00:00:00
  [walker w30 s15] step 5/6  valid 2021-06-16 12:00:00
  [walker w30 s15] step 6/6  valid 2021-06-17 00:00:00
  [walker] wrote /home/ubuntu/Vayuh/data/eric/S2S_ExtremeWeather/runs/astab/PNW_HeatDome_2021/ens/wk08/m030/step15/state.nc (474 MB), valid 2021-06-17 00:00:00
  [walker] wrote /home/ubuntu/Vayuh/data/eric/S2S_ExtremeWeather/runs/astab/PNW_HeatDome_2021/ens/wk08/m030/step15/diag.nc (35 MB, 6 steps)
  [walk] slimmed PNW_HeatDome_2021@wk8  m030 step15 diag to ['2m_temperature'] (35 -> 0.4 MB)
  [walk] pruned PNW_HeatDome_2021@wk8  m030 step13 state (0.47 GB)
  [walker] w30 step16: 6 x 12 h from 2021-06-17 00:00:00
  [walker] grid-node channels: inputs 176 + targets 504 + forcings 24; 6 step(s) from 2021-06-17 00:00:00
/home/ubuntu/Vayuh/data/eric/S2S_ExtremeWeather/third_party/graphcast/graphcast/rollout.py:328: FutureWarning: The return type of `Dataset.dims` will be changed to return a set of dimension names in future, in order to be more consistent with `DataArray.dims`. To access a mapping from dimension names to lengths, please use `Dataset.sizes`.
  num_target_steps = targets_template.dims["time"]
/home/ubuntu/Vayuh/data/eric/S2S_ExtremeWeather/third_party/graphcast/graphcast/rollout.py:435: FutureWarning: The return type of `Dataset.dims` will be changed to return a set of dimension names in future, in order to be more consistent with `DataArray.dims`. To access a mapping from dimension names to lengths, please use `Dataset.sizes`.
  num_inputs = prev_inputs.dims["time"]
/home/ubuntu/Vayuh/data/eric/S2S_ExtremeWeather/third_party/graphcast/graphcast/rollout.py:437: FutureWarning: In a future version of xarray the default value for compat will change from compat='equals' to compat='override'. This change will result in the following ValueError: Cannot specify both data_vars='different' and compat='override'. The recommendation is to set compat explicitly for this case.
  xarray.concat(
  [walker w30 s16] step 1/6  valid 2021-06-17 12:00:00
  [walker w30 s16] step 2/6  valid 2021-06-18 00:00:00
  [walker w30 s16] step 3/6  valid 2021-06-18 12:00:00
  [walker w30 s16] step 4/6  valid 2021-06-19 00:00:00
  [walker w30 s16] step 5/6  valid 2021-06-19 12:00:00
  [walker w30 s16] step 6/6  valid 2021-06-20 00:00:00
  [walker] wrote /home/ubuntu/Vayuh/data/eric/S2S_ExtremeWeather/runs/astab/PNW_HeatDome_2021/ens/wk08/m030/step16/state.nc (474 MB), valid 2021-06-20 00:00:00
  [walker] wrote /home/ubuntu/Vayuh/data/eric/S2S_ExtremeWeather/runs/astab/PNW_HeatDome_2021/ens/wk08/m030/step16/diag.nc (35 MB, 6 steps)
  [walk] slimmed PNW_HeatDome_2021@wk8  m030 step16 diag to ['2m_temperature'] (35 -> 0.3 MB)
  [walk] pruned PNW_HeatDome_2021@wk8  m030 step14 state (0.47 GB)
  [walker] w30 step17: 6 x 12 h from 2021-06-20 00:00:00
  [walker] grid-node channels: inputs 176 + targets 504 + forcings 24; 6 step(s) from 2021-06-20 00:00:00
/home/ubuntu/Vayuh/data/eric/S2S_ExtremeWeather/third_party/graphcast/graphcast/rollout.py:328: FutureWarning: The return type of `Dataset.dims` will be changed to return a set of dimension names in future, in order to be more consistent with `DataArray.dims`. To access a mapping from dimension names to lengths, please use `Dataset.sizes`.
  num_target_steps = targets_template.dims["time"]
/home/ubuntu/Vayuh/data/eric/S2S_ExtremeWeather/third_party/graphcast/graphcast/rollout.py:435: FutureWarning: The return type of `Dataset.dims` will be changed to return a set of dimension names in future, in order to be more consistent with `DataArray.dims`. To access a mapping from dimension names to lengths, please use `Dataset.sizes`.
  num_inputs = prev_inputs.dims["time"]
/home/ubuntu/Vayuh/data/eric/S2S_ExtremeWeather/third_party/graphcast/graphcast/rollout.py:437: FutureWarning: In a future version of xarray the default value for compat will change from compat='equals' to compat='override'. This change will result in the following ValueError: Cannot specify both data_vars='different' and compat='override'. The recommendation is to set compat explicitly for this case.
  xarray.concat(
  [walker w30 s17] step 1/6  valid 2021-06-20 12:00:00
  [walker w30 s17] step 2/6  valid 2021-06-21 00:00:00
  [walker w30 s17] step 3/6  valid 2021-06-21 12:00:00
  [walker w30 s17] step 4/6  valid 2021-06-22 00:00:00
  [walker w30 s17] step 5/6  valid 2021-06-22 12:00:00
  [walker w30 s17] step 6/6  valid 2021-06-23 00:00:00
  [walker] wrote /home/ubuntu/Vayuh/data/eric/S2S_ExtremeWeather/runs/astab/PNW_HeatDome_2021/ens/wk08/m030/step17/state.nc (474 MB), valid 2021-06-23 00:00:00
  [walker] wrote /home/ubuntu/Vayuh/data/eric/S2S_ExtremeWeather/runs/astab/PNW_HeatDome_2021/ens/wk08/m030/step17/diag.nc (35 MB, 6 steps)
  [walk] slimmed PNW_HeatDome_2021@wk8  m030 step17 diag to ['2m_temperature'] (35 -> 0.3 MB)
  [walk] pruned PNW_HeatDome_2021@wk8  m030 step15 state (0.47 GB)
  [walker] w30 step18: 6 x 12 h from 2021-06-23 00:00:00
  [walker] grid-node channels: inputs 176 + targets 504 + forcings 24; 6 step(s) from 2021-06-23 00:00:00
/home/ubuntu/Vayuh/data/eric/S2S_ExtremeWeather/third_party/graphcast/graphcast/rollout.py:328: FutureWarning: The return type of `Dataset.dims` will be changed to return a set of dimension names in future, in order to be more consistent with `DataArray.dims`. To access a mapping from dimension names to lengths, please use `Dataset.sizes`.
  num_target_steps = targets_template.dims["time"]
/home/ubuntu/Vayuh/data/eric/S2S_ExtremeWeather/third_party/graphcast/graphcast/rollout.py:435: FutureWarning: The return type of `Dataset.dims` will be changed to return a set of dimension names in future, in order to be more consistent with `DataArray.dims`. To access a mapping from dimension names to lengths, please use `Dataset.sizes`.
  num_inputs = prev_inputs.dims["time"]
/home/ubuntu/Vayuh/data/eric/S2S_ExtremeWeather/third_party/graphcast/graphcast/rollout.py:437: FutureWarning: In a future version of xarray the default value for compat will change from compat='equals' to compat='override'. This change will result in the following ValueError: Cannot specify both data_vars='different' and compat='override'. The recommendation is to set compat explicitly for this case.
  xarray.concat(
  [walker w30 s18] step 1/6  valid 2021-06-23 12:00:00
  [walker w30 s18] step 2/6  valid 2021-06-24 00:00:00
  [walker w30 s18] step 3/6  valid 2021-06-24 12:00:00
  [walker w30 s18] step 4/6  valid 2021-06-25 00:00:00
  [walker w30 s18] step 5/6  valid 2021-06-25 12:00:00
  [walker w30 s18] step 6/6  valid 2021-06-26 00:00:00
  [walker] wrote /home/ubuntu/Vayuh/data/eric/S2S_ExtremeWeather/runs/astab/PNW_HeatDome_2021/ens/wk08/m030/step18/state.nc (475 MB), valid 2021-06-26 00:00:00
  [walker] wrote /home/ubuntu/Vayuh/data/eric/S2S_ExtremeWeather/runs/astab/PNW_HeatDome_2021/ens/wk08/m030/step18/diag.nc (35 MB, 6 steps)
  [walk] slimmed PNW_HeatDome_2021@wk8  m030 step18 diag to ['2m_temperature'] (35 -> 0.3 MB)
  [walk] pruned PNW_HeatDome_2021@wk8  m030 step16 state (0.47 GB)
  [walker] w30 step19: 4 x 12 h from 2021-06-26 00:00:00
  [walker] grid-node channels: inputs 176 + targets 336 + forcings 16; 4 step(s) from 2021-06-26 00:00:00
/home/ubuntu/Vayuh/data/eric/S2S_ExtremeWeather/third_party/graphcast/graphcast/rollout.py:328: FutureWarning: The return type of `Dataset.dims` will be changed to return a set of dimension names in future, in order to be more consistent with `DataArray.dims`. To access a mapping from dimension names to lengths, please use `Dataset.sizes`.
  num_target_steps = targets_template.dims["time"]
/home/ubuntu/Vayuh/data/eric/S2S_ExtremeWeather/third_party/graphcast/graphcast/rollout.py:435: FutureWarning: The return type of `Dataset.dims` will be changed to return a set of dimension names in future, in order to be more consistent with `DataArray.dims`. To access a mapping from dimension names to lengths, please use `Dataset.sizes`.
  num_inputs = prev_inputs.dims["time"]
/home/ubuntu/Vayuh/data/eric/S2S_ExtremeWeather/third_party/graphcast/graphcast/rollout.py:437: FutureWarning: In a future version of xarray the default value for compat will change from compat='equals' to compat='override'. This change will result in the following ValueError: Cannot specify both data_vars='different' and compat='override'. The recommendation is to set compat explicitly for this case.
  xarray.concat(
  [walker w30 s19] step 1/4  valid 2021-06-26 12:00:00
  [walker w30 s19] step 2/4  valid 2021-06-27 00:00:00
  [walker w30 s19] step 3/4  valid 2021-06-27 12:00:00
  [walker w30 s19] step 4/4  valid 2021-06-28 00:00:00
  [walker] wrote /home/ubuntu/Vayuh/data/eric/S2S_ExtremeWeather/runs/astab/PNW_HeatDome_2021/ens/wk08/m030/step19/state.nc (477 MB), valid 2021-06-28 00:00:00
  [walker] wrote /home/ubuntu/Vayuh/data/eric/S2S_ExtremeWeather/runs/astab/PNW_HeatDome_2021/ens/wk08/m030/step19/diag.nc (23 MB, 4 steps)
  [walk] slimmed PNW_HeatDome_2021@wk8  m030 step19 diag to ['2m_temperature'] (23 -> 0.2 MB)
  [walk] pruned PNW_HeatDome_2021@wk8  m030 step17 state (0.47 GB)
[walk] PNW_HeatDome_2021@wk8  m030: complete, landed exactly on the peak 2021-06-28 00:00:00 (4094 s elapsed on this shard)
  [walk] released PNW_HeatDome_2021@wk8  m030 states (0.95 GB)
[walk] m030: complete; never left bounds
[walk] PNW_HeatDome_2021@wk8  m062: 19 segment(s), 112 steps, init 2021-05-03 00:00:00 -> peak 2021-06-28 00:00:00
  [walker] w62 step1: 6 x 12 h from 2021-05-03 00:00:00
  [walker] grid-node channels: inputs 176 + targets 504 + forcings 24; 6 step(s) from 2021-05-03 00:00:00
/home/ubuntu/Vayuh/data/eric/S2S_ExtremeWeather/third_party/graphcast/graphcast/rollout.py:328: FutureWarning: The return type of `Dataset.dims` will be changed to return a set of dimension names in future, in order to be more consistent with `DataArray.dims`. To access a mapping from dimension names to lengths, please use `Dataset.sizes`.
  num_target_steps = targets_template.dims["time"]
/home/ubuntu/Vayuh/data/eric/S2S_ExtremeWeather/third_party/graphcast/graphcast/rollout.py:435: FutureWarning: The return type of `Dataset.dims` will be changed to return a set of dimension names in future, in order to be more consistent with `DataArray.dims`. To access a mapping from dimension names to lengths, please use `Dataset.sizes`.
  num_inputs = prev_inputs.dims["time"]
/home/ubuntu/Vayuh/data/eric/S2S_ExtremeWeather/third_party/graphcast/graphcast/rollout.py:437: FutureWarning: In a future version of xarray the default value for compat will change from compat='equals' to compat='override'. This change will result in the following ValueError: Cannot specify both data_vars='different' and compat='override'. The recommendation is to set compat explicitly for this case.
  xarray.concat(
  [walker w62 s1] step 1/6  valid 2021-05-03 12:00:00
  [walker w62 s1] step 2/6  valid 2021-05-04 00:00:00
  [walker w62 s1] step 3/6  valid 2021-05-04 12:00:00
  [walker w62 s1] step 4/6  valid 2021-05-05 00:00:00
  [walker w62 s1] step 5/6  valid 2021-05-05 12:00:00
  [walker w62 s1] step 6/6  valid 2021-05-06 00:00:00
  [walker] wrote /home/ubuntu/Vayuh/data/eric/S2S_ExtremeWeather/runs/astab/PNW_HeatDome_2021/ens/wk08/m062/step01/state.nc (472 MB), valid 2021-05-06 00:00:00
  [walker] wrote /home/ubuntu/Vayuh/data/eric/S2S_ExtremeWeather/runs/astab/PNW_HeatDome_2021/ens/wk08/m062/step01/diag.nc (34 MB, 6 steps)
[walk] physics PNW_HeatDome_2021@wk8  m062 step1 @ 2021-05-06 00:00:00: CONUS-mean T2m 292.43 K vs ERA5 292.36 K (+0.07 K; gate 6 K at 3 d lead, skill-bearing)
  [walk] slimmed PNW_HeatDome_2021@wk8  m062 step1 diag to ['2m_temperature'] (34 -> 0.3 MB)
  [walker] w62 step2: 6 x 12 h from 2021-05-06 00:00:00
  [walker] grid-node channels: inputs 176 + targets 504 + forcings 24; 6 step(s) from 2021-05-06 00:00:00
/home/ubuntu/Vayuh/data/eric/S2S_ExtremeWeather/third_party/graphcast/graphcast/rollout.py:328: FutureWarning: The return type of `Dataset.dims` will be changed to return a set of dimension names in future, in order to be more consistent with `DataArray.dims`. To access a mapping from dimension names to lengths, please use `Dataset.sizes`.
  num_target_steps = targets_template.dims["time"]
/home/ubuntu/Vayuh/data/eric/S2S_ExtremeWeather/third_party/graphcast/graphcast/rollout.py:435: FutureWarning: The return type of `Dataset.dims` will be changed to return a set of dimension names in future, in order to be more consistent with `DataArray.dims`. To access a mapping from dimension names to lengths, please use `Dataset.sizes`.
  num_inputs = prev_inputs.dims["time"]
/home/ubuntu/Vayuh/data/eric/S2S_ExtremeWeather/third_party/graphcast/graphcast/rollout.py:437: FutureWarning: In a future version of xarray the default value for compat will change from compat='equals' to compat='override'. This change will result in the following ValueError: Cannot specify both data_vars='different' and compat='override'. The recommendation is to set compat explicitly for this case.
  xarray.concat(
  [walker w62 s2] step 1/6  valid 2021-05-06 12:00:00
  [walker w62 s2] step 2/6  valid 2021-05-07 00:00:00
  [walker w62 s2] step 3/6  valid 2021-05-07 12:00:00
  [walker w62 s2] step 4/6  valid 2021-05-08 00:00:00
  [walker w62 s2] step 5/6  valid 2021-05-08 12:00:00
  [walker w62 s2] step 6/6  valid 2021-05-09 00:00:00
  [walker] wrote /home/ubuntu/Vayuh/data/eric/S2S_ExtremeWeather/runs/astab/PNW_HeatDome_2021/ens/wk08/m062/step02/state.nc (473 MB), valid 2021-05-09 00:00:00
  [walker] wrote /home/ubuntu/Vayuh/data/eric/S2S_ExtremeWeather/runs/astab/PNW_HeatDome_2021/ens/wk08/m062/step02/diag.nc (34 MB, 6 steps)
  [walk] slimmed PNW_HeatDome_2021@wk8  m062 step2 diag to ['2m_temperature'] (34 -> 0.3 MB)
  [walker] w62 step3: 6 x 12 h from 2021-05-09 00:00:00
  [walker] grid-node channels: inputs 176 + targets 504 + forcings 24; 6 step(s) from 2021-05-09 00:00:00
/home/ubuntu/Vayuh/data/eric/S2S_ExtremeWeather/third_party/graphcast/graphcast/rollout.py:328: FutureWarning: The return type of `Dataset.dims` will be changed to return a set of dimension names in future, in order to be more consistent with `DataArray.dims`. To access a mapping from dimension names to lengths, please use `Dataset.sizes`.
  num_target_steps = targets_template.dims["time"]
/home/ubuntu/Vayuh/data/eric/S2S_ExtremeWeather/third_party/graphcast/graphcast/rollout.py:435: FutureWarning: The return type of `Dataset.dims` will be changed to return a set of dimension names in future, in order to be more consistent with `DataArray.dims`. To access a mapping from dimension names to lengths, please use `Dataset.sizes`.
  num_inputs = prev_inputs.dims["time"]
/home/ubuntu/Vayuh/data/eric/S2S_ExtremeWeather/third_party/graphcast/graphcast/rollout.py:437: FutureWarning: In a future version of xarray the default value for compat will change from compat='equals' to compat='override'. This change will result in the following ValueError: Cannot specify both data_vars='different' and compat='override'. The recommendation is to set compat explicitly for this case.
  xarray.concat(
  [walker w62 s3] step 1/6  valid 2021-05-09 12:00:00
  [walker w62 s3] step 2/6  valid 2021-05-10 00:00:00
  [walker w62 s3] step 3/6  valid 2021-05-10 12:00:00
  [walker w62 s3] step 4/6  valid 2021-05-11 00:00:00
  [walker w62 s3] step 5/6  valid 2021-05-11 12:00:00
  [walker w62 s3] step 6/6  valid 2021-05-12 00:00:00
  [walker] wrote /home/ubuntu/Vayuh/data/eric/S2S_ExtremeWeather/runs/astab/PNW_HeatDome_2021/ens/wk08/m062/step03/state.nc (473 MB), valid 2021-05-12 00:00:00
  [walker] wrote /home/ubuntu/Vayuh/data/eric/S2S_ExtremeWeather/runs/astab/PNW_HeatDome_2021/ens/wk08/m062/step03/diag.nc (35 MB, 6 steps)
  [walk] slimmed PNW_HeatDome_2021@wk8  m062 step3 diag to ['2m_temperature'] (35 -> 0.3 MB)
  [walk] pruned PNW_HeatDome_2021@wk8  m062 step1 state (0.47 GB)
  [walker] w62 step4: 6 x 12 h from 2021-05-12 00:00:00
  [walker] grid-node channels: inputs 176 + targets 504 + forcings 24; 6 step(s) from 2021-05-12 00:00:00
/home/ubuntu/Vayuh/data/eric/S2S_ExtremeWeather/third_party/graphcast/graphcast/rollout.py:328: FutureWarning: The return type of `Dataset.dims` will be changed to return a set of dimension names in future, in order to be more consistent with `DataArray.dims`. To access a mapping from dimension names to lengths, please use `Dataset.sizes`.
  num_target_steps = targets_template.dims["time"]
/home/ubuntu/Vayuh/data/eric/S2S_ExtremeWeather/third_party/graphcast/graphcast/rollout.py:435: FutureWarning: The return type of `Dataset.dims` will be changed to return a set of dimension names in future, in order to be more consistent with `DataArray.dims`. To access a mapping from dimension names to lengths, please use `Dataset.sizes`.
  num_inputs = prev_inputs.dims["time"]
/home/ubuntu/Vayuh/data/eric/S2S_ExtremeWeather/third_party/graphcast/graphcast/rollout.py:437: FutureWarning: In a future version of xarray the default value for compat will change from compat='equals' to compat='override'. This change will result in the following ValueError: Cannot specify both data_vars='different' and compat='override'. The recommendation is to set compat explicitly for this case.
  xarray.concat(
  [walker w62 s4] step 1/6  valid 2021-05-12 12:00:00
  [walker w62 s4] step 2/6  valid 2021-05-13 00:00:00
  [walker w62 s4] step 3/6  valid 2021-05-13 12:00:00
  [walker w62 s4] step 4/6  valid 2021-05-14 00:00:00
  [walker w62 s4] step 5/6  valid 2021-05-14 12:00:00
  [walker w62 s4] step 6/6  valid 2021-05-15 00:00:00
  [walker] wrote /home/ubuntu/Vayuh/data/eric/S2S_ExtremeWeather/runs/astab/PNW_HeatDome_2021/ens/wk08/m062/step04/state.nc (473 MB), valid 2021-05-15 00:00:00
  [walker] wrote /home/ubuntu/Vayuh/data/eric/S2S_ExtremeWeather/runs/astab/PNW_HeatDome_2021/ens/wk08/m062/step04/diag.nc (35 MB, 6 steps)
  [walk] slimmed PNW_HeatDome_2021@wk8  m062 step4 diag to ['2m_temperature'] (35 -> 0.4 MB)
  [walk] pruned PNW_HeatDome_2021@wk8  m062 step2 state (0.47 GB)
  [walker] w62 step5: 6 x 12 h from 2021-05-15 00:00:00
  [walker] grid-node channels: inputs 176 + targets 504 + forcings 24; 6 step(s) from 2021-05-15 00:00:00
/home/ubuntu/Vayuh/data/eric/S2S_ExtremeWeather/third_party/graphcast/graphcast/rollout.py:328: FutureWarning: The return type of `Dataset.dims` will be changed to return a set of dimension names in future, in order to be more consistent with `DataArray.dims`. To access a mapping from dimension names to lengths, please use `Dataset.sizes`.
  num_target_steps = targets_template.dims["time"]
/home/ubuntu/Vayuh/data/eric/S2S_ExtremeWeather/third_party/graphcast/graphcast/rollout.py:435: FutureWarning: The return type of `Dataset.dims` will be changed to return a set of dimension names in future, in order to be more consistent with `DataArray.dims`. To access a mapping from dimension names to lengths, please use `Dataset.sizes`.
  num_inputs = prev_inputs.dims["time"]
/home/ubuntu/Vayuh/data/eric/S2S_ExtremeWeather/third_party/graphcast/graphcast/rollout.py:437: FutureWarning: In a future version of xarray the default value for compat will change from compat='equals' to compat='override'. This change will result in the following ValueError: Cannot specify both data_vars='different' and compat='override'. The recommendation is to set compat explicitly for this case.
  xarray.concat(
  [walker w62 s5] step 1/6  valid 2021-05-15 12:00:00
  [walker w62 s5] step 2/6  valid 2021-05-16 00:00:00
  [walker w62 s5] step 3/6  valid 2021-05-16 12:00:00
  [walker w62 s5] step 4/6  valid 2021-05-17 00:00:00
  [walker w62 s5] step 5/6  valid 2021-05-17 12:00:00
  [walker w62 s5] step 6/6  valid 2021-05-18 00:00:00
  [walker] wrote /home/ubuntu/Vayuh/data/eric/S2S_ExtremeWeather/runs/astab/PNW_HeatDome_2021/ens/wk08/m062/step05/state.nc (474 MB), valid 2021-05-18 00:00:00
  [walker] wrote /home/ubuntu/Vayuh/data/eric/S2S_ExtremeWeather/runs/astab/PNW_HeatDome_2021/ens/wk08/m062/step05/diag.nc (35 MB, 6 steps)
  [walk] slimmed PNW_HeatDome_2021@wk8  m062 step5 diag to ['2m_temperature'] (35 -> 0.4 MB)
  [walk] pruned PNW_HeatDome_2021@wk8  m062 step3 state (0.47 GB)
  [walker] w62 step6: 6 x 12 h from 2021-05-18 00:00:00
  [walker] grid-node channels: inputs 176 + targets 504 + forcings 24; 6 step(s) from 2021-05-18 00:00:00
/home/ubuntu/Vayuh/data/eric/S2S_ExtremeWeather/third_party/graphcast/graphcast/rollout.py:328: FutureWarning: The return type of `Dataset.dims` will be changed to return a set of dimension names in future, in order to be more consistent with `DataArray.dims`. To access a mapping from dimension names to lengths, please use `Dataset.sizes`.
  num_target_steps = targets_template.dims["time"]
/home/ubuntu/Vayuh/data/eric/S2S_ExtremeWeather/third_party/graphcast/graphcast/rollout.py:435: FutureWarning: The return type of `Dataset.dims` will be changed to return a set of dimension names in future, in order to be more consistent with `DataArray.dims`. To access a mapping from dimension names to lengths, please use `Dataset.sizes`.
  num_inputs = prev_inputs.dims["time"]
/home/ubuntu/Vayuh/data/eric/S2S_ExtremeWeather/third_party/graphcast/graphcast/rollout.py:437: FutureWarning: In a future version of xarray the default value for compat will change from compat='equals' to compat='override'. This change will result in the following ValueError: Cannot specify both data_vars='different' and compat='override'. The recommendation is to set compat explicitly for this case.
  xarray.concat(
  [walker w62 s6] step 1/6  valid 2021-05-18 12:00:00
  [walker w62 s6] step 2/6  valid 2021-05-19 00:00:00
  [walker w62 s6] step 3/6  valid 2021-05-19 12:00:00
  [walker w62 s6] step 4/6  valid 2021-05-20 00:00:00
  [walker w62 s6] step 5/6  valid 2021-05-20 12:00:00
  [walker w62 s6] step 6/6  valid 2021-05-21 00:00:00
  [walker] wrote /home/ubuntu/Vayuh/data/eric/S2S_ExtremeWeather/runs/astab/PNW_HeatDome_2021/ens/wk08/m062/step06/state.nc (474 MB), valid 2021-05-21 00:00:00
  [walker] wrote /home/ubuntu/Vayuh/data/eric/S2S_ExtremeWeather/runs/astab/PNW_HeatDome_2021/ens/wk08/m062/step06/diag.nc (35 MB, 6 steps)
  [walk] slimmed PNW_HeatDome_2021@wk8  m062 step6 diag to ['2m_temperature'] (35 -> 0.4 MB)
  [walk] pruned PNW_HeatDome_2021@wk8  m062 step4 state (0.47 GB)
  [walker] w62 step7: 6 x 12 h from 2021-05-21 00:00:00
  [walker] grid-node channels: inputs 176 + targets 504 + forcings 24; 6 step(s) from 2021-05-21 00:00:00
/home/ubuntu/Vayuh/data/eric/S2S_ExtremeWeather/third_party/graphcast/graphcast/rollout.py:328: FutureWarning: The return type of `Dataset.dims` will be changed to return a set of dimension names in future, in order to be more consistent with `DataArray.dims`. To access a mapping from dimension names to lengths, please use `Dataset.sizes`.
  num_target_steps = targets_template.dims["time"]
/home/ubuntu/Vayuh/data/eric/S2S_ExtremeWeather/third_party/graphcast/graphcast/rollout.py:435: FutureWarning: The return type of `Dataset.dims` will be changed to return a set of dimension names in future, in order to be more consistent with `DataArray.dims`. To access a mapping from dimension names to lengths, please use `Dataset.sizes`.
  num_inputs = prev_inputs.dims["time"]
/home/ubuntu/Vayuh/data/eric/S2S_ExtremeWeather/third_party/graphcast/graphcast/rollout.py:437: FutureWarning: In a future version of xarray the default value for compat will change from compat='equals' to compat='override'. This change will result in the following ValueError: Cannot specify both data_vars='different' and compat='override'. The recommendation is to set compat explicitly for this case.
  xarray.concat(
  [walker w62 s7] step 1/6  valid 2021-05-21 12:00:00
  [walker w62 s7] step 2/6  valid 2021-05-22 00:00:00
  [walker w62 s7] step 3/6  valid 2021-05-22 12:00:00
  [walker w62 s7] step 4/6  valid 2021-05-23 00:00:00
  [walker w62 s7] step 5/6  valid 2021-05-23 12:00:00
  [walker w62 s7] step 6/6  valid 2021-05-24 00:00:00
  [walker] wrote /home/ubuntu/Vayuh/data/eric/S2S_ExtremeWeather/runs/astab/PNW_HeatDome_2021/ens/wk08/m062/step07/state.nc (474 MB), valid 2021-05-24 00:00:00
  [walker] wrote /home/ubuntu/Vayuh/data/eric/S2S_ExtremeWeather/runs/astab/PNW_HeatDome_2021/ens/wk08/m062/step07/diag.nc (35 MB, 6 steps)
  [walk] slimmed PNW_HeatDome_2021@wk8  m062 step7 diag to ['2m_temperature'] (35 -> 0.4 MB)
  [walk] pruned PNW_HeatDome_2021@wk8  m062 step5 state (0.47 GB)
  [walker] w62 step8: 6 x 12 h from 2021-05-24 00:00:00
  [walker] grid-node channels: inputs 176 + targets 504 + forcings 24; 6 step(s) from 2021-05-24 00:00:00
/home/ubuntu/Vayuh/data/eric/S2S_ExtremeWeather/third_party/graphcast/graphcast/rollout.py:328: FutureWarning: The return type of `Dataset.dims` will be changed to return a set of dimension names in future, in order to be more consistent with `DataArray.dims`. To access a mapping from dimension names to lengths, please use `Dataset.sizes`.
  num_target_steps = targets_template.dims["time"]
/home/ubuntu/Vayuh/data/eric/S2S_ExtremeWeather/third_party/graphcast/graphcast/rollout.py:435: FutureWarning: The return type of `Dataset.dims` will be changed to return a set of dimension names in future, in order to be more consistent with `DataArray.dims`. To access a mapping from dimension names to lengths, please use `Dataset.sizes`.
  num_inputs = prev_inputs.dims["time"]
/home/ubuntu/Vayuh/data/eric/S2S_ExtremeWeather/third_party/graphcast/graphcast/rollout.py:437: FutureWarning: In a future version of xarray the default value for compat will change from compat='equals' to compat='override'. This change will result in the following ValueError: Cannot specify both data_vars='different' and compat='override'. The recommendation is to set compat explicitly for this case.
  xarray.concat(
  [walker w62 s8] step 1/6  valid 2021-05-24 12:00:00
  [walker w62 s8] step 2/6  valid 2021-05-25 00:00:00
  [walker w62 s8] step 3/6  valid 2021-05-25 12:00:00
  [walker w62 s8] step 4/6  valid 2021-05-26 00:00:00
  [walker w62 s8] step 5/6  valid 2021-05-26 12:00:00
  [walker w62 s8] step 6/6  valid 2021-05-27 00:00:00
  [walker] wrote /home/ubuntu/Vayuh/data/eric/S2S_ExtremeWeather/runs/astab/PNW_HeatDome_2021/ens/wk08/m062/step08/state.nc (474 MB), valid 2021-05-27 00:00:00
  [walker] wrote /home/ubuntu/Vayuh/data/eric/S2S_ExtremeWeather/runs/astab/PNW_HeatDome_2021/ens/wk08/m062/step08/diag.nc (35 MB, 6 steps)
  [walk] slimmed PNW_HeatDome_2021@wk8  m062 step8 diag to ['2m_temperature'] (35 -> 0.4 MB)
  [walk] pruned PNW_HeatDome_2021@wk8  m062 step6 state (0.47 GB)
  [walker] w62 step9: 6 x 12 h from 2021-05-27 00:00:00
  [walker] grid-node channels: inputs 176 + targets 504 + forcings 24; 6 step(s) from 2021-05-27 00:00:00
/home/ubuntu/Vayuh/data/eric/S2S_ExtremeWeather/third_party/graphcast/graphcast/rollout.py:328: FutureWarning: The return type of `Dataset.dims` will be changed to return a set of dimension names in future, in order to be more consistent with `DataArray.dims`. To access a mapping from dimension names to lengths, please use `Dataset.sizes`.
  num_target_steps = targets_template.dims["time"]
/home/ubuntu/Vayuh/data/eric/S2S_ExtremeWeather/third_party/graphcast/graphcast/rollout.py:435: FutureWarning: The return type of `Dataset.dims` will be changed to return a set of dimension names in future, in order to be more consistent with `DataArray.dims`. To access a mapping from dimension names to lengths, please use `Dataset.sizes`.
  num_inputs = prev_inputs.dims["time"]
/home/ubuntu/Vayuh/data/eric/S2S_ExtremeWeather/third_party/graphcast/graphcast/rollout.py:437: FutureWarning: In a future version of xarray the default value for compat will change from compat='equals' to compat='override'. This change will result in the following ValueError: Cannot specify both data_vars='different' and compat='override'. The recommendation is to set compat explicitly for this case.
  xarray.concat(
  [walker w62 s9] step 1/6  valid 2021-05-27 12:00:00
  [walker w62 s9] step 2/6  valid 2021-05-28 00:00:00
  [walker w62 s9] step 3/6  valid 2021-05-28 12:00:00
  [walker w62 s9] step 4/6  valid 2021-05-29 00:00:00
  [walker w62 s9] step 5/6  valid 2021-05-29 12:00:00
  [walker w62 s9] step 6/6  valid 2021-05-30 00:00:00
  [walker] wrote /home/ubuntu/Vayuh/data/eric/S2S_ExtremeWeather/runs/astab/PNW_HeatDome_2021/ens/wk08/m062/step09/state.nc (474 MB), valid 2021-05-30 00:00:00
  [walker] wrote /home/ubuntu/Vayuh/data/eric/S2S_ExtremeWeather/runs/astab/PNW_HeatDome_2021/ens/wk08/m062/step09/diag.nc (35 MB, 6 steps)
  [walk] slimmed PNW_HeatDome_2021@wk8  m062 step9 diag to ['2m_temperature'] (35 -> 0.3 MB)
  [walk] pruned PNW_HeatDome_2021@wk8  m062 step7 state (0.47 GB)
  [walker] w62 step10: 6 x 12 h from 2021-05-30 00:00:00
  [walker] grid-node channels: inputs 176 + targets 504 + forcings 24; 6 step(s) from 2021-05-30 00:00:00
/home/ubuntu/Vayuh/data/eric/S2S_ExtremeWeather/third_party/graphcast/graphcast/rollout.py:328: FutureWarning: The return type of `Dataset.dims` will be changed to return a set of dimension names in future, in order to be more consistent with `DataArray.dims`. To access a mapping from dimension names to lengths, please use `Dataset.sizes`.
  num_target_steps = targets_template.dims["time"]
/home/ubuntu/Vayuh/data/eric/S2S_ExtremeWeather/third_party/graphcast/graphcast/rollout.py:435: FutureWarning: The return type of `Dataset.dims` will be changed to return a set of dimension names in future, in order to be more consistent with `DataArray.dims`. To access a mapping from dimension names to lengths, please use `Dataset.sizes`.
  num_inputs = prev_inputs.dims["time"]
/home/ubuntu/Vayuh/data/eric/S2S_ExtremeWeather/third_party/graphcast/graphcast/rollout.py:437: FutureWarning: In a future version of xarray the default value for compat will change from compat='equals' to compat='override'. This change will result in the following ValueError: Cannot specify both data_vars='different' and compat='override'. The recommendation is to set compat explicitly for this case.
  xarray.concat(
  [walker w62 s10] step 1/6  valid 2021-05-30 12:00:00
  [walker w62 s10] step 2/6  valid 2021-05-31 00:00:00
  [walker w62 s10] step 3/6  valid 2021-05-31 12:00:00
  [walker w62 s10] step 4/6  valid 2021-06-01 00:00:00
  [walker w62 s10] step 5/6  valid 2021-06-01 12:00:00
  [walker w62 s10] step 6/6  valid 2021-06-02 00:00:00
  [walker] wrote /home/ubuntu/Vayuh/data/eric/S2S_ExtremeWeather/runs/astab/PNW_HeatDome_2021/ens/wk08/m062/step10/state.nc (474 MB), valid 2021-06-02 00:00:00
  [walker] wrote /home/ubuntu/Vayuh/data/eric/S2S_ExtremeWeather/runs/astab/PNW_HeatDome_2021/ens/wk08/m062/step10/diag.nc (35 MB, 6 steps)
  [walk] slimmed PNW_HeatDome_2021@wk8  m062 step10 diag to ['2m_temperature'] (35 -> 0.4 MB)
  [walk] pruned PNW_HeatDome_2021@wk8  m062 step8 state (0.47 GB)
  [walker] w62 step11: 6 x 12 h from 2021-06-02 00:00:00
  [walker] grid-node channels: inputs 176 + targets 504 + forcings 24; 6 step(s) from 2021-06-02 00:00:00
/home/ubuntu/Vayuh/data/eric/S2S_ExtremeWeather/third_party/graphcast/graphcast/rollout.py:328: FutureWarning: The return type of `Dataset.dims` will be changed to return a set of dimension names in future, in order to be more consistent with `DataArray.dims`. To access a mapping from dimension names to lengths, please use `Dataset.sizes`.
  num_target_steps = targets_template.dims["time"]
/home/ubuntu/Vayuh/data/eric/S2S_ExtremeWeather/third_party/graphcast/graphcast/rollout.py:435: FutureWarning: The return type of `Dataset.dims` will be changed to return a set of dimension names in future, in order to be more consistent with `DataArray.dims`. To access a mapping from dimension names to lengths, please use `Dataset.sizes`.
  num_inputs = prev_inputs.dims["time"]
/home/ubuntu/Vayuh/data/eric/S2S_ExtremeWeather/third_party/graphcast/graphcast/rollout.py:437: FutureWarning: In a future version of xarray the default value for compat will change from compat='equals' to compat='override'. This change will result in the following ValueError: Cannot specify both data_vars='different' and compat='override'. The recommendation is to set compat explicitly for this case.
  xarray.concat(
  [walker w62 s11] step 1/6  valid 2021-06-02 12:00:00
  [walker w62 s11] step 2/6  valid 2021-06-03 00:00:00
  [walker w62 s11] step 3/6  valid 2021-06-03 12:00:00
  [walker w62 s11] step 4/6  valid 2021-06-04 00:00:00
  [walker w62 s11] step 5/6  valid 2021-06-04 12:00:00
  [walker w62 s11] step 6/6  valid 2021-06-05 00:00:00
  [walker] wrote /home/ubuntu/Vayuh/data/eric/S2S_ExtremeWeather/runs/astab/PNW_HeatDome_2021/ens/wk08/m062/step11/state.nc (474 MB), valid 2021-06-05 00:00:00
  [walker] wrote /home/ubuntu/Vayuh/data/eric/S2S_ExtremeWeather/runs/astab/PNW_HeatDome_2021/ens/wk08/m062/step11/diag.nc (35 MB, 6 steps)
  [walk] slimmed PNW_HeatDome_2021@wk8  m062 step11 diag to ['2m_temperature'] (35 -> 0.4 MB)
  [walk] pruned PNW_HeatDome_2021@wk8  m062 step9 state (0.47 GB)
  [walker] w62 step12: 6 x 12 h from 2021-06-05 00:00:00
  [walker] grid-node channels: inputs 176 + targets 504 + forcings 24; 6 step(s) from 2021-06-05 00:00:00
/home/ubuntu/Vayuh/data/eric/S2S_ExtremeWeather/third_party/graphcast/graphcast/rollout.py:328: FutureWarning: The return type of `Dataset.dims` will be changed to return a set of dimension names in future, in order to be more consistent with `DataArray.dims`. To access a mapping from dimension names to lengths, please use `Dataset.sizes`.
  num_target_steps = targets_template.dims["time"]
/home/ubuntu/Vayuh/data/eric/S2S_ExtremeWeather/third_party/graphcast/graphcast/rollout.py:435: FutureWarning: The return type of `Dataset.dims` will be changed to return a set of dimension names in future, in order to be more consistent with `DataArray.dims`. To access a mapping from dimension names to lengths, please use `Dataset.sizes`.
  num_inputs = prev_inputs.dims["time"]
/home/ubuntu/Vayuh/data/eric/S2S_ExtremeWeather/third_party/graphcast/graphcast/rollout.py:437: FutureWarning: In a future version of xarray the default value for compat will change from compat='equals' to compat='override'. This change will result in the following ValueError: Cannot specify both data_vars='different' and compat='override'. The recommendation is to set compat explicitly for this case.
  xarray.concat(
  [walker w62 s12] step 1/6  valid 2021-06-05 12:00:00
  [walker w62 s12] step 2/6  valid 2021-06-06 00:00:00
  [walker w62 s12] step 3/6  valid 2021-06-06 12:00:00
  [walker w62 s12] step 4/6  valid 2021-06-07 00:00:00
  [walker w62 s12] step 5/6  valid 2021-06-07 12:00:00
  [walker w62 s12] step 6/6  valid 2021-06-08 00:00:00
  [walker] wrote /home/ubuntu/Vayuh/data/eric/S2S_ExtremeWeather/runs/astab/PNW_HeatDome_2021/ens/wk08/m062/step12/state.nc (474 MB), valid 2021-06-08 00:00:00
  [walker] wrote /home/ubuntu/Vayuh/data/eric/S2S_ExtremeWeather/runs/astab/PNW_HeatDome_2021/ens/wk08/m062/step12/diag.nc (35 MB, 6 steps)
  [walk] slimmed PNW_HeatDome_2021@wk8  m062 step12 diag to ['2m_temperature'] (35 -> 0.4 MB)
  [walk] pruned PNW_HeatDome_2021@wk8  m062 step10 state (0.47 GB)
  [walker] w62 step13: 6 x 12 h from 2021-06-08 00:00:00
  [walker] grid-node channels: inputs 176 + targets 504 + forcings 24; 6 step(s) from 2021-06-08 00:00:00
/home/ubuntu/Vayuh/data/eric/S2S_ExtremeWeather/third_party/graphcast/graphcast/rollout.py:328: FutureWarning: The return type of `Dataset.dims` will be changed to return a set of dimension names in future, in order to be more consistent with `DataArray.dims`. To access a mapping from dimension names to lengths, please use `Dataset.sizes`.
  num_target_steps = targets_template.dims["time"]
/home/ubuntu/Vayuh/data/eric/S2S_ExtremeWeather/third_party/graphcast/graphcast/rollout.py:435: FutureWarning: The return type of `Dataset.dims` will be changed to return a set of dimension names in future, in order to be more consistent with `DataArray.dims`. To access a mapping from dimension names to lengths, please use `Dataset.sizes`.
  num_inputs = prev_inputs.dims["time"]
/home/ubuntu/Vayuh/data/eric/S2S_ExtremeWeather/third_party/graphcast/graphcast/rollout.py:437: FutureWarning: In a future version of xarray the default value for compat will change from compat='equals' to compat='override'. This change will result in the following ValueError: Cannot specify both data_vars='different' and compat='override'. The recommendation is to set compat explicitly for this case.
  xarray.concat(
  [walker w62 s13] step 1/6  valid 2021-06-08 12:00:00
  [walker w62 s13] step 2/6  valid 2021-06-09 00:00:00
  [walker w62 s13] step 3/6  valid 2021-06-09 12:00:00
  [walker w62 s13] step 4/6  valid 2021-06-10 00:00:00
  [walker w62 s13] step 5/6  valid 2021-06-10 12:00:00
  [walker w62 s13] step 6/6  valid 2021-06-11 00:00:00
  [walker] wrote /home/ubuntu/Vayuh/data/eric/S2S_ExtremeWeather/runs/astab/PNW_HeatDome_2021/ens/wk08/m062/step13/state.nc (474 MB), valid 2021-06-11 00:00:00
  [walker] wrote /home/ubuntu/Vayuh/data/eric/S2S_ExtremeWeather/runs/astab/PNW_HeatDome_2021/ens/wk08/m062/step13/diag.nc (35 MB, 6 steps)
  [walk] slimmed PNW_HeatDome_2021@wk8  m062 step13 diag to ['2m_temperature'] (35 -> 0.4 MB)
  [walk] pruned PNW_HeatDome_2021@wk8  m062 step11 state (0.47 GB)
  [walker] w62 step14: 6 x 12 h from 2021-06-11 00:00:00
  [walker] grid-node channels: inputs 176 + targets 504 + forcings 24; 6 step(s) from 2021-06-11 00:00:00
/home/ubuntu/Vayuh/data/eric/S2S_ExtremeWeather/third_party/graphcast/graphcast/rollout.py:328: FutureWarning: The return type of `Dataset.dims` will be changed to return a set of dimension names in future, in order to be more consistent with `DataArray.dims`. To access a mapping from dimension names to lengths, please use `Dataset.sizes`.
  num_target_steps = targets_template.dims["time"]
/home/ubuntu/Vayuh/data/eric/S2S_ExtremeWeather/third_party/graphcast/graphcast/rollout.py:435: FutureWarning: The return type of `Dataset.dims` will be changed to return a set of dimension names in future, in order to be more consistent with `DataArray.dims`. To access a mapping from dimension names to lengths, please use `Dataset.sizes`.
  num_inputs = prev_inputs.dims["time"]
/home/ubuntu/Vayuh/data/eric/S2S_ExtremeWeather/third_party/graphcast/graphcast/rollout.py:437: FutureWarning: In a future version of xarray the default value for compat will change from compat='equals' to compat='override'. This change will result in the following ValueError: Cannot specify both data_vars='different' and compat='override'. The recommendation is to set compat explicitly for this case.
  xarray.concat(
  [walker w62 s14] step 1/6  valid 2021-06-11 12:00:00
  [walker w62 s14] step 2/6  valid 2021-06-12 00:00:00
  [walker w62 s14] step 3/6  valid 2021-06-12 12:00:00
  [walker w62 s14] step 4/6  valid 2021-06-13 00:00:00
  [walker w62 s14] step 5/6  valid 2021-06-13 12:00:00
  [walker w62 s14] step 6/6  valid 2021-06-14 00:00:00
  [walker] wrote /home/ubuntu/Vayuh/data/eric/S2S_ExtremeWeather/runs/astab/PNW_HeatDome_2021/ens/wk08/m062/step14/state.nc (474 MB), valid 2021-06-14 00:00:00
  [walker] wrote /home/ubuntu/Vayuh/data/eric/S2S_ExtremeWeather/runs/astab/PNW_HeatDome_2021/ens/wk08/m062/step14/diag.nc (35 MB, 6 steps)
  [walk] slimmed PNW_HeatDome_2021@wk8  m062 step14 diag to ['2m_temperature'] (35 -> 0.4 MB)
  [walk] pruned PNW_HeatDome_2021@wk8  m062 step12 state (0.47 GB)
  [walker] w62 step15: 6 x 12 h from 2021-06-14 00:00:00
  [walker] grid-node channels: inputs 176 + targets 504 + forcings 24; 6 step(s) from 2021-06-14 00:00:00
/home/ubuntu/Vayuh/data/eric/S2S_ExtremeWeather/third_party/graphcast/graphcast/rollout.py:328: FutureWarning: The return type of `Dataset.dims` will be changed to return a set of dimension names in future, in order to be more consistent with `DataArray.dims`. To access a mapping from dimension names to lengths, please use `Dataset.sizes`.
  num_target_steps = targets_template.dims["time"]
/home/ubuntu/Vayuh/data/eric/S2S_ExtremeWeather/third_party/graphcast/graphcast/rollout.py:435: FutureWarning: The return type of `Dataset.dims` will be changed to return a set of dimension names in future, in order to be more consistent with `DataArray.dims`. To access a mapping from dimension names to lengths, please use `Dataset.sizes`.
  num_inputs = prev_inputs.dims["time"]
/home/ubuntu/Vayuh/data/eric/S2S_ExtremeWeather/third_party/graphcast/graphcast/rollout.py:437: FutureWarning: In a future version of xarray the default value for compat will change from compat='equals' to compat='override'. This change will result in the following ValueError: Cannot specify both data_vars='different' and compat='override'. The recommendation is to set compat explicitly for this case.
  xarray.concat(
  [walker w62 s15] step 1/6  valid 2021-06-14 12:00:00
  [walker w62 s15] step 2/6  valid 2021-06-15 00:00:00
  [walker w62 s15] step 3/6  valid 2021-06-15 12:00:00
  [walker w62 s15] step 4/6  valid 2021-06-16 00:00:00
  [walker w62 s15] step 5/6  valid 2021-06-16 12:00:00
  [walker w62 s15] step 6/6  valid 2021-06-17 00:00:00
  [walker] wrote /home/ubuntu/Vayuh/data/eric/S2S_ExtremeWeather/runs/astab/PNW_HeatDome_2021/ens/wk08/m062/step15/state.nc (474 MB), valid 2021-06-17 00:00:00
  [walker] wrote /home/ubuntu/Vayuh/data/eric/S2S_ExtremeWeather/runs/astab/PNW_HeatDome_2021/ens/wk08/m062/step15/diag.nc (35 MB, 6 steps)
  [walk] slimmed PNW_HeatDome_2021@wk8  m062 step15 diag to ['2m_temperature'] (35 -> 0.4 MB)
  [walk] pruned PNW_HeatDome_2021@wk8  m062 step13 state (0.47 GB)
  [walker] w62 step16: 6 x 12 h from 2021-06-17 00:00:00
  [walker] grid-node channels: inputs 176 + targets 504 + forcings 24; 6 step(s) from 2021-06-17 00:00:00
/home/ubuntu/Vayuh/data/eric/S2S_ExtremeWeather/third_party/graphcast/graphcast/rollout.py:328: FutureWarning: The return type of `Dataset.dims` will be changed to return a set of dimension names in future, in order to be more consistent with `DataArray.dims`. To access a mapping from dimension names to lengths, please use `Dataset.sizes`.
  num_target_steps = targets_template.dims["time"]
/home/ubuntu/Vayuh/data/eric/S2S_ExtremeWeather/third_party/graphcast/graphcast/rollout.py:435: FutureWarning: The return type of `Dataset.dims` will be changed to return a set of dimension names in future, in order to be more consistent with `DataArray.dims`. To access a mapping from dimension names to lengths, please use `Dataset.sizes`.
  num_inputs = prev_inputs.dims["time"]
/home/ubuntu/Vayuh/data/eric/S2S_ExtremeWeather/third_party/graphcast/graphcast/rollout.py:437: FutureWarning: In a future version of xarray the default value for compat will change from compat='equals' to compat='override'. This change will result in the following ValueError: Cannot specify both data_vars='different' and compat='override'. The recommendation is to set compat explicitly for this case.
  xarray.concat(
  [walker w62 s16] step 1/6  valid 2021-06-17 12:00:00
  [walker w62 s16] step 2/6  valid 2021-06-18 00:00:00
  [walker w62 s16] step 3/6  valid 2021-06-18 12:00:00
  [walker w62 s16] step 4/6  valid 2021-06-19 00:00:00
  [walker w62 s16] step 5/6  valid 2021-06-19 12:00:00
  [walker w62 s16] step 6/6  valid 2021-06-20 00:00:00
  [walker] wrote /home/ubuntu/Vayuh/data/eric/S2S_ExtremeWeather/runs/astab/PNW_HeatDome_2021/ens/wk08/m062/step16/state.nc (474 MB), valid 2021-06-20 00:00:00
  [walker] wrote /home/ubuntu/Vayuh/data/eric/S2S_ExtremeWeather/runs/astab/PNW_HeatDome_2021/ens/wk08/m062/step16/diag.nc (35 MB, 6 steps)
  [walk] slimmed PNW_HeatDome_2021@wk8  m062 step16 diag to ['2m_temperature'] (35 -> 0.3 MB)
  [walk] pruned PNW_HeatDome_2021@wk8  m062 step14 state (0.47 GB)
  [walker] w62 step17: 6 x 12 h from 2021-06-20 00:00:00
  [walker] grid-node channels: inputs 176 + targets 504 + forcings 24; 6 step(s) from 2021-06-20 00:00:00
/home/ubuntu/Vayuh/data/eric/S2S_ExtremeWeather/third_party/graphcast/graphcast/rollout.py:328: FutureWarning: The return type of `Dataset.dims` will be changed to return a set of dimension names in future, in order to be more consistent with `DataArray.dims`. To access a mapping from dimension names to lengths, please use `Dataset.sizes`.
  num_target_steps = targets_template.dims["time"]
/home/ubuntu/Vayuh/data/eric/S2S_ExtremeWeather/third_party/graphcast/graphcast/rollout.py:435: FutureWarning: The return type of `Dataset.dims` will be changed to return a set of dimension names in future, in order to be more consistent with `DataArray.dims`. To access a mapping from dimension names to lengths, please use `Dataset.sizes`.
  num_inputs = prev_inputs.dims["time"]
/home/ubuntu/Vayuh/data/eric/S2S_ExtremeWeather/third_party/graphcast/graphcast/rollout.py:437: FutureWarning: In a future version of xarray the default value for compat will change from compat='equals' to compat='override'. This change will result in the following ValueError: Cannot specify both data_vars='different' and compat='override'. The recommendation is to set compat explicitly for this case.
  xarray.concat(
  [walker w62 s17] step 1/6  valid 2021-06-20 12:00:00
  [walker w62 s17] step 2/6  valid 2021-06-21 00:00:00
  [walker w62 s17] step 3/6  valid 2021-06-21 12:00:00
  [walker w62 s17] step 4/6  valid 2021-06-22 00:00:00
  [walker w62 s17] step 5/6  valid 2021-06-22 12:00:00
  [walker w62 s17] step 6/6  valid 2021-06-23 00:00:00
  [walker] wrote /home/ubuntu/Vayuh/data/eric/S2S_ExtremeWeather/runs/astab/PNW_HeatDome_2021/ens/wk08/m062/step17/state.nc (474 MB), valid 2021-06-23 00:00:00
  [walker] wrote /home/ubuntu/Vayuh/data/eric/S2S_ExtremeWeather/runs/astab/PNW_HeatDome_2021/ens/wk08/m062/step17/diag.nc (35 MB, 6 steps)
  [walk] slimmed PNW_HeatDome_2021@wk8  m062 step17 diag to ['2m_temperature'] (35 -> 0.4 MB)
  [walk] pruned PNW_HeatDome_2021@wk8  m062 step15 state (0.47 GB)
  [walker] w62 step18: 6 x 12 h from 2021-06-23 00:00:00
  [walker] grid-node channels: inputs 176 + targets 504 + forcings 24; 6 step(s) from 2021-06-23 00:00:00
/home/ubuntu/Vayuh/data/eric/S2S_ExtremeWeather/third_party/graphcast/graphcast/rollout.py:328: FutureWarning: The return type of `Dataset.dims` will be changed to return a set of dimension names in future, in order to be more consistent with `DataArray.dims`. To access a mapping from dimension names to lengths, please use `Dataset.sizes`.
  num_target_steps = targets_template.dims["time"]
/home/ubuntu/Vayuh/data/eric/S2S_ExtremeWeather/third_party/graphcast/graphcast/rollout.py:435: FutureWarning: The return type of `Dataset.dims` will be changed to return a set of dimension names in future, in order to be more consistent with `DataArray.dims`. To access a mapping from dimension names to lengths, please use `Dataset.sizes`.
  num_inputs = prev_inputs.dims["time"]
/home/ubuntu/Vayuh/data/eric/S2S_ExtremeWeather/third_party/graphcast/graphcast/rollout.py:437: FutureWarning: In a future version of xarray the default value for compat will change from compat='equals' to compat='override'. This change will result in the following ValueError: Cannot specify both data_vars='different' and compat='override'. The recommendation is to set compat explicitly for this case.
  xarray.concat(
  [walker w62 s18] step 1/6  valid 2021-06-23 12:00:00
  [walker w62 s18] step 2/6  valid 2021-06-24 00:00:00
  [walker w62 s18] step 3/6  valid 2021-06-24 12:00:00
  [walker w62 s18] step 4/6  valid 2021-06-25 00:00:00
  [walker w62 s18] step 5/6  valid 2021-06-25 12:00:00
  [walker w62 s18] step 6/6  valid 2021-06-26 00:00:00
  [walker] wrote /home/ubuntu/Vayuh/data/eric/S2S_ExtremeWeather/runs/astab/PNW_HeatDome_2021/ens/wk08/m062/step18/state.nc (475 MB), valid 2021-06-26 00:00:00
  [walker] wrote /home/ubuntu/Vayuh/data/eric/S2S_ExtremeWeather/runs/astab/PNW_HeatDome_2021/ens/wk08/m062/step18/diag.nc (35 MB, 6 steps)
  [walk] slimmed PNW_HeatDome_2021@wk8  m062 step18 diag to ['2m_temperature'] (35 -> 0.4 MB)
  [walk] pruned PNW_HeatDome_2021@wk8  m062 step16 state (0.47 GB)
  [walker] w62 step19: 4 x 12 h from 2021-06-26 00:00:00
  [walker] grid-node channels: inputs 176 + targets 336 + forcings 16; 4 step(s) from 2021-06-26 00:00:00
/home/ubuntu/Vayuh/data/eric/S2S_ExtremeWeather/third_party/graphcast/graphcast/rollout.py:328: FutureWarning: The return type of `Dataset.dims` will be changed to return a set of dimension names in future, in order to be more consistent with `DataArray.dims`. To access a mapping from dimension names to lengths, please use `Dataset.sizes`.
  num_target_steps = targets_template.dims["time"]
/home/ubuntu/Vayuh/data/eric/S2S_ExtremeWeather/third_party/graphcast/graphcast/rollout.py:435: FutureWarning: The return type of `Dataset.dims` will be changed to return a set of dimension names in future, in order to be more consistent with `DataArray.dims`. To access a mapping from dimension names to lengths, please use `Dataset.sizes`.
  num_inputs = prev_inputs.dims["time"]
/home/ubuntu/Vayuh/data/eric/S2S_ExtremeWeather/third_party/graphcast/graphcast/rollout.py:437: FutureWarning: In a future version of xarray the default value for compat will change from compat='equals' to compat='override'. This change will result in the following ValueError: Cannot specify both data_vars='different' and compat='override'. The recommendation is to set compat explicitly for this case.
  xarray.concat(
  [walker w62 s19] step 1/4  valid 2021-06-26 12:00:00
  [walker w62 s19] step 2/4  valid 2021-06-27 00:00:00
  [walker w62 s19] step 3/4  valid 2021-06-27 12:00:00
  [walker w62 s19] step 4/4  valid 2021-06-28 00:00:00
  [walker] wrote /home/ubuntu/Vayuh/data/eric/S2S_ExtremeWeather/runs/astab/PNW_HeatDome_2021/ens/wk08/m062/step19/state.nc (476 MB), valid 2021-06-28 00:00:00
  [walker] wrote /home/ubuntu/Vayuh/data/eric/S2S_ExtremeWeather/runs/astab/PNW_HeatDome_2021/ens/wk08/m062/step19/diag.nc (23 MB, 4 steps)
  [walk] slimmed PNW_HeatDome_2021@wk8  m062 step19 diag to ['2m_temperature'] (23 -> 0.2 MB)
  [walk] pruned PNW_HeatDome_2021@wk8  m062 step17 state (0.47 GB)
[walk] PNW_HeatDome_2021@wk8  m062: complete, landed exactly on the peak 2021-06-28 00:00:00 (7820 s elapsed on this shard)
  [walk] released PNW_HeatDome_2021@wk8  m062 states (0.95 GB)
[walk] m062: complete; never left bounds
[walk] PNW_HeatDome_2021@wk8  m094: 19 segment(s), 112 steps, init 2021-05-03 00:00:00 -> peak 2021-06-28 00:00:00
  [walker] w94 step1: 6 x 12 h from 2021-05-03 00:00:00
  [walker] grid-node channels: inputs 176 + targets 504 + forcings 24; 6 step(s) from 2021-05-03 00:00:00
/home/ubuntu/Vayuh/data/eric/S2S_ExtremeWeather/third_party/graphcast/graphcast/rollout.py:328: FutureWarning: The return type of `Dataset.dims` will be changed to return a set of dimension names in future, in order to be more consistent with `DataArray.dims`. To access a mapping from dimension names to lengths, please use `Dataset.sizes`.
  num_target_steps = targets_template.dims["time"]
/home/ubuntu/Vayuh/data/eric/S2S_ExtremeWeather/third_party/graphcast/graphcast/rollout.py:435: FutureWarning: The return type of `Dataset.dims` will be changed to return a set of dimension names in future, in order to be more consistent with `DataArray.dims`. To access a mapping from dimension names to lengths, please use `Dataset.sizes`.
  num_inputs = prev_inputs.dims["time"]
/home/ubuntu/Vayuh/data/eric/S2S_ExtremeWeather/third_party/graphcast/graphcast/rollout.py:437: FutureWarning: In a future version of xarray the default value for compat will change from compat='equals' to compat='override'. This change will result in the following ValueError: Cannot specify both data_vars='different' and compat='override'. The recommendation is to set compat explicitly for this case.
  xarray.concat(
  [walker w94 s1] step 1/6  valid 2021-05-03 12:00:00
  [walker w94 s1] step 2/6  valid 2021-05-04 00:00:00
  [walker w94 s1] step 3/6  valid 2021-05-04 12:00:00
  [walker w94 s1] step 4/6  valid 2021-05-05 00:00:00
  [walker w94 s1] step 5/6  valid 2021-05-05 12:00:00
  [walker w94 s1] step 6/6  valid 2021-05-06 00:00:00
  [walker] wrote /home/ubuntu/Vayuh/data/eric/S2S_ExtremeWeather/runs/astab/PNW_HeatDome_2021/ens/wk08/m094/step01/state.nc (472 MB), valid 2021-05-06 00:00:00
  [walker] wrote /home/ubuntu/Vayuh/data/eric/S2S_ExtremeWeather/runs/astab/PNW_HeatDome_2021/ens/wk08/m094/step01/diag.nc (34 MB, 6 steps)
[walk] physics PNW_HeatDome_2021@wk8  m094 step1 @ 2021-05-06 00:00:00: CONUS-mean T2m 292.44 K vs ERA5 292.36 K (+0.08 K; gate 6 K at 3 d lead, skill-bearing)
  [walk] slimmed PNW_HeatDome_2021@wk8  m094 step1 diag to ['2m_temperature'] (34 -> 0.4 MB)
  [walker] w94 step2: 6 x 12 h from 2021-05-06 00:00:00
  [walker] grid-node channels: inputs 176 + targets 504 + forcings 24; 6 step(s) from 2021-05-06 00:00:00
/home/ubuntu/Vayuh/data/eric/S2S_ExtremeWeather/third_party/graphcast/graphcast/rollout.py:328: FutureWarning: The return type of `Dataset.dims` will be changed to return a set of dimension names in future, in order to be more consistent with `DataArray.dims`. To access a mapping from dimension names to lengths, please use `Dataset.sizes`.
  num_target_steps = targets_template.dims["time"]
/home/ubuntu/Vayuh/data/eric/S2S_ExtremeWeather/third_party/graphcast/graphcast/rollout.py:435: FutureWarning: The return type of `Dataset.dims` will be changed to return a set of dimension names in future, in order to be more consistent with `DataArray.dims`. To access a mapping from dimension names to lengths, please use `Dataset.sizes`.
  num_inputs = prev_inputs.dims["time"]
/home/ubuntu/Vayuh/data/eric/S2S_ExtremeWeather/third_party/graphcast/graphcast/rollout.py:437: FutureWarning: In a future version of xarray the default value for compat will change from compat='equals' to compat='override'. This change will result in the following ValueError: Cannot specify both data_vars='different' and compat='override'. The recommendation is to set compat explicitly for this case.
  xarray.concat(
  [walker w94 s2] step 1/6  valid 2021-05-06 12:00:00
  [walker w94 s2] step 2/6  valid 2021-05-07 00:00:00
  [walker w94 s2] step 3/6  valid 2021-05-07 12:00:00
  [walker w94 s2] step 4/6  valid 2021-05-08 00:00:00
  [walker w94 s2] step 5/6  valid 2021-05-08 12:00:00
  [walker w94 s2] step 6/6  valid 2021-05-09 00:00:00
  [walker] wrote /home/ubuntu/Vayuh/data/eric/S2S_ExtremeWeather/runs/astab/PNW_HeatDome_2021/ens/wk08/m094/step02/state.nc (473 MB), valid 2021-05-09 00:00:00
  [walker] wrote /home/ubuntu/Vayuh/data/eric/S2S_ExtremeWeather/runs/astab/PNW_HeatDome_2021/ens/wk08/m094/step02/diag.nc (35 MB, 6 steps)
  [walk] slimmed PNW_HeatDome_2021@wk8  m094 step2 diag to ['2m_temperature'] (35 -> 0.3 MB)
  [walker] w94 step3: 6 x 12 h from 2021-05-09 00:00:00
  [walker] grid-node channels: inputs 176 + targets 504 + forcings 24; 6 step(s) from 2021-05-09 00:00:00
/home/ubuntu/Vayuh/data/eric/S2S_ExtremeWeather/third_party/graphcast/graphcast/rollout.py:328: FutureWarning: The return type of `Dataset.dims` will be changed to return a set of dimension names in future, in order to be more consistent with `DataArray.dims`. To access a mapping from dimension names to lengths, please use `Dataset.sizes`.
  num_target_steps = targets_template.dims["time"]
/home/ubuntu/Vayuh/data/eric/S2S_ExtremeWeather/third_party/graphcast/graphcast/rollout.py:435: FutureWarning: The return type of `Dataset.dims` will be changed to return a set of dimension names in future, in order to be more consistent with `DataArray.dims`. To access a mapping from dimension names to lengths, please use `Dataset.sizes`.
  num_inputs = prev_inputs.dims["time"]
/home/ubuntu/Vayuh/data/eric/S2S_ExtremeWeather/third_party/graphcast/graphcast/rollout.py:437: FutureWarning: In a future version of xarray the default value for compat will change from compat='equals' to compat='override'. This change will result in the following ValueError: Cannot specify both data_vars='different' and compat='override'. The recommendation is to set compat explicitly for this case.
  xarray.concat(
  [walker w94 s3] step 1/6  valid 2021-05-09 12:00:00
  [walker w94 s3] step 2/6  valid 2021-05-10 00:00:00
  [walker w94 s3] step 3/6  valid 2021-05-10 12:00:00
  [walker w94 s3] step 4/6  valid 2021-05-11 00:00:00
  [walker w94 s3] step 5/6  valid 2021-05-11 12:00:00
  [walker w94 s3] step 6/6  valid 2021-05-12 00:00:00
  [walker] wrote /home/ubuntu/Vayuh/data/eric/S2S_ExtremeWeather/runs/astab/PNW_HeatDome_2021/ens/wk08/m094/step03/state.nc (473 MB), valid 2021-05-12 00:00:00
  [walker] wrote /home/ubuntu/Vayuh/data/eric/S2S_ExtremeWeather/runs/astab/PNW_HeatDome_2021/ens/wk08/m094/step03/diag.nc (35 MB, 6 steps)
  [walk] slimmed PNW_HeatDome_2021@wk8  m094 step3 diag to ['2m_temperature'] (35 -> 0.3 MB)
  [walk] pruned PNW_HeatDome_2021@wk8  m094 step1 state (0.47 GB)
  [walker] w94 step4: 6 x 12 h from 2021-05-12 00:00:00
  [walker] grid-node channels: inputs 176 + targets 504 + forcings 24; 6 step(s) from 2021-05-12 00:00:00
/home/ubuntu/Vayuh/data/eric/S2S_ExtremeWeather/third_party/graphcast/graphcast/rollout.py:328: FutureWarning: The return type of `Dataset.dims` will be changed to return a set of dimension names in future, in order to be more consistent with `DataArray.dims`. To access a mapping from dimension names to lengths, please use `Dataset.sizes`.
  num_target_steps = targets_template.dims["time"]
/home/ubuntu/Vayuh/data/eric/S2S_ExtremeWeather/third_party/graphcast/graphcast/rollout.py:435: FutureWarning: The return type of `Dataset.dims` will be changed to return a set of dimension names in future, in order to be more consistent with `DataArray.dims`. To access a mapping from dimension names to lengths, please use `Dataset.sizes`.
  num_inputs = prev_inputs.dims["time"]
/home/ubuntu/Vayuh/data/eric/S2S_ExtremeWeather/third_party/graphcast/graphcast/rollout.py:437: FutureWarning: In a future version of xarray the default value for compat will change from compat='equals' to compat='override'. This change will result in the following ValueError: Cannot specify both data_vars='different' and compat='override'. The recommendation is to set compat explicitly for this case.
  xarray.concat(
  [walker w94 s4] step 1/6  valid 2021-05-12 12:00:00
  [walker w94 s4] step 2/6  valid 2021-05-13 00:00:00
  [walker w94 s4] step 3/6  valid 2021-05-13 12:00:00
  [walker w94 s4] step 4/6  valid 2021-05-14 00:00:00
  [walker w94 s4] step 5/6  valid 2021-05-14 12:00:00
  [walker w94 s4] step 6/6  valid 2021-05-15 00:00:00
  [walker] wrote /home/ubuntu/Vayuh/data/eric/S2S_ExtremeWeather/runs/astab/PNW_HeatDome_2021/ens/wk08/m094/step04/state.nc (473 MB), valid 2021-05-15 00:00:00
  [walker] wrote /home/ubuntu/Vayuh/data/eric/S2S_ExtremeWeather/runs/astab/PNW_HeatDome_2021/ens/wk08/m094/step04/diag.nc (35 MB, 6 steps)
  [walk] slimmed PNW_HeatDome_2021@wk8  m094 step4 diag to ['2m_temperature'] (35 -> 0.4 MB)
  [walk] pruned PNW_HeatDome_2021@wk8  m094 step2 state (0.47 GB)
  [walker] w94 step5: 6 x 12 h from 2021-05-15 00:00:00
  [walker] grid-node channels: inputs 176 + targets 504 + forcings 24; 6 step(s) from 2021-05-15 00:00:00
/home/ubuntu/Vayuh/data/eric/S2S_ExtremeWeather/third_party/graphcast/graphcast/rollout.py:328: FutureWarning: The return type of `Dataset.dims` will be changed to return a set of dimension names in future, in order to be more consistent with `DataArray.dims`. To access a mapping from dimension names to lengths, please use `Dataset.sizes`.
  num_target_steps = targets_template.dims["time"]
/home/ubuntu/Vayuh/data/eric/S2S_ExtremeWeather/third_party/graphcast/graphcast/rollout.py:435: FutureWarning: The return type of `Dataset.dims` will be changed to return a set of dimension names in future, in order to be more consistent with `DataArray.dims`. To access a mapping from dimension names to lengths, please use `Dataset.sizes`.
  num_inputs = prev_inputs.dims["time"]
/home/ubuntu/Vayuh/data/eric/S2S_ExtremeWeather/third_party/graphcast/graphcast/rollout.py:437: FutureWarning: In a future version of xarray the default value for compat will change from compat='equals' to compat='override'. This change will result in the following ValueError: Cannot specify both data_vars='different' and compat='override'. The recommendation is to set compat explicitly for this case.
  xarray.concat(
  [walker w94 s5] step 1/6  valid 2021-05-15 12:00:00
  [walker w94 s5] step 2/6  valid 2021-05-16 00:00:00
  [walker w94 s5] step 3/6  valid 2021-05-16 12:00:00
  [walker w94 s5] step 4/6  valid 2021-05-17 00:00:00
  [walker w94 s5] step 5/6  valid 2021-05-17 12:00:00
  [walker w94 s5] step 6/6  valid 2021-05-18 00:00:00
  [walker] wrote /home/ubuntu/Vayuh/data/eric/S2S_ExtremeWeather/runs/astab/PNW_HeatDome_2021/ens/wk08/m094/step05/state.nc (473 MB), valid 2021-05-18 00:00:00
  [walker] wrote /home/ubuntu/Vayuh/data/eric/S2S_ExtremeWeather/runs/astab/PNW_HeatDome_2021/ens/wk08/m094/step05/diag.nc (35 MB, 6 steps)
  [walk] slimmed PNW_HeatDome_2021@wk8  m094 step5 diag to ['2m_temperature'] (35 -> 0.3 MB)
  [walk] pruned PNW_HeatDome_2021@wk8  m094 step3 state (0.47 GB)
  [walker] w94 step6: 6 x 12 h from 2021-05-18 00:00:00
  [walker] grid-node channels: inputs 176 + targets 504 + forcings 24; 6 step(s) from 2021-05-18 00:00:00
/home/ubuntu/Vayuh/data/eric/S2S_ExtremeWeather/third_party/graphcast/graphcast/rollout.py:328: FutureWarning: The return type of `Dataset.dims` will be changed to return a set of dimension names in future, in order to be more consistent with `DataArray.dims`. To access a mapping from dimension names to lengths, please use `Dataset.sizes`.
  num_target_steps = targets_template.dims["time"]
/home/ubuntu/Vayuh/data/eric/S2S_ExtremeWeather/third_party/graphcast/graphcast/rollout.py:435: FutureWarning: The return type of `Dataset.dims` will be changed to return a set of dimension names in future, in order to be more consistent with `DataArray.dims`. To access a mapping from dimension names to lengths, please use `Dataset.sizes`.
  num_inputs = prev_inputs.dims["time"]
/home/ubuntu/Vayuh/data/eric/S2S_ExtremeWeather/third_party/graphcast/graphcast/rollout.py:437: FutureWarning: In a future version of xarray the default value for compat will change from compat='equals' to compat='override'. This change will result in the following ValueError: Cannot specify both data_vars='different' and compat='override'. The recommendation is to set compat explicitly for this case.
  xarray.concat(
  [walker w94 s6] step 1/6  valid 2021-05-18 12:00:00
  [walker w94 s6] step 2/6  valid 2021-05-19 00:00:00
  [walker w94 s6] step 3/6  valid 2021-05-19 12:00:00
  [walker w94 s6] step 4/6  valid 2021-05-20 00:00:00
  [walker w94 s6] step 5/6  valid 2021-05-20 12:00:00
  [walker w94 s6] step 6/6  valid 2021-05-21 00:00:00
  [walker] wrote /home/ubuntu/Vayuh/data/eric/S2S_ExtremeWeather/runs/astab/PNW_HeatDome_2021/ens/wk08/m094/step06/state.nc (474 MB), valid 2021-05-21 00:00:00
  [walker] wrote /home/ubuntu/Vayuh/data/eric/S2S_ExtremeWeather/runs/astab/PNW_HeatDome_2021/ens/wk08/m094/step06/diag.nc (35 MB, 6 steps)
  [walk] slimmed PNW_HeatDome_2021@wk8  m094 step6 diag to ['2m_temperature'] (35 -> 0.3 MB)
  [walk] pruned PNW_HeatDome_2021@wk8  m094 step4 state (0.47 GB)
  [walker] w94 step7: 6 x 12 h from 2021-05-21 00:00:00
  [walker] grid-node channels: inputs 176 + targets 504 + forcings 24; 6 step(s) from 2021-05-21 00:00:00
/home/ubuntu/Vayuh/data/eric/S2S_ExtremeWeather/third_party/graphcast/graphcast/rollout.py:328: FutureWarning: The return type of `Dataset.dims` will be changed to return a set of dimension names in future, in order to be more consistent with `DataArray.dims`. To access a mapping from dimension names to lengths, please use `Dataset.sizes`.
  num_target_steps = targets_template.dims["time"]
/home/ubuntu/Vayuh/data/eric/S2S_ExtremeWeather/third_party/graphcast/graphcast/rollout.py:435: FutureWarning: The return type of `Dataset.dims` will be changed to return a set of dimension names in future, in order to be more consistent with `DataArray.dims`. To access a mapping from dimension names to lengths, please use `Dataset.sizes`.
  num_inputs = prev_inputs.dims["time"]
/home/ubuntu/Vayuh/data/eric/S2S_ExtremeWeather/third_party/graphcast/graphcast/rollout.py:437: FutureWarning: In a future version of xarray the default value for compat will change from compat='equals' to compat='override'. This change will result in the following ValueError: Cannot specify both data_vars='different' and compat='override'. The recommendation is to set compat explicitly for this case.
  xarray.concat(
  [walker w94 s7] step 1/6  valid 2021-05-21 12:00:00
  [walker w94 s7] step 2/6  valid 2021-05-22 00:00:00
  [walker w94 s7] step 3/6  valid 2021-05-22 12:00:00
  [walker w94 s7] step 4/6  valid 2021-05-23 00:00:00
  [walker w94 s7] step 5/6  valid 2021-05-23 12:00:00
  [walker w94 s7] step 6/6  valid 2021-05-24 00:00:00
  [walker] wrote /home/ubuntu/Vayuh/data/eric/S2S_ExtremeWeather/runs/astab/PNW_HeatDome_2021/ens/wk08/m094/step07/state.nc (473 MB), valid 2021-05-24 00:00:00
  [walker] wrote /home/ubuntu/Vayuh/data/eric/S2S_ExtremeWeather/runs/astab/PNW_HeatDome_2021/ens/wk08/m094/step07/diag.nc (35 MB, 6 steps)
  [walk] slimmed PNW_HeatDome_2021@wk8  m094 step7 diag to ['2m_temperature'] (35 -> 0.4 MB)
  [walk] pruned PNW_HeatDome_2021@wk8  m094 step5 state (0.47 GB)
  [walker] w94 step8: 6 x 12 h from 2021-05-24 00:00:00
  [walker] grid-node channels: inputs 176 + targets 504 + forcings 24; 6 step(s) from 2021-05-24 00:00:00
/home/ubuntu/Vayuh/data/eric/S2S_ExtremeWeather/third_party/graphcast/graphcast/rollout.py:328: FutureWarning: The return type of `Dataset.dims` will be changed to return a set of dimension names in future, in order to be more consistent with `DataArray.dims`. To access a mapping from dimension names to lengths, please use `Dataset.sizes`.
  num_target_steps = targets_template.dims["time"]
/home/ubuntu/Vayuh/data/eric/S2S_ExtremeWeather/third_party/graphcast/graphcast/rollout.py:435: FutureWarning: The return type of `Dataset.dims` will be changed to return a set of dimension names in future, in order to be more consistent with `DataArray.dims`. To access a mapping from dimension names to lengths, please use `Dataset.sizes`.
  num_inputs = prev_inputs.dims["time"]
/home/ubuntu/Vayuh/data/eric/S2S_ExtremeWeather/third_party/graphcast/graphcast/rollout.py:437: FutureWarning: In a future version of xarray the default value for compat will change from compat='equals' to compat='override'. This change will result in the following ValueError: Cannot specify both data_vars='different' and compat='override'. The recommendation is to set compat explicitly for this case.
  xarray.concat(
  [walker w94 s8] step 1/6  valid 2021-05-24 12:00:00
  [walker w94 s8] step 2/6  valid 2021-05-25 00:00:00
  [walker w94 s8] step 3/6  valid 2021-05-25 12:00:00
  [walker w94 s8] step 4/6  valid 2021-05-26 00:00:00
  [walker w94 s8] step 5/6  valid 2021-05-26 12:00:00
  [walker w94 s8] step 6/6  valid 2021-05-27 00:00:00
  [walker] wrote /home/ubuntu/Vayuh/data/eric/S2S_ExtremeWeather/runs/astab/PNW_HeatDome_2021/ens/wk08/m094/step08/state.nc (474 MB), valid 2021-05-27 00:00:00
  [walker] wrote /home/ubuntu/Vayuh/data/eric/S2S_ExtremeWeather/runs/astab/PNW_HeatDome_2021/ens/wk08/m094/step08/diag.nc (35 MB, 6 steps)
  [walk] slimmed PNW_HeatDome_2021@wk8  m094 step8 diag to ['2m_temperature'] (35 -> 0.4 MB)
  [walk] pruned PNW_HeatDome_2021@wk8  m094 step6 state (0.47 GB)
  [walker] w94 step9: 6 x 12 h from 2021-05-27 00:00:00
  [walker] grid-node channels: inputs 176 + targets 504 + forcings 24; 6 step(s) from 2021-05-27 00:00:00
/home/ubuntu/Vayuh/data/eric/S2S_ExtremeWeather/third_party/graphcast/graphcast/rollout.py:328: FutureWarning: The return type of `Dataset.dims` will be changed to return a set of dimension names in future, in order to be more consistent with `DataArray.dims`. To access a mapping from dimension names to lengths, please use `Dataset.sizes`.
  num_target_steps = targets_template.dims["time"]
/home/ubuntu/Vayuh/data/eric/S2S_ExtremeWeather/third_party/graphcast/graphcast/rollout.py:435: FutureWarning: The return type of `Dataset.dims` will be changed to return a set of dimension names in future, in order to be more consistent with `DataArray.dims`. To access a mapping from dimension names to lengths, please use `Dataset.sizes`.
  num_inputs = prev_inputs.dims["time"]
/home/ubuntu/Vayuh/data/eric/S2S_ExtremeWeather/third_party/graphcast/graphcast/rollout.py:437: FutureWarning: In a future version of xarray the default value for compat will change from compat='equals' to compat='override'. This change will result in the following ValueError: Cannot specify both data_vars='different' and compat='override'. The recommendation is to set compat explicitly for this case.
  xarray.concat(
  [walker w94 s9] step 1/6  valid 2021-05-27 12:00:00
  [walker w94 s9] step 2/6  valid 2021-05-28 00:00:00
  [walker w94 s9] step 3/6  valid 2021-05-28 12:00:00
  [walker w94 s9] step 4/6  valid 2021-05-29 00:00:00
  [walker w94 s9] step 5/6  valid 2021-05-29 12:00:00
  [walker w94 s9] step 6/6  valid 2021-05-30 00:00:00
  [walker] wrote /home/ubuntu/Vayuh/data/eric/S2S_ExtremeWeather/runs/astab/PNW_HeatDome_2021/ens/wk08/m094/step09/state.nc (474 MB), valid 2021-05-30 00:00:00
  [walker] wrote /home/ubuntu/Vayuh/data/eric/S2S_ExtremeWeather/runs/astab/PNW_HeatDome_2021/ens/wk08/m094/step09/diag.nc (35 MB, 6 steps)
  [walk] slimmed PNW_HeatDome_2021@wk8  m094 step9 diag to ['2m_temperature'] (35 -> 0.4 MB)
  [walk] pruned PNW_HeatDome_2021@wk8  m094 step7 state (0.47 GB)
  [walker] w94 step10: 6 x 12 h from 2021-05-30 00:00:00
  [walker] grid-node channels: inputs 176 + targets 504 + forcings 24; 6 step(s) from 2021-05-30 00:00:00
/home/ubuntu/Vayuh/data/eric/S2S_ExtremeWeather/third_party/graphcast/graphcast/rollout.py:328: FutureWarning: The return type of `Dataset.dims` will be changed to return a set of dimension names in future, in order to be more consistent with `DataArray.dims`. To access a mapping from dimension names to lengths, please use `Dataset.sizes`.
  num_target_steps = targets_template.dims["time"]
/home/ubuntu/Vayuh/data/eric/S2S_ExtremeWeather/third_party/graphcast/graphcast/rollout.py:435: FutureWarning: The return type of `Dataset.dims` will be changed to return a set of dimension names in future, in order to be more consistent with `DataArray.dims`. To access a mapping from dimension names to lengths, please use `Dataset.sizes`.
  num_inputs = prev_inputs.dims["time"]
/home/ubuntu/Vayuh/data/eric/S2S_ExtremeWeather/third_party/graphcast/graphcast/rollout.py:437: FutureWarning: In a future version of xarray the default value for compat will change from compat='equals' to compat='override'. This change will result in the following ValueError: Cannot specify both data_vars='different' and compat='override'. The recommendation is to set compat explicitly for this case.
  xarray.concat(
  [walker w94 s10] step 1/6  valid 2021-05-30 12:00:00
  [walker w94 s10] step 2/6  valid 2021-05-31 00:00:00
  [walker w94 s10] step 3/6  valid 2021-05-31 12:00:00
  [walker w94 s10] step 4/6  valid 2021-06-01 00:00:00
  [walker w94 s10] step 5/6  valid 2021-06-01 12:00:00
  [walker w94 s10] step 6/6  valid 2021-06-02 00:00:00
  [walker] wrote /home/ubuntu/Vayuh/data/eric/S2S_ExtremeWeather/runs/astab/PNW_HeatDome_2021/ens/wk08/m094/step10/state.nc (474 MB), valid 2021-06-02 00:00:00
  [walker] wrote /home/ubuntu/Vayuh/data/eric/S2S_ExtremeWeather/runs/astab/PNW_HeatDome_2021/ens/wk08/m094/step10/diag.nc (35 MB, 6 steps)
  [walk] slimmed PNW_HeatDome_2021@wk8  m094 step10 diag to ['2m_temperature'] (35 -> 0.3 MB)
  [walk] pruned PNW_HeatDome_2021@wk8  m094 step8 state (0.47 GB)
  [walker] w94 step11: 6 x 12 h from 2021-06-02 00:00:00
  [walker] grid-node channels: inputs 176 + targets 504 + forcings 24; 6 step(s) from 2021-06-02 00:00:00
/home/ubuntu/Vayuh/data/eric/S2S_ExtremeWeather/third_party/graphcast/graphcast/rollout.py:328: FutureWarning: The return type of `Dataset.dims` will be changed to return a set of dimension names in future, in order to be more consistent with `DataArray.dims`. To access a mapping from dimension names to lengths, please use `Dataset.sizes`.
  num_target_steps = targets_template.dims["time"]
/home/ubuntu/Vayuh/data/eric/S2S_ExtremeWeather/third_party/graphcast/graphcast/rollout.py:435: FutureWarning: The return type of `Dataset.dims` will be changed to return a set of dimension names in future, in order to be more consistent with `DataArray.dims`. To access a mapping from dimension names to lengths, please use `Dataset.sizes`.
  num_inputs = prev_inputs.dims["time"]
/home/ubuntu/Vayuh/data/eric/S2S_ExtremeWeather/third_party/graphcast/graphcast/rollout.py:437: FutureWarning: In a future version of xarray the default value for compat will change from compat='equals' to compat='override'. This change will result in the following ValueError: Cannot specify both data_vars='different' and compat='override'. The recommendation is to set compat explicitly for this case.
  xarray.concat(
  [walker w94 s11] step 1/6  valid 2021-06-02 12:00:00
  [walker w94 s11] step 2/6  valid 2021-06-03 00:00:00
  [walker w94 s11] step 3/6  valid 2021-06-03 12:00:00
  [walker w94 s11] step 4/6  valid 2021-06-04 00:00:00
  [walker w94 s11] step 5/6  valid 2021-06-04 12:00:00
  [walker w94 s11] step 6/6  valid 2021-06-05 00:00:00
  [walker] wrote /home/ubuntu/Vayuh/data/eric/S2S_ExtremeWeather/runs/astab/PNW_HeatDome_2021/ens/wk08/m094/step11/state.nc (474 MB), valid 2021-06-05 00:00:00
  [walker] wrote /home/ubuntu/Vayuh/data/eric/S2S_ExtremeWeather/runs/astab/PNW_HeatDome_2021/ens/wk08/m094/step11/diag.nc (35 MB, 6 steps)
  [walk] slimmed PNW_HeatDome_2021@wk8  m094 step11 diag to ['2m_temperature'] (35 -> 0.3 MB)
  [walk] pruned PNW_HeatDome_2021@wk8  m094 step9 state (0.47 GB)
  [walker] w94 step12: 6 x 12 h from 2021-06-05 00:00:00
  [walker] grid-node channels: inputs 176 + targets 504 + forcings 24; 6 step(s) from 2021-06-05 00:00:00
/home/ubuntu/Vayuh/data/eric/S2S_ExtremeWeather/third_party/graphcast/graphcast/rollout.py:328: FutureWarning: The return type of `Dataset.dims` will be changed to return a set of dimension names in future, in order to be more consistent with `DataArray.dims`. To access a mapping from dimension names to lengths, please use `Dataset.sizes`.
  num_target_steps = targets_template.dims["time"]
/home/ubuntu/Vayuh/data/eric/S2S_ExtremeWeather/third_party/graphcast/graphcast/rollout.py:435: FutureWarning: The return type of `Dataset.dims` will be changed to return a set of dimension names in future, in order to be more consistent with `DataArray.dims`. To access a mapping from dimension names to lengths, please use `Dataset.sizes`.
  num_inputs = prev_inputs.dims["time"]
/home/ubuntu/Vayuh/data/eric/S2S_ExtremeWeather/third_party/graphcast/graphcast/rollout.py:437: FutureWarning: In a future version of xarray the default value for compat will change from compat='equals' to compat='override'. This change will result in the following ValueError: Cannot specify both data_vars='different' and compat='override'. The recommendation is to set compat explicitly for this case.
  xarray.concat(
  [walker w94 s12] step 1/6  valid 2021-06-05 12:00:00
  [walker w94 s12] step 2/6  valid 2021-06-06 00:00:00
  [walker w94 s12] step 3/6  valid 2021-06-06 12:00:00
  [walker w94 s12] step 4/6  valid 2021-06-07 00:00:00
  [walker w94 s12] step 5/6  valid 2021-06-07 12:00:00
  [walker w94 s12] step 6/6  valid 2021-06-08 00:00:00
  [walker] wrote /home/ubuntu/Vayuh/data/eric/S2S_ExtremeWeather/runs/astab/PNW_HeatDome_2021/ens/wk08/m094/step12/state.nc (474 MB), valid 2021-06-08 00:00:00
  [walker] wrote /home/ubuntu/Vayuh/data/eric/S2S_ExtremeWeather/runs/astab/PNW_HeatDome_2021/ens/wk08/m094/step12/diag.nc (35 MB, 6 steps)
  [walk] slimmed PNW_HeatDome_2021@wk8  m094 step12 diag to ['2m_temperature'] (35 -> 0.3 MB)
  [walk] pruned PNW_HeatDome_2021@wk8  m094 step10 state (0.47 GB)
  [walker] w94 step13: 6 x 12 h from 2021-06-08 00:00:00
  [walker] grid-node channels: inputs 176 + targets 504 + forcings 24; 6 step(s) from 2021-06-08 00:00:00
/home/ubuntu/Vayuh/data/eric/S2S_ExtremeWeather/third_party/graphcast/graphcast/rollout.py:328: FutureWarning: The return type of `Dataset.dims` will be changed to return a set of dimension names in future, in order to be more consistent with `DataArray.dims`. To access a mapping from dimension names to lengths, please use `Dataset.sizes`.
  num_target_steps = targets_template.dims["time"]
/home/ubuntu/Vayuh/data/eric/S2S_ExtremeWeather/third_party/graphcast/graphcast/rollout.py:435: FutureWarning: The return type of `Dataset.dims` will be changed to return a set of dimension names in future, in order to be more consistent with `DataArray.dims`. To access a mapping from dimension names to lengths, please use `Dataset.sizes`.
  num_inputs = prev_inputs.dims["time"]
/home/ubuntu/Vayuh/data/eric/S2S_ExtremeWeather/third_party/graphcast/graphcast/rollout.py:437: FutureWarning: In a future version of xarray the default value for compat will change from compat='equals' to compat='override'. This change will result in the following ValueError: Cannot specify both data_vars='different' and compat='override'. The recommendation is to set compat explicitly for this case.
  xarray.concat(
  [walker w94 s13] step 1/6  valid 2021-06-08 12:00:00
  [walker w94 s13] step 2/6  valid 2021-06-09 00:00:00
  [walker w94 s13] step 3/6  valid 2021-06-09 12:00:00
  [walker w94 s13] step 4/6  valid 2021-06-10 00:00:00
  [walker w94 s13] step 5/6  valid 2021-06-10 12:00:00
  [walker w94 s13] step 6/6  valid 2021-06-11 00:00:00
  [walker] wrote /home/ubuntu/Vayuh/data/eric/S2S_ExtremeWeather/runs/astab/PNW_HeatDome_2021/ens/wk08/m094/step13/state.nc (474 MB), valid 2021-06-11 00:00:00
  [walker] wrote /home/ubuntu/Vayuh/data/eric/S2S_ExtremeWeather/runs/astab/PNW_HeatDome_2021/ens/wk08/m094/step13/diag.nc (35 MB, 6 steps)
  [walk] slimmed PNW_HeatDome_2021@wk8  m094 step13 diag to ['2m_temperature'] (35 -> 0.3 MB)
  [walk] pruned PNW_HeatDome_2021@wk8  m094 step11 state (0.47 GB)
  [walker] w94 step14: 6 x 12 h from 2021-06-11 00:00:00
  [walker] grid-node channels: inputs 176 + targets 504 + forcings 24; 6 step(s) from 2021-06-11 00:00:00
/home/ubuntu/Vayuh/data/eric/S2S_ExtremeWeather/third_party/graphcast/graphcast/rollout.py:328: FutureWarning: The return type of `Dataset.dims` will be changed to return a set of dimension names in future, in order to be more consistent with `DataArray.dims`. To access a mapping from dimension names to lengths, please use `Dataset.sizes`.
  num_target_steps = targets_template.dims["time"]
/home/ubuntu/Vayuh/data/eric/S2S_ExtremeWeather/third_party/graphcast/graphcast/rollout.py:435: FutureWarning: The return type of `Dataset.dims` will be changed to return a set of dimension names in future, in order to be more consistent with `DataArray.dims`. To access a mapping from dimension names to lengths, please use `Dataset.sizes`.
  num_inputs = prev_inputs.dims["time"]
/home/ubuntu/Vayuh/data/eric/S2S_ExtremeWeather/third_party/graphcast/graphcast/rollout.py:437: FutureWarning: In a future version of xarray the default value for compat will change from compat='equals' to compat='override'. This change will result in the following ValueError: Cannot specify both data_vars='different' and compat='override'. The recommendation is to set compat explicitly for this case.
  xarray.concat(
  [walker w94 s14] step 1/6  valid 2021-06-11 12:00:00
  [walker w94 s14] step 2/6  valid 2021-06-12 00:00:00
  [walker w94 s14] step 3/6  valid 2021-06-12 12:00:00
  [walker w94 s14] step 4/6  valid 2021-06-13 00:00:00
  [walker w94 s14] step 5/6  valid 2021-06-13 12:00:00
  [walker w94 s14] step 6/6  valid 2021-06-14 00:00:00
  [walker] wrote /home/ubuntu/Vayuh/data/eric/S2S_ExtremeWeather/runs/astab/PNW_HeatDome_2021/ens/wk08/m094/step14/state.nc (474 MB), valid 2021-06-14 00:00:00
  [walker] wrote /home/ubuntu/Vayuh/data/eric/S2S_ExtremeWeather/runs/astab/PNW_HeatDome_2021/ens/wk08/m094/step14/diag.nc (35 MB, 6 steps)
  [walk] slimmed PNW_HeatDome_2021@wk8  m094 step14 diag to ['2m_temperature'] (35 -> 0.4 MB)
  [walk] pruned PNW_HeatDome_2021@wk8  m094 step12 state (0.47 GB)
  [walker] w94 step15: 6 x 12 h from 2021-06-14 00:00:00
  [walker] grid-node channels: inputs 176 + targets 504 + forcings 24; 6 step(s) from 2021-06-14 00:00:00
/home/ubuntu/Vayuh/data/eric/S2S_ExtremeWeather/third_party/graphcast/graphcast/rollout.py:328: FutureWarning: The return type of `Dataset.dims` will be changed to return a set of dimension names in future, in order to be more consistent with `DataArray.dims`. To access a mapping from dimension names to lengths, please use `Dataset.sizes`.
  num_target_steps = targets_template.dims["time"]
/home/ubuntu/Vayuh/data/eric/S2S_ExtremeWeather/third_party/graphcast/graphcast/rollout.py:435: FutureWarning: The return type of `Dataset.dims` will be changed to return a set of dimension names in future, in order to be more consistent with `DataArray.dims`. To access a mapping from dimension names to lengths, please use `Dataset.sizes`.
  num_inputs = prev_inputs.dims["time"]
/home/ubuntu/Vayuh/data/eric/S2S_ExtremeWeather/third_party/graphcast/graphcast/rollout.py:437: FutureWarning: In a future version of xarray the default value for compat will change from compat='equals' to compat='override'. This change will result in the following ValueError: Cannot specify both data_vars='different' and compat='override'. The recommendation is to set compat explicitly for this case.
  xarray.concat(
  [walker w94 s15] step 1/6  valid 2021-06-14 12:00:00
  [walker w94 s15] step 2/6  valid 2021-06-15 00:00:00
  [walker w94 s15] step 3/6  valid 2021-06-15 12:00:00
  [walker w94 s15] step 4/6  valid 2021-06-16 00:00:00
  [walker w94 s15] step 5/6  valid 2021-06-16 12:00:00
  [walker w94 s15] step 6/6  valid 2021-06-17 00:00:00
  [walker] wrote /home/ubuntu/Vayuh/data/eric/S2S_ExtremeWeather/runs/astab/PNW_HeatDome_2021/ens/wk08/m094/step15/state.nc (475 MB), valid 2021-06-17 00:00:00
  [walker] wrote /home/ubuntu/Vayuh/data/eric/S2S_ExtremeWeather/runs/astab/PNW_HeatDome_2021/ens/wk08/m094/step15/diag.nc (35 MB, 6 steps)
  [walk] slimmed PNW_HeatDome_2021@wk8  m094 step15 diag to ['2m_temperature'] (35 -> 0.3 MB)
  [walk] pruned PNW_HeatDome_2021@wk8  m094 step13 state (0.47 GB)
  [walker] w94 step16: 6 x 12 h from 2021-06-17 00:00:00
  [walker] grid-node channels: inputs 176 + targets 504 + forcings 24; 6 step(s) from 2021-06-17 00:00:00
/home/ubuntu/Vayuh/data/eric/S2S_ExtremeWeather/third_party/graphcast/graphcast/rollout.py:328: FutureWarning: The return type of `Dataset.dims` will be changed to return a set of dimension names in future, in order to be more consistent with `DataArray.dims`. To access a mapping from dimension names to lengths, please use `Dataset.sizes`.
  num_target_steps = targets_template.dims["time"]
/home/ubuntu/Vayuh/data/eric/S2S_ExtremeWeather/third_party/graphcast/graphcast/rollout.py:435: FutureWarning: The return type of `Dataset.dims` will be changed to return a set of dimension names in future, in order to be more consistent with `DataArray.dims`. To access a mapping from dimension names to lengths, please use `Dataset.sizes`.
  num_inputs = prev_inputs.dims["time"]
/home/ubuntu/Vayuh/data/eric/S2S_ExtremeWeather/third_party/graphcast/graphcast/rollout.py:437: FutureWarning: In a future version of xarray the default value for compat will change from compat='equals' to compat='override'. This change will result in the following ValueError: Cannot specify both data_vars='different' and compat='override'. The recommendation is to set compat explicitly for this case.
  xarray.concat(
  [walker w94 s16] step 1/6  valid 2021-06-17 12:00:00
  [walker w94 s16] step 2/6  valid 2021-06-18 00:00:00
  [walker w94 s16] step 3/6  valid 2021-06-18 12:00:00
  [walker w94 s16] step 4/6  valid 2021-06-19 00:00:00
  [walker w94 s16] step 5/6  valid 2021-06-19 12:00:00
  [walker w94 s16] step 6/6  valid 2021-06-20 00:00:00
  [walker] wrote /home/ubuntu/Vayuh/data/eric/S2S_ExtremeWeather/runs/astab/PNW_HeatDome_2021/ens/wk08/m094/step16/state.nc (474 MB), valid 2021-06-20 00:00:00
  [walker] wrote /home/ubuntu/Vayuh/data/eric/S2S_ExtremeWeather/runs/astab/PNW_HeatDome_2021/ens/wk08/m094/step16/diag.nc (35 MB, 6 steps)
  [walk] slimmed PNW_HeatDome_2021@wk8  m094 step16 diag to ['2m_temperature'] (35 -> 0.3 MB)
  [walk] pruned PNW_HeatDome_2021@wk8  m094 step14 state (0.47 GB)
  [walker] w94 step17: 6 x 12 h from 2021-06-20 00:00:00
  [walker] grid-node channels: inputs 176 + targets 504 + forcings 24; 6 step(s) from 2021-06-20 00:00:00
/home/ubuntu/Vayuh/data/eric/S2S_ExtremeWeather/third_party/graphcast/graphcast/rollout.py:328: FutureWarning: The return type of `Dataset.dims` will be changed to return a set of dimension names in future, in order to be more consistent with `DataArray.dims`. To access a mapping from dimension names to lengths, please use `Dataset.sizes`.
  num_target_steps = targets_template.dims["time"]
/home/ubuntu/Vayuh/data/eric/S2S_ExtremeWeather/third_party/graphcast/graphcast/rollout.py:435: FutureWarning: The return type of `Dataset.dims` will be changed to return a set of dimension names in future, in order to be more consistent with `DataArray.dims`. To access a mapping from dimension names to lengths, please use `Dataset.sizes`.
  num_inputs = prev_inputs.dims["time"]
/home/ubuntu/Vayuh/data/eric/S2S_ExtremeWeather/third_party/graphcast/graphcast/rollout.py:437: FutureWarning: In a future version of xarray the default value for compat will change from compat='equals' to compat='override'. This change will result in the following ValueError: Cannot specify both data_vars='different' and compat='override'. The recommendation is to set compat explicitly for this case.
  xarray.concat(
  [walker w94 s17] step 1/6  valid 2021-06-20 12:00:00
  [walker w94 s17] step 2/6  valid 2021-06-21 00:00:00
  [walker w94 s17] step 3/6  valid 2021-06-21 12:00:00
  [walker w94 s17] step 4/6  valid 2021-06-22 00:00:00
  [walker w94 s17] step 5/6  valid 2021-06-22 12:00:00
  [walker w94 s17] step 6/6  valid 2021-06-23 00:00:00
  [walker] wrote /home/ubuntu/Vayuh/data/eric/S2S_ExtremeWeather/runs/astab/PNW_HeatDome_2021/ens/wk08/m094/step17/state.nc (474 MB), valid 2021-06-23 00:00:00
  [walker] wrote /home/ubuntu/Vayuh/data/eric/S2S_ExtremeWeather/runs/astab/PNW_HeatDome_2021/ens/wk08/m094/step17/diag.nc (35 MB, 6 steps)
  [walk] slimmed PNW_HeatDome_2021@wk8  m094 step17 diag to ['2m_temperature'] (35 -> 0.4 MB)
  [walk] pruned PNW_HeatDome_2021@wk8  m094 step15 state (0.47 GB)
  [walker] w94 step18: 6 x 12 h from 2021-06-23 00:00:00
  [walker] grid-node channels: inputs 176 + targets 504 + forcings 24; 6 step(s) from 2021-06-23 00:00:00
/home/ubuntu/Vayuh/data/eric/S2S_ExtremeWeather/third_party/graphcast/graphcast/rollout.py:328: FutureWarning: The return type of `Dataset.dims` will be changed to return a set of dimension names in future, in order to be more consistent with `DataArray.dims`. To access a mapping from dimension names to lengths, please use `Dataset.sizes`.
  num_target_steps = targets_template.dims["time"]
/home/ubuntu/Vayuh/data/eric/S2S_ExtremeWeather/third_party/graphcast/graphcast/rollout.py:435: FutureWarning: The return type of `Dataset.dims` will be changed to return a set of dimension names in future, in order to be more consistent with `DataArray.dims`. To access a mapping from dimension names to lengths, please use `Dataset.sizes`.
  num_inputs = prev_inputs.dims["time"]
/home/ubuntu/Vayuh/data/eric/S2S_ExtremeWeather/third_party/graphcast/graphcast/rollout.py:437: FutureWarning: In a future version of xarray the default value for compat will change from compat='equals' to compat='override'. This change will result in the following ValueError: Cannot specify both data_vars='different' and compat='override'. The recommendation is to set compat explicitly for this case.
  xarray.concat(
  [walker w94 s18] step 1/6  valid 2021-06-23 12:00:00
  [walker w94 s18] step 2/6  valid 2021-06-24 00:00:00
  [walker w94 s18] step 3/6  valid 2021-06-24 12:00:00
  [walker w94 s18] step 4/6  valid 2021-06-25 00:00:00
  [walker w94 s18] step 5/6  valid 2021-06-25 12:00:00
  [walker w94 s18] step 6/6  valid 2021-06-26 00:00:00
  [walker] wrote /home/ubuntu/Vayuh/data/eric/S2S_ExtremeWeather/runs/astab/PNW_HeatDome_2021/ens/wk08/m094/step18/state.nc (474 MB), valid 2021-06-26 00:00:00
  [walker] wrote /home/ubuntu/Vayuh/data/eric/S2S_ExtremeWeather/runs/astab/PNW_HeatDome_2021/ens/wk08/m094/step18/diag.nc (35 MB, 6 steps)
  [walk] slimmed PNW_HeatDome_2021@wk8  m094 step18 diag to ['2m_temperature'] (35 -> 0.4 MB)
  [walk] pruned PNW_HeatDome_2021@wk8  m094 step16 state (0.47 GB)
  [walker] w94 step19: 4 x 12 h from 2021-06-26 00:00:00
  [walker] grid-node channels: inputs 176 + targets 336 + forcings 16; 4 step(s) from 2021-06-26 00:00:00
/home/ubuntu/Vayuh/data/eric/S2S_ExtremeWeather/third_party/graphcast/graphcast/rollout.py:328: FutureWarning: The return type of `Dataset.dims` will be changed to return a set of dimension names in future, in order to be more consistent with `DataArray.dims`. To access a mapping from dimension names to lengths, please use `Dataset.sizes`.
  num_target_steps = targets_template.dims["time"]
/home/ubuntu/Vayuh/data/eric/S2S_ExtremeWeather/third_party/graphcast/graphcast/rollout.py:435: FutureWarning: The return type of `Dataset.dims` will be changed to return a set of dimension names in future, in order to be more consistent with `DataArray.dims`. To access a mapping from dimension names to lengths, please use `Dataset.sizes`.
  num_inputs = prev_inputs.dims["time"]
/home/ubuntu/Vayuh/data/eric/S2S_ExtremeWeather/third_party/graphcast/graphcast/rollout.py:437: FutureWarning: In a future version of xarray the default value for compat will change from compat='equals' to compat='override'. This change will result in the following ValueError: Cannot specify both data_vars='different' and compat='override'. The recommendation is to set compat explicitly for this case.
  xarray.concat(
  [walker w94 s19] step 1/4  valid 2021-06-26 12:00:00
  [walker w94 s19] step 2/4  valid 2021-06-27 00:00:00
  [walker w94 s19] step 3/4  valid 2021-06-27 12:00:00
  [walker w94 s19] step 4/4  valid 2021-06-28 00:00:00
  [walker] wrote /home/ubuntu/Vayuh/data/eric/S2S_ExtremeWeather/runs/astab/PNW_HeatDome_2021/ens/wk08/m094/step19/state.nc (475 MB), valid 2021-06-28 00:00:00
  [walker] wrote /home/ubuntu/Vayuh/data/eric/S2S_ExtremeWeather/runs/astab/PNW_HeatDome_2021/ens/wk08/m094/step19/diag.nc (23 MB, 4 steps)
  [walk] slimmed PNW_HeatDome_2021@wk8  m094 step19 diag to ['2m_temperature'] (23 -> 0.2 MB)
  [walk] pruned PNW_HeatDome_2021@wk8  m094 step17 state (0.47 GB)
[walk] PNW_HeatDome_2021@wk8  m094: complete, landed exactly on the peak 2021-06-28 00:00:00 (11533 s elapsed on this shard)
  [walk] released PNW_HeatDome_2021@wk8  m094 states (0.95 GB)
[walk] m094: complete; never left bounds
[walk] shard 30: 57 segment(s) rolled, 11533 s total
