[walk] host=nucla3m-a3meganodeset-3 shard 5/32: ['PNW_HeatDome_2021@wk8  m005', 'PNW_HeatDome_2021@wk8  m037', 'PNW_HeatDome_2021@wk8  m069']
[walk] PNW_HeatDome_2021@wk8  m005: 19 segment(s), 112 steps, init 2021-05-03 00:00:00 -> peak 2021-06-28 00:00:00
  [walker] w05 step1: 6 x 12 h from 2021-05-03 00:00:00
  [walker] loading 'GenCast 0p25deg <2019.npz' (0.25 deg)
[model] serial infer on 1 device(s); ensemble=1 (1 sample(s), one at a time). task pressure levels: 13
  [walker] model loaded in 7 s
  [walker] grid-node channels: inputs 176 + targets 504 + forcings 24; 6 step(s) from 2021-05-03 00:00:00
/home/ubuntu/Vayuh/data/eric/S2S_ExtremeWeather/third_party/graphcast/graphcast/rollout.py:328: FutureWarning: The return type of `Dataset.dims` will be changed to return a set of dimension names in future, in order to be more consistent with `DataArray.dims`. To access a mapping from dimension names to lengths, please use `Dataset.sizes`.
  num_target_steps = targets_template.dims["time"]
/home/ubuntu/miniconda3/envs/moe/lib/python3.12/site-packages/scipy/sparse/_index.py:210: SparseEfficiencyWarning: Changing the sparsity structure of a csr_matrix is expensive. lil and dok are more efficient.
  self._set_arrayXarray(i, j, x)
/home/ubuntu/miniconda3/envs/moe/lib/python3.12/site-packages/scipy/sparse/_index.py:210: SparseEfficiencyWarning: Changing the sparsity structure of a csr_matrix is expensive. lil and dok are more efficient.
  self._set_arrayXarray(i, j, x)
/home/ubuntu/miniconda3/envs/moe/lib/python3.12/site-packages/jax/_src/compiler.py:833: UserWarning: Error writing persistent compilation cache entry for 'jit_apply_fn': JaxRuntimeError: RESOURCE_EXHAUSTED: Failed to serialize message of type xla.gpu.GpuExecutableProto because its size must be smaller than 2GiB: 4171376162; at byte 0; at uncompressed byte 0; at byte 2909
	failed to serialize the rest of the fields in GpuExecutableProto split proto (all fields except asm_text, binary, dnn_compiled_graphs, and constants)
  warnings.warn(
/home/ubuntu/Vayuh/data/eric/S2S_ExtremeWeather/third_party/graphcast/graphcast/rollout.py:435: FutureWarning: The return type of `Dataset.dims` will be changed to return a set of dimension names in future, in order to be more consistent with `DataArray.dims`. To access a mapping from dimension names to lengths, please use `Dataset.sizes`.
  num_inputs = prev_inputs.dims["time"]
/home/ubuntu/Vayuh/data/eric/S2S_ExtremeWeather/third_party/graphcast/graphcast/rollout.py:437: FutureWarning: In a future version of xarray the default value for compat will change from compat='equals' to compat='override'. This change will result in the following ValueError: Cannot specify both data_vars='different' and compat='override'. The recommendation is to set compat explicitly for this case.
  xarray.concat(
  [walker w05 s1] step 1/6  valid 2021-05-03 12:00:00
  [walker w05 s1] step 2/6  valid 2021-05-04 00:00:00
  [walker w05 s1] step 3/6  valid 2021-05-04 12:00:00
  [walker w05 s1] step 4/6  valid 2021-05-05 00:00:00
  [walker w05 s1] step 5/6  valid 2021-05-05 12:00:00
  [walker w05 s1] step 6/6  valid 2021-05-06 00:00:00
  [walker] wrote /home/ubuntu/Vayuh/data/eric/S2S_ExtremeWeather/runs/astab/PNW_HeatDome_2021/ens/wk08/m005/step01/state.nc (472 MB), valid 2021-05-06 00:00:00
  [walker] wrote /home/ubuntu/Vayuh/data/eric/S2S_ExtremeWeather/runs/astab/PNW_HeatDome_2021/ens/wk08/m005/step01/diag.nc (34 MB, 6 steps)
[walk] physics PNW_HeatDome_2021@wk8  m005 step1 @ 2021-05-06 00:00:00: CONUS-mean T2m 292.17 K vs ERA5 292.36 K (-0.19 K; gate 6 K at 3 d lead, skill-bearing)
  [walk] slimmed PNW_HeatDome_2021@wk8  m005 step1 diag to ['2m_temperature'] (34 -> 0.3 MB)
  [walker] w05 step2: 6 x 12 h from 2021-05-06 00:00:00
  [walker] grid-node channels: inputs 176 + targets 504 + forcings 24; 6 step(s) from 2021-05-06 00:00:00
/home/ubuntu/Vayuh/data/eric/S2S_ExtremeWeather/third_party/graphcast/graphcast/rollout.py:328: FutureWarning: The return type of `Dataset.dims` will be changed to return a set of dimension names in future, in order to be more consistent with `DataArray.dims`. To access a mapping from dimension names to lengths, please use `Dataset.sizes`.
  num_target_steps = targets_template.dims["time"]
/home/ubuntu/Vayuh/data/eric/S2S_ExtremeWeather/third_party/graphcast/graphcast/rollout.py:435: FutureWarning: The return type of `Dataset.dims` will be changed to return a set of dimension names in future, in order to be more consistent with `DataArray.dims`. To access a mapping from dimension names to lengths, please use `Dataset.sizes`.
  num_inputs = prev_inputs.dims["time"]
/home/ubuntu/Vayuh/data/eric/S2S_ExtremeWeather/third_party/graphcast/graphcast/rollout.py:437: FutureWarning: In a future version of xarray the default value for compat will change from compat='equals' to compat='override'. This change will result in the following ValueError: Cannot specify both data_vars='different' and compat='override'. The recommendation is to set compat explicitly for this case.
  xarray.concat(
  [walker w05 s2] step 1/6  valid 2021-05-06 12:00:00
  [walker w05 s2] step 2/6  valid 2021-05-07 00:00:00
  [walker w05 s2] step 3/6  valid 2021-05-07 12:00:00
  [walker w05 s2] step 4/6  valid 2021-05-08 00:00:00
  [walker w05 s2] step 5/6  valid 2021-05-08 12:00:00
  [walker w05 s2] step 6/6  valid 2021-05-09 00:00:00
  [walker] wrote /home/ubuntu/Vayuh/data/eric/S2S_ExtremeWeather/runs/astab/PNW_HeatDome_2021/ens/wk08/m005/step02/state.nc (473 MB), valid 2021-05-09 00:00:00
  [walker] wrote /home/ubuntu/Vayuh/data/eric/S2S_ExtremeWeather/runs/astab/PNW_HeatDome_2021/ens/wk08/m005/step02/diag.nc (34 MB, 6 steps)
  [walk] slimmed PNW_HeatDome_2021@wk8  m005 step2 diag to ['2m_temperature'] (34 -> 0.3 MB)
  [walker] w05 step3: 6 x 12 h from 2021-05-09 00:00:00
  [walker] grid-node channels: inputs 176 + targets 504 + forcings 24; 6 step(s) from 2021-05-09 00:00:00
/home/ubuntu/Vayuh/data/eric/S2S_ExtremeWeather/third_party/graphcast/graphcast/rollout.py:328: FutureWarning: The return type of `Dataset.dims` will be changed to return a set of dimension names in future, in order to be more consistent with `DataArray.dims`. To access a mapping from dimension names to lengths, please use `Dataset.sizes`.
  num_target_steps = targets_template.dims["time"]
/home/ubuntu/Vayuh/data/eric/S2S_ExtremeWeather/third_party/graphcast/graphcast/rollout.py:435: FutureWarning: The return type of `Dataset.dims` will be changed to return a set of dimension names in future, in order to be more consistent with `DataArray.dims`. To access a mapping from dimension names to lengths, please use `Dataset.sizes`.
  num_inputs = prev_inputs.dims["time"]
/home/ubuntu/Vayuh/data/eric/S2S_ExtremeWeather/third_party/graphcast/graphcast/rollout.py:437: FutureWarning: In a future version of xarray the default value for compat will change from compat='equals' to compat='override'. This change will result in the following ValueError: Cannot specify both data_vars='different' and compat='override'. The recommendation is to set compat explicitly for this case.
  xarray.concat(
  [walker w05 s3] step 1/6  valid 2021-05-09 12:00:00
  [walker w05 s3] step 2/6  valid 2021-05-10 00:00:00
  [walker w05 s3] step 3/6  valid 2021-05-10 12:00:00
  [walker w05 s3] step 4/6  valid 2021-05-11 00:00:00
  [walker w05 s3] step 5/6  valid 2021-05-11 12:00:00
  [walker w05 s3] step 6/6  valid 2021-05-12 00:00:00
  [walker] wrote /home/ubuntu/Vayuh/data/eric/S2S_ExtremeWeather/runs/astab/PNW_HeatDome_2021/ens/wk08/m005/step03/state.nc (473 MB), valid 2021-05-12 00:00:00
  [walker] wrote /home/ubuntu/Vayuh/data/eric/S2S_ExtremeWeather/runs/astab/PNW_HeatDome_2021/ens/wk08/m005/step03/diag.nc (35 MB, 6 steps)
  [walk] slimmed PNW_HeatDome_2021@wk8  m005 step3 diag to ['2m_temperature'] (35 -> 0.3 MB)
  [walk] pruned PNW_HeatDome_2021@wk8  m005 step1 state (0.47 GB)
  [walker] w05 step4: 6 x 12 h from 2021-05-12 00:00:00
  [walker] grid-node channels: inputs 176 + targets 504 + forcings 24; 6 step(s) from 2021-05-12 00:00:00
/home/ubuntu/Vayuh/data/eric/S2S_ExtremeWeather/third_party/graphcast/graphcast/rollout.py:328: FutureWarning: The return type of `Dataset.dims` will be changed to return a set of dimension names in future, in order to be more consistent with `DataArray.dims`. To access a mapping from dimension names to lengths, please use `Dataset.sizes`.
  num_target_steps = targets_template.dims["time"]
/home/ubuntu/Vayuh/data/eric/S2S_ExtremeWeather/third_party/graphcast/graphcast/rollout.py:435: FutureWarning: The return type of `Dataset.dims` will be changed to return a set of dimension names in future, in order to be more consistent with `DataArray.dims`. To access a mapping from dimension names to lengths, please use `Dataset.sizes`.
  num_inputs = prev_inputs.dims["time"]
/home/ubuntu/Vayuh/data/eric/S2S_ExtremeWeather/third_party/graphcast/graphcast/rollout.py:437: FutureWarning: In a future version of xarray the default value for compat will change from compat='equals' to compat='override'. This change will result in the following ValueError: Cannot specify both data_vars='different' and compat='override'. The recommendation is to set compat explicitly for this case.
  xarray.concat(
  [walker w05 s4] step 1/6  valid 2021-05-12 12:00:00
  [walker w05 s4] step 2/6  valid 2021-05-13 00:00:00
  [walker w05 s4] step 3/6  valid 2021-05-13 12:00:00
  [walker w05 s4] step 4/6  valid 2021-05-14 00:00:00
  [walker w05 s4] step 5/6  valid 2021-05-14 12:00:00
  [walker w05 s4] step 6/6  valid 2021-05-15 00:00:00
  [walker] wrote /home/ubuntu/Vayuh/data/eric/S2S_ExtremeWeather/runs/astab/PNW_HeatDome_2021/ens/wk08/m005/step04/state.nc (473 MB), valid 2021-05-15 00:00:00
  [walker] wrote /home/ubuntu/Vayuh/data/eric/S2S_ExtremeWeather/runs/astab/PNW_HeatDome_2021/ens/wk08/m005/step04/diag.nc (35 MB, 6 steps)
  [walk] slimmed PNW_HeatDome_2021@wk8  m005 step4 diag to ['2m_temperature'] (35 -> 0.3 MB)
  [walk] pruned PNW_HeatDome_2021@wk8  m005 step2 state (0.47 GB)
  [walker] w05 step5: 6 x 12 h from 2021-05-15 00:00:00
  [walker] grid-node channels: inputs 176 + targets 504 + forcings 24; 6 step(s) from 2021-05-15 00:00:00
/home/ubuntu/Vayuh/data/eric/S2S_ExtremeWeather/third_party/graphcast/graphcast/rollout.py:328: FutureWarning: The return type of `Dataset.dims` will be changed to return a set of dimension names in future, in order to be more consistent with `DataArray.dims`. To access a mapping from dimension names to lengths, please use `Dataset.sizes`.
  num_target_steps = targets_template.dims["time"]
/home/ubuntu/Vayuh/data/eric/S2S_ExtremeWeather/third_party/graphcast/graphcast/rollout.py:435: FutureWarning: The return type of `Dataset.dims` will be changed to return a set of dimension names in future, in order to be more consistent with `DataArray.dims`. To access a mapping from dimension names to lengths, please use `Dataset.sizes`.
  num_inputs = prev_inputs.dims["time"]
/home/ubuntu/Vayuh/data/eric/S2S_ExtremeWeather/third_party/graphcast/graphcast/rollout.py:437: FutureWarning: In a future version of xarray the default value for compat will change from compat='equals' to compat='override'. This change will result in the following ValueError: Cannot specify both data_vars='different' and compat='override'. The recommendation is to set compat explicitly for this case.
  xarray.concat(
  [walker w05 s5] step 1/6  valid 2021-05-15 12:00:00
  [walker w05 s5] step 2/6  valid 2021-05-16 00:00:00
  [walker w05 s5] step 3/6  valid 2021-05-16 12:00:00
  [walker w05 s5] step 4/6  valid 2021-05-17 00:00:00
  [walker w05 s5] step 5/6  valid 2021-05-17 12:00:00
  [walker w05 s5] step 6/6  valid 2021-05-18 00:00:00
  [walker] wrote /home/ubuntu/Vayuh/data/eric/S2S_ExtremeWeather/runs/astab/PNW_HeatDome_2021/ens/wk08/m005/step05/state.nc (474 MB), valid 2021-05-18 00:00:00
  [walker] wrote /home/ubuntu/Vayuh/data/eric/S2S_ExtremeWeather/runs/astab/PNW_HeatDome_2021/ens/wk08/m005/step05/diag.nc (35 MB, 6 steps)
  [walk] slimmed PNW_HeatDome_2021@wk8  m005 step5 diag to ['2m_temperature'] (35 -> 0.4 MB)
  [walk] pruned PNW_HeatDome_2021@wk8  m005 step3 state (0.47 GB)
  [walker] w05 step6: 6 x 12 h from 2021-05-18 00:00:00
  [walker] grid-node channels: inputs 176 + targets 504 + forcings 24; 6 step(s) from 2021-05-18 00:00:00
/home/ubuntu/Vayuh/data/eric/S2S_ExtremeWeather/third_party/graphcast/graphcast/rollout.py:328: FutureWarning: The return type of `Dataset.dims` will be changed to return a set of dimension names in future, in order to be more consistent with `DataArray.dims`. To access a mapping from dimension names to lengths, please use `Dataset.sizes`.
  num_target_steps = targets_template.dims["time"]
/home/ubuntu/Vayuh/data/eric/S2S_ExtremeWeather/third_party/graphcast/graphcast/rollout.py:435: FutureWarning: The return type of `Dataset.dims` will be changed to return a set of dimension names in future, in order to be more consistent with `DataArray.dims`. To access a mapping from dimension names to lengths, please use `Dataset.sizes`.
  num_inputs = prev_inputs.dims["time"]
/home/ubuntu/Vayuh/data/eric/S2S_ExtremeWeather/third_party/graphcast/graphcast/rollout.py:437: FutureWarning: In a future version of xarray the default value for compat will change from compat='equals' to compat='override'. This change will result in the following ValueError: Cannot specify both data_vars='different' and compat='override'. The recommendation is to set compat explicitly for this case.
  xarray.concat(
  [walker w05 s6] step 1/6  valid 2021-05-18 12:00:00
  [walker w05 s6] step 2/6  valid 2021-05-19 00:00:00
  [walker w05 s6] step 3/6  valid 2021-05-19 12:00:00
  [walker w05 s6] step 4/6  valid 2021-05-20 00:00:00
  [walker w05 s6] step 5/6  valid 2021-05-20 12:00:00
  [walker w05 s6] step 6/6  valid 2021-05-21 00:00:00
  [walker] wrote /home/ubuntu/Vayuh/data/eric/S2S_ExtremeWeather/runs/astab/PNW_HeatDome_2021/ens/wk08/m005/step06/state.nc (474 MB), valid 2021-05-21 00:00:00
  [walker] wrote /home/ubuntu/Vayuh/data/eric/S2S_ExtremeWeather/runs/astab/PNW_HeatDome_2021/ens/wk08/m005/step06/diag.nc (35 MB, 6 steps)
  [walk] slimmed PNW_HeatDome_2021@wk8  m005 step6 diag to ['2m_temperature'] (35 -> 0.4 MB)
  [walk] pruned PNW_HeatDome_2021@wk8  m005 step4 state (0.47 GB)
  [walker] w05 step7: 6 x 12 h from 2021-05-21 00:00:00
  [walker] grid-node channels: inputs 176 + targets 504 + forcings 24; 6 step(s) from 2021-05-21 00:00:00
/home/ubuntu/Vayuh/data/eric/S2S_ExtremeWeather/third_party/graphcast/graphcast/rollout.py:328: FutureWarning: The return type of `Dataset.dims` will be changed to return a set of dimension names in future, in order to be more consistent with `DataArray.dims`. To access a mapping from dimension names to lengths, please use `Dataset.sizes`.
  num_target_steps = targets_template.dims["time"]
/home/ubuntu/Vayuh/data/eric/S2S_ExtremeWeather/third_party/graphcast/graphcast/rollout.py:435: FutureWarning: The return type of `Dataset.dims` will be changed to return a set of dimension names in future, in order to be more consistent with `DataArray.dims`. To access a mapping from dimension names to lengths, please use `Dataset.sizes`.
  num_inputs = prev_inputs.dims["time"]
/home/ubuntu/Vayuh/data/eric/S2S_ExtremeWeather/third_party/graphcast/graphcast/rollout.py:437: FutureWarning: In a future version of xarray the default value for compat will change from compat='equals' to compat='override'. This change will result in the following ValueError: Cannot specify both data_vars='different' and compat='override'. The recommendation is to set compat explicitly for this case.
  xarray.concat(
  [walker w05 s7] step 1/6  valid 2021-05-21 12:00:00
  [walker w05 s7] step 2/6  valid 2021-05-22 00:00:00
  [walker w05 s7] step 3/6  valid 2021-05-22 12:00:00
  [walker w05 s7] step 4/6  valid 2021-05-23 00:00:00
  [walker w05 s7] step 5/6  valid 2021-05-23 12:00:00
  [walker w05 s7] step 6/6  valid 2021-05-24 00:00:00
  [walker] wrote /home/ubuntu/Vayuh/data/eric/S2S_ExtremeWeather/runs/astab/PNW_HeatDome_2021/ens/wk08/m005/step07/state.nc (474 MB), valid 2021-05-24 00:00:00
  [walker] wrote /home/ubuntu/Vayuh/data/eric/S2S_ExtremeWeather/runs/astab/PNW_HeatDome_2021/ens/wk08/m005/step07/diag.nc (35 MB, 6 steps)
  [walk] slimmed PNW_HeatDome_2021@wk8  m005 step7 diag to ['2m_temperature'] (35 -> 0.4 MB)
  [walk] pruned PNW_HeatDome_2021@wk8  m005 step5 state (0.47 GB)
  [walker] w05 step8: 6 x 12 h from 2021-05-24 00:00:00
  [walker] grid-node channels: inputs 176 + targets 504 + forcings 24; 6 step(s) from 2021-05-24 00:00:00
/home/ubuntu/Vayuh/data/eric/S2S_ExtremeWeather/third_party/graphcast/graphcast/rollout.py:328: FutureWarning: The return type of `Dataset.dims` will be changed to return a set of dimension names in future, in order to be more consistent with `DataArray.dims`. To access a mapping from dimension names to lengths, please use `Dataset.sizes`.
  num_target_steps = targets_template.dims["time"]
/home/ubuntu/Vayuh/data/eric/S2S_ExtremeWeather/third_party/graphcast/graphcast/rollout.py:435: FutureWarning: The return type of `Dataset.dims` will be changed to return a set of dimension names in future, in order to be more consistent with `DataArray.dims`. To access a mapping from dimension names to lengths, please use `Dataset.sizes`.
  num_inputs = prev_inputs.dims["time"]
/home/ubuntu/Vayuh/data/eric/S2S_ExtremeWeather/third_party/graphcast/graphcast/rollout.py:437: FutureWarning: In a future version of xarray the default value for compat will change from compat='equals' to compat='override'. This change will result in the following ValueError: Cannot specify both data_vars='different' and compat='override'. The recommendation is to set compat explicitly for this case.
  xarray.concat(
  [walker w05 s8] step 1/6  valid 2021-05-24 12:00:00
  [walker w05 s8] step 2/6  valid 2021-05-25 00:00:00
  [walker w05 s8] step 3/6  valid 2021-05-25 12:00:00
  [walker w05 s8] step 4/6  valid 2021-05-26 00:00:00
  [walker w05 s8] step 5/6  valid 2021-05-26 12:00:00
  [walker w05 s8] step 6/6  valid 2021-05-27 00:00:00
  [walker] wrote /home/ubuntu/Vayuh/data/eric/S2S_ExtremeWeather/runs/astab/PNW_HeatDome_2021/ens/wk08/m005/step08/state.nc (474 MB), valid 2021-05-27 00:00:00
  [walker] wrote /home/ubuntu/Vayuh/data/eric/S2S_ExtremeWeather/runs/astab/PNW_HeatDome_2021/ens/wk08/m005/step08/diag.nc (35 MB, 6 steps)
  [walk] slimmed PNW_HeatDome_2021@wk8  m005 step8 diag to ['2m_temperature'] (35 -> 0.4 MB)
  [walk] pruned PNW_HeatDome_2021@wk8  m005 step6 state (0.47 GB)
  [walker] w05 step9: 6 x 12 h from 2021-05-27 00:00:00
  [walker] grid-node channels: inputs 176 + targets 504 + forcings 24; 6 step(s) from 2021-05-27 00:00:00
/home/ubuntu/Vayuh/data/eric/S2S_ExtremeWeather/third_party/graphcast/graphcast/rollout.py:328: FutureWarning: The return type of `Dataset.dims` will be changed to return a set of dimension names in future, in order to be more consistent with `DataArray.dims`. To access a mapping from dimension names to lengths, please use `Dataset.sizes`.
  num_target_steps = targets_template.dims["time"]
/home/ubuntu/Vayuh/data/eric/S2S_ExtremeWeather/third_party/graphcast/graphcast/rollout.py:435: FutureWarning: The return type of `Dataset.dims` will be changed to return a set of dimension names in future, in order to be more consistent with `DataArray.dims`. To access a mapping from dimension names to lengths, please use `Dataset.sizes`.
  num_inputs = prev_inputs.dims["time"]
/home/ubuntu/Vayuh/data/eric/S2S_ExtremeWeather/third_party/graphcast/graphcast/rollout.py:437: FutureWarning: In a future version of xarray the default value for compat will change from compat='equals' to compat='override'. This change will result in the following ValueError: Cannot specify both data_vars='different' and compat='override'. The recommendation is to set compat explicitly for this case.
  xarray.concat(
  [walker w05 s9] step 1/6  valid 2021-05-27 12:00:00
  [walker w05 s9] step 2/6  valid 2021-05-28 00:00:00
  [walker w05 s9] step 3/6  valid 2021-05-28 12:00:00
  [walker w05 s9] step 4/6  valid 2021-05-29 00:00:00
  [walker w05 s9] step 5/6  valid 2021-05-29 12:00:00
  [walker w05 s9] step 6/6  valid 2021-05-30 00:00:00
  [walker] wrote /home/ubuntu/Vayuh/data/eric/S2S_ExtremeWeather/runs/astab/PNW_HeatDome_2021/ens/wk08/m005/step09/state.nc (474 MB), valid 2021-05-30 00:00:00
  [walker] wrote /home/ubuntu/Vayuh/data/eric/S2S_ExtremeWeather/runs/astab/PNW_HeatDome_2021/ens/wk08/m005/step09/diag.nc (35 MB, 6 steps)
  [walk] slimmed PNW_HeatDome_2021@wk8  m005 step9 diag to ['2m_temperature'] (35 -> 0.4 MB)
  [walk] pruned PNW_HeatDome_2021@wk8  m005 step7 state (0.47 GB)
  [walker] w05 step10: 6 x 12 h from 2021-05-30 00:00:00
  [walker] grid-node channels: inputs 176 + targets 504 + forcings 24; 6 step(s) from 2021-05-30 00:00:00
/home/ubuntu/Vayuh/data/eric/S2S_ExtremeWeather/third_party/graphcast/graphcast/rollout.py:328: FutureWarning: The return type of `Dataset.dims` will be changed to return a set of dimension names in future, in order to be more consistent with `DataArray.dims`. To access a mapping from dimension names to lengths, please use `Dataset.sizes`.
  num_target_steps = targets_template.dims["time"]
/home/ubuntu/Vayuh/data/eric/S2S_ExtremeWeather/third_party/graphcast/graphcast/rollout.py:435: FutureWarning: The return type of `Dataset.dims` will be changed to return a set of dimension names in future, in order to be more consistent with `DataArray.dims`. To access a mapping from dimension names to lengths, please use `Dataset.sizes`.
  num_inputs = prev_inputs.dims["time"]
/home/ubuntu/Vayuh/data/eric/S2S_ExtremeWeather/third_party/graphcast/graphcast/rollout.py:437: FutureWarning: In a future version of xarray the default value for compat will change from compat='equals' to compat='override'. This change will result in the following ValueError: Cannot specify both data_vars='different' and compat='override'. The recommendation is to set compat explicitly for this case.
  xarray.concat(
  [walker w05 s10] step 1/6  valid 2021-05-30 12:00:00
  [walker w05 s10] step 2/6  valid 2021-05-31 00:00:00
  [walker w05 s10] step 3/6  valid 2021-05-31 12:00:00
  [walker w05 s10] step 4/6  valid 2021-06-01 00:00:00
  [walker w05 s10] step 5/6  valid 2021-06-01 12:00:00
  [walker w05 s10] step 6/6  valid 2021-06-02 00:00:00
  [walker] wrote /home/ubuntu/Vayuh/data/eric/S2S_ExtremeWeather/runs/astab/PNW_HeatDome_2021/ens/wk08/m005/step10/state.nc (473 MB), valid 2021-06-02 00:00:00
  [walker] wrote /home/ubuntu/Vayuh/data/eric/S2S_ExtremeWeather/runs/astab/PNW_HeatDome_2021/ens/wk08/m005/step10/diag.nc (35 MB, 6 steps)
  [walk] slimmed PNW_HeatDome_2021@wk8  m005 step10 diag to ['2m_temperature'] (35 -> 0.4 MB)
  [walk] pruned PNW_HeatDome_2021@wk8  m005 step8 state (0.47 GB)
  [walker] w05 step11: 6 x 12 h from 2021-06-02 00:00:00
  [walker] grid-node channels: inputs 176 + targets 504 + forcings 24; 6 step(s) from 2021-06-02 00:00:00
/home/ubuntu/Vayuh/data/eric/S2S_ExtremeWeather/third_party/graphcast/graphcast/rollout.py:328: FutureWarning: The return type of `Dataset.dims` will be changed to return a set of dimension names in future, in order to be more consistent with `DataArray.dims`. To access a mapping from dimension names to lengths, please use `Dataset.sizes`.
  num_target_steps = targets_template.dims["time"]
/home/ubuntu/Vayuh/data/eric/S2S_ExtremeWeather/third_party/graphcast/graphcast/rollout.py:435: FutureWarning: The return type of `Dataset.dims` will be changed to return a set of dimension names in future, in order to be more consistent with `DataArray.dims`. To access a mapping from dimension names to lengths, please use `Dataset.sizes`.
  num_inputs = prev_inputs.dims["time"]
/home/ubuntu/Vayuh/data/eric/S2S_ExtremeWeather/third_party/graphcast/graphcast/rollout.py:437: FutureWarning: In a future version of xarray the default value for compat will change from compat='equals' to compat='override'. This change will result in the following ValueError: Cannot specify both data_vars='different' and compat='override'. The recommendation is to set compat explicitly for this case.
  xarray.concat(
  [walker w05 s11] step 1/6  valid 2021-06-02 12:00:00
  [walker w05 s11] step 2/6  valid 2021-06-03 00:00:00
  [walker w05 s11] step 3/6  valid 2021-06-03 12:00:00
  [walker w05 s11] step 4/6  valid 2021-06-04 00:00:00
  [walker w05 s11] step 5/6  valid 2021-06-04 12:00:00
  [walker w05 s11] step 6/6  valid 2021-06-05 00:00:00
  [walker] wrote /home/ubuntu/Vayuh/data/eric/S2S_ExtremeWeather/runs/astab/PNW_HeatDome_2021/ens/wk08/m005/step11/state.nc (474 MB), valid 2021-06-05 00:00:00
  [walker] wrote /home/ubuntu/Vayuh/data/eric/S2S_ExtremeWeather/runs/astab/PNW_HeatDome_2021/ens/wk08/m005/step11/diag.nc (35 MB, 6 steps)
  [walk] slimmed PNW_HeatDome_2021@wk8  m005 step11 diag to ['2m_temperature'] (35 -> 0.4 MB)
  [walk] pruned PNW_HeatDome_2021@wk8  m005 step9 state (0.47 GB)
  [walker] w05 step12: 6 x 12 h from 2021-06-05 00:00:00
  [walker] grid-node channels: inputs 176 + targets 504 + forcings 24; 6 step(s) from 2021-06-05 00:00:00
/home/ubuntu/Vayuh/data/eric/S2S_ExtremeWeather/third_party/graphcast/graphcast/rollout.py:328: FutureWarning: The return type of `Dataset.dims` will be changed to return a set of dimension names in future, in order to be more consistent with `DataArray.dims`. To access a mapping from dimension names to lengths, please use `Dataset.sizes`.
  num_target_steps = targets_template.dims["time"]
/home/ubuntu/Vayuh/data/eric/S2S_ExtremeWeather/third_party/graphcast/graphcast/rollout.py:435: FutureWarning: The return type of `Dataset.dims` will be changed to return a set of dimension names in future, in order to be more consistent with `DataArray.dims`. To access a mapping from dimension names to lengths, please use `Dataset.sizes`.
  num_inputs = prev_inputs.dims["time"]
/home/ubuntu/Vayuh/data/eric/S2S_ExtremeWeather/third_party/graphcast/graphcast/rollout.py:437: FutureWarning: In a future version of xarray the default value for compat will change from compat='equals' to compat='override'. This change will result in the following ValueError: Cannot specify both data_vars='different' and compat='override'. The recommendation is to set compat explicitly for this case.
  xarray.concat(
  [walker w05 s12] step 1/6  valid 2021-06-05 12:00:00
  [walker w05 s12] step 2/6  valid 2021-06-06 00:00:00
  [walker w05 s12] step 3/6  valid 2021-06-06 12:00:00
  [walker w05 s12] step 4/6  valid 2021-06-07 00:00:00
  [walker w05 s12] step 5/6  valid 2021-06-07 12:00:00
  [walker w05 s12] step 6/6  valid 2021-06-08 00:00:00
  [walker] wrote /home/ubuntu/Vayuh/data/eric/S2S_ExtremeWeather/runs/astab/PNW_HeatDome_2021/ens/wk08/m005/step12/state.nc (474 MB), valid 2021-06-08 00:00:00
  [walker] wrote /home/ubuntu/Vayuh/data/eric/S2S_ExtremeWeather/runs/astab/PNW_HeatDome_2021/ens/wk08/m005/step12/diag.nc (35 MB, 6 steps)
  [walk] slimmed PNW_HeatDome_2021@wk8  m005 step12 diag to ['2m_temperature'] (35 -> 0.4 MB)
  [walk] pruned PNW_HeatDome_2021@wk8  m005 step10 state (0.47 GB)
  [walker] w05 step13: 6 x 12 h from 2021-06-08 00:00:00
  [walker] grid-node channels: inputs 176 + targets 504 + forcings 24; 6 step(s) from 2021-06-08 00:00:00
/home/ubuntu/Vayuh/data/eric/S2S_ExtremeWeather/third_party/graphcast/graphcast/rollout.py:328: FutureWarning: The return type of `Dataset.dims` will be changed to return a set of dimension names in future, in order to be more consistent with `DataArray.dims`. To access a mapping from dimension names to lengths, please use `Dataset.sizes`.
  num_target_steps = targets_template.dims["time"]
/home/ubuntu/Vayuh/data/eric/S2S_ExtremeWeather/third_party/graphcast/graphcast/rollout.py:435: FutureWarning: The return type of `Dataset.dims` will be changed to return a set of dimension names in future, in order to be more consistent with `DataArray.dims`. To access a mapping from dimension names to lengths, please use `Dataset.sizes`.
  num_inputs = prev_inputs.dims["time"]
/home/ubuntu/Vayuh/data/eric/S2S_ExtremeWeather/third_party/graphcast/graphcast/rollout.py:437: FutureWarning: In a future version of xarray the default value for compat will change from compat='equals' to compat='override'. This change will result in the following ValueError: Cannot specify both data_vars='different' and compat='override'. The recommendation is to set compat explicitly for this case.
  xarray.concat(
  [walker w05 s13] step 1/6  valid 2021-06-08 12:00:00
  [walker w05 s13] step 2/6  valid 2021-06-09 00:00:00
  [walker w05 s13] step 3/6  valid 2021-06-09 12:00:00
  [walker w05 s13] step 4/6  valid 2021-06-10 00:00:00
  [walker w05 s13] step 5/6  valid 2021-06-10 12:00:00
  [walker w05 s13] step 6/6  valid 2021-06-11 00:00:00
  [walker] wrote /home/ubuntu/Vayuh/data/eric/S2S_ExtremeWeather/runs/astab/PNW_HeatDome_2021/ens/wk08/m005/step13/state.nc (474 MB), valid 2021-06-11 00:00:00
  [walker] wrote /home/ubuntu/Vayuh/data/eric/S2S_ExtremeWeather/runs/astab/PNW_HeatDome_2021/ens/wk08/m005/step13/diag.nc (35 MB, 6 steps)
  [walk] slimmed PNW_HeatDome_2021@wk8  m005 step13 diag to ['2m_temperature'] (35 -> 0.3 MB)
  [walk] pruned PNW_HeatDome_2021@wk8  m005 step11 state (0.47 GB)
  [walker] w05 step14: 6 x 12 h from 2021-06-11 00:00:00
  [walker] grid-node channels: inputs 176 + targets 504 + forcings 24; 6 step(s) from 2021-06-11 00:00:00
/home/ubuntu/Vayuh/data/eric/S2S_ExtremeWeather/third_party/graphcast/graphcast/rollout.py:328: FutureWarning: The return type of `Dataset.dims` will be changed to return a set of dimension names in future, in order to be more consistent with `DataArray.dims`. To access a mapping from dimension names to lengths, please use `Dataset.sizes`.
  num_target_steps = targets_template.dims["time"]
/home/ubuntu/Vayuh/data/eric/S2S_ExtremeWeather/third_party/graphcast/graphcast/rollout.py:435: FutureWarning: The return type of `Dataset.dims` will be changed to return a set of dimension names in future, in order to be more consistent with `DataArray.dims`. To access a mapping from dimension names to lengths, please use `Dataset.sizes`.
  num_inputs = prev_inputs.dims["time"]
/home/ubuntu/Vayuh/data/eric/S2S_ExtremeWeather/third_party/graphcast/graphcast/rollout.py:437: FutureWarning: In a future version of xarray the default value for compat will change from compat='equals' to compat='override'. This change will result in the following ValueError: Cannot specify both data_vars='different' and compat='override'. The recommendation is to set compat explicitly for this case.
  xarray.concat(
  [walker w05 s14] step 1/6  valid 2021-06-11 12:00:00
  [walker w05 s14] step 2/6  valid 2021-06-12 00:00:00
  [walker w05 s14] step 3/6  valid 2021-06-12 12:00:00
  [walker w05 s14] step 4/6  valid 2021-06-13 00:00:00
  [walker w05 s14] step 5/6  valid 2021-06-13 12:00:00
  [walker w05 s14] step 6/6  valid 2021-06-14 00:00:00
  [walker] wrote /home/ubuntu/Vayuh/data/eric/S2S_ExtremeWeather/runs/astab/PNW_HeatDome_2021/ens/wk08/m005/step14/state.nc (474 MB), valid 2021-06-14 00:00:00
  [walker] wrote /home/ubuntu/Vayuh/data/eric/S2S_ExtremeWeather/runs/astab/PNW_HeatDome_2021/ens/wk08/m005/step14/diag.nc (35 MB, 6 steps)
  [walk] slimmed PNW_HeatDome_2021@wk8  m005 step14 diag to ['2m_temperature'] (35 -> 0.3 MB)
  [walk] pruned PNW_HeatDome_2021@wk8  m005 step12 state (0.47 GB)
  [walker] w05 step15: 6 x 12 h from 2021-06-14 00:00:00
  [walker] grid-node channels: inputs 176 + targets 504 + forcings 24; 6 step(s) from 2021-06-14 00:00:00
/home/ubuntu/Vayuh/data/eric/S2S_ExtremeWeather/third_party/graphcast/graphcast/rollout.py:328: FutureWarning: The return type of `Dataset.dims` will be changed to return a set of dimension names in future, in order to be more consistent with `DataArray.dims`. To access a mapping from dimension names to lengths, please use `Dataset.sizes`.
  num_target_steps = targets_template.dims["time"]
/home/ubuntu/Vayuh/data/eric/S2S_ExtremeWeather/third_party/graphcast/graphcast/rollout.py:435: FutureWarning: The return type of `Dataset.dims` will be changed to return a set of dimension names in future, in order to be more consistent with `DataArray.dims`. To access a mapping from dimension names to lengths, please use `Dataset.sizes`.
  num_inputs = prev_inputs.dims["time"]
/home/ubuntu/Vayuh/data/eric/S2S_ExtremeWeather/third_party/graphcast/graphcast/rollout.py:437: FutureWarning: In a future version of xarray the default value for compat will change from compat='equals' to compat='override'. This change will result in the following ValueError: Cannot specify both data_vars='different' and compat='override'. The recommendation is to set compat explicitly for this case.
  xarray.concat(
  [walker w05 s15] step 1/6  valid 2021-06-14 12:00:00
  [walker w05 s15] step 2/6  valid 2021-06-15 00:00:00
  [walker w05 s15] step 3/6  valid 2021-06-15 12:00:00
  [walker w05 s15] step 4/6  valid 2021-06-16 00:00:00
  [walker w05 s15] step 5/6  valid 2021-06-16 12:00:00
  [walker w05 s15] step 6/6  valid 2021-06-17 00:00:00
  [walker] wrote /home/ubuntu/Vayuh/data/eric/S2S_ExtremeWeather/runs/astab/PNW_HeatDome_2021/ens/wk08/m005/step15/state.nc (474 MB), valid 2021-06-17 00:00:00
  [walker] wrote /home/ubuntu/Vayuh/data/eric/S2S_ExtremeWeather/runs/astab/PNW_HeatDome_2021/ens/wk08/m005/step15/diag.nc (35 MB, 6 steps)
  [walk] slimmed PNW_HeatDome_2021@wk8  m005 step15 diag to ['2m_temperature'] (35 -> 0.3 MB)
  [walk] pruned PNW_HeatDome_2021@wk8  m005 step13 state (0.47 GB)
  [walker] w05 step16: 6 x 12 h from 2021-06-17 00:00:00
  [walker] grid-node channels: inputs 176 + targets 504 + forcings 24; 6 step(s) from 2021-06-17 00:00:00
/home/ubuntu/Vayuh/data/eric/S2S_ExtremeWeather/third_party/graphcast/graphcast/rollout.py:328: FutureWarning: The return type of `Dataset.dims` will be changed to return a set of dimension names in future, in order to be more consistent with `DataArray.dims`. To access a mapping from dimension names to lengths, please use `Dataset.sizes`.
  num_target_steps = targets_template.dims["time"]
/home/ubuntu/Vayuh/data/eric/S2S_ExtremeWeather/third_party/graphcast/graphcast/rollout.py:435: FutureWarning: The return type of `Dataset.dims` will be changed to return a set of dimension names in future, in order to be more consistent with `DataArray.dims`. To access a mapping from dimension names to lengths, please use `Dataset.sizes`.
  num_inputs = prev_inputs.dims["time"]
/home/ubuntu/Vayuh/data/eric/S2S_ExtremeWeather/third_party/graphcast/graphcast/rollout.py:437: FutureWarning: In a future version of xarray the default value for compat will change from compat='equals' to compat='override'. This change will result in the following ValueError: Cannot specify both data_vars='different' and compat='override'. The recommendation is to set compat explicitly for this case.
  xarray.concat(
  [walker w05 s16] step 1/6  valid 2021-06-17 12:00:00
  [walker w05 s16] step 2/6  valid 2021-06-18 00:00:00
  [walker w05 s16] step 3/6  valid 2021-06-18 12:00:00
  [walker w05 s16] step 4/6  valid 2021-06-19 00:00:00
  [walker w05 s16] step 5/6  valid 2021-06-19 12:00:00
  [walker w05 s16] step 6/6  valid 2021-06-20 00:00:00
  [walker] wrote /home/ubuntu/Vayuh/data/eric/S2S_ExtremeWeather/runs/astab/PNW_HeatDome_2021/ens/wk08/m005/step16/state.nc (474 MB), valid 2021-06-20 00:00:00
  [walker] wrote /home/ubuntu/Vayuh/data/eric/S2S_ExtremeWeather/runs/astab/PNW_HeatDome_2021/ens/wk08/m005/step16/diag.nc (35 MB, 6 steps)
  [walk] slimmed PNW_HeatDome_2021@wk8  m005 step16 diag to ['2m_temperature'] (35 -> 0.3 MB)
  [walk] pruned PNW_HeatDome_2021@wk8  m005 step14 state (0.47 GB)
  [walker] w05 step17: 6 x 12 h from 2021-06-20 00:00:00
  [walker] grid-node channels: inputs 176 + targets 504 + forcings 24; 6 step(s) from 2021-06-20 00:00:00
/home/ubuntu/Vayuh/data/eric/S2S_ExtremeWeather/third_party/graphcast/graphcast/rollout.py:328: FutureWarning: The return type of `Dataset.dims` will be changed to return a set of dimension names in future, in order to be more consistent with `DataArray.dims`. To access a mapping from dimension names to lengths, please use `Dataset.sizes`.
  num_target_steps = targets_template.dims["time"]
/home/ubuntu/Vayuh/data/eric/S2S_ExtremeWeather/third_party/graphcast/graphcast/rollout.py:435: FutureWarning: The return type of `Dataset.dims` will be changed to return a set of dimension names in future, in order to be more consistent with `DataArray.dims`. To access a mapping from dimension names to lengths, please use `Dataset.sizes`.
  num_inputs = prev_inputs.dims["time"]
/home/ubuntu/Vayuh/data/eric/S2S_ExtremeWeather/third_party/graphcast/graphcast/rollout.py:437: FutureWarning: In a future version of xarray the default value for compat will change from compat='equals' to compat='override'. This change will result in the following ValueError: Cannot specify both data_vars='different' and compat='override'. The recommendation is to set compat explicitly for this case.
  xarray.concat(
  [walker w05 s17] step 1/6  valid 2021-06-20 12:00:00
  [walker w05 s17] step 2/6  valid 2021-06-21 00:00:00
  [walker w05 s17] step 3/6  valid 2021-06-21 12:00:00
  [walker w05 s17] step 4/6  valid 2021-06-22 00:00:00
  [walker w05 s17] step 5/6  valid 2021-06-22 12:00:00
  [walker w05 s17] step 6/6  valid 2021-06-23 00:00:00
  [walker] wrote /home/ubuntu/Vayuh/data/eric/S2S_ExtremeWeather/runs/astab/PNW_HeatDome_2021/ens/wk08/m005/step17/state.nc (474 MB), valid 2021-06-23 00:00:00
  [walker] wrote /home/ubuntu/Vayuh/data/eric/S2S_ExtremeWeather/runs/astab/PNW_HeatDome_2021/ens/wk08/m005/step17/diag.nc (35 MB, 6 steps)
  [walk] slimmed PNW_HeatDome_2021@wk8  m005 step17 diag to ['2m_temperature'] (35 -> 0.3 MB)
  [walk] pruned PNW_HeatDome_2021@wk8  m005 step15 state (0.47 GB)
  [walker] w05 step18: 6 x 12 h from 2021-06-23 00:00:00
  [walker] grid-node channels: inputs 176 + targets 504 + forcings 24; 6 step(s) from 2021-06-23 00:00:00
/home/ubuntu/Vayuh/data/eric/S2S_ExtremeWeather/third_party/graphcast/graphcast/rollout.py:328: FutureWarning: The return type of `Dataset.dims` will be changed to return a set of dimension names in future, in order to be more consistent with `DataArray.dims`. To access a mapping from dimension names to lengths, please use `Dataset.sizes`.
  num_target_steps = targets_template.dims["time"]
/home/ubuntu/Vayuh/data/eric/S2S_ExtremeWeather/third_party/graphcast/graphcast/rollout.py:435: FutureWarning: The return type of `Dataset.dims` will be changed to return a set of dimension names in future, in order to be more consistent with `DataArray.dims`. To access a mapping from dimension names to lengths, please use `Dataset.sizes`.
  num_inputs = prev_inputs.dims["time"]
/home/ubuntu/Vayuh/data/eric/S2S_ExtremeWeather/third_party/graphcast/graphcast/rollout.py:437: FutureWarning: In a future version of xarray the default value for compat will change from compat='equals' to compat='override'. This change will result in the following ValueError: Cannot specify both data_vars='different' and compat='override'. The recommendation is to set compat explicitly for this case.
  xarray.concat(
  [walker w05 s18] step 1/6  valid 2021-06-23 12:00:00
  [walker w05 s18] step 2/6  valid 2021-06-24 00:00:00
  [walker w05 s18] step 3/6  valid 2021-06-24 12:00:00
  [walker w05 s18] step 4/6  valid 2021-06-25 00:00:00
  [walker w05 s18] step 5/6  valid 2021-06-25 12:00:00
  [walker w05 s18] step 6/6  valid 2021-06-26 00:00:00
  [walker] wrote /home/ubuntu/Vayuh/data/eric/S2S_ExtremeWeather/runs/astab/PNW_HeatDome_2021/ens/wk08/m005/step18/state.nc (474 MB), valid 2021-06-26 00:00:00
  [walker] wrote /home/ubuntu/Vayuh/data/eric/S2S_ExtremeWeather/runs/astab/PNW_HeatDome_2021/ens/wk08/m005/step18/diag.nc (35 MB, 6 steps)
  [walk] slimmed PNW_HeatDome_2021@wk8  m005 step18 diag to ['2m_temperature'] (35 -> 0.3 MB)
  [walk] pruned PNW_HeatDome_2021@wk8  m005 step16 state (0.47 GB)
  [walker] w05 step19: 4 x 12 h from 2021-06-26 00:00:00
  [walker] grid-node channels: inputs 176 + targets 336 + forcings 16; 4 step(s) from 2021-06-26 00:00:00
/home/ubuntu/Vayuh/data/eric/S2S_ExtremeWeather/third_party/graphcast/graphcast/rollout.py:328: FutureWarning: The return type of `Dataset.dims` will be changed to return a set of dimension names in future, in order to be more consistent with `DataArray.dims`. To access a mapping from dimension names to lengths, please use `Dataset.sizes`.
  num_target_steps = targets_template.dims["time"]
/home/ubuntu/Vayuh/data/eric/S2S_ExtremeWeather/third_party/graphcast/graphcast/rollout.py:435: FutureWarning: The return type of `Dataset.dims` will be changed to return a set of dimension names in future, in order to be more consistent with `DataArray.dims`. To access a mapping from dimension names to lengths, please use `Dataset.sizes`.
  num_inputs = prev_inputs.dims["time"]
/home/ubuntu/Vayuh/data/eric/S2S_ExtremeWeather/third_party/graphcast/graphcast/rollout.py:437: FutureWarning: In a future version of xarray the default value for compat will change from compat='equals' to compat='override'. This change will result in the following ValueError: Cannot specify both data_vars='different' and compat='override'. The recommendation is to set compat explicitly for this case.
  xarray.concat(
  [walker w05 s19] step 1/4  valid 2021-06-26 12:00:00
  [walker w05 s19] step 2/4  valid 2021-06-27 00:00:00
  [walker w05 s19] step 3/4  valid 2021-06-27 12:00:00
  [walker w05 s19] step 4/4  valid 2021-06-28 00:00:00
  [walker] wrote /home/ubuntu/Vayuh/data/eric/S2S_ExtremeWeather/runs/astab/PNW_HeatDome_2021/ens/wk08/m005/step19/state.nc (474 MB), valid 2021-06-28 00:00:00
  [walker] wrote /home/ubuntu/Vayuh/data/eric/S2S_ExtremeWeather/runs/astab/PNW_HeatDome_2021/ens/wk08/m005/step19/diag.nc (23 MB, 4 steps)
  [walk] slimmed PNW_HeatDome_2021@wk8  m005 step19 diag to ['2m_temperature'] (23 -> 0.2 MB)
  [walk] pruned PNW_HeatDome_2021@wk8  m005 step17 state (0.47 GB)
[walk] PNW_HeatDome_2021@wk8  m005: complete, landed exactly on the peak 2021-06-28 00:00:00 (5219 s elapsed on this shard)
  [walk] released PNW_HeatDome_2021@wk8  m005 states (0.95 GB)
[walk] m005: complete; never left bounds
[walk] PNW_HeatDome_2021@wk8  m037: 19 segment(s), 112 steps, init 2021-05-03 00:00:00 -> peak 2021-06-28 00:00:00
  [walker] w37 step1: 6 x 12 h from 2021-05-03 00:00:00
  [walker] grid-node channels: inputs 176 + targets 504 + forcings 24; 6 step(s) from 2021-05-03 00:00:00
/home/ubuntu/Vayuh/data/eric/S2S_ExtremeWeather/third_party/graphcast/graphcast/rollout.py:328: FutureWarning: The return type of `Dataset.dims` will be changed to return a set of dimension names in future, in order to be more consistent with `DataArray.dims`. To access a mapping from dimension names to lengths, please use `Dataset.sizes`.
  num_target_steps = targets_template.dims["time"]
/home/ubuntu/Vayuh/data/eric/S2S_ExtremeWeather/third_party/graphcast/graphcast/rollout.py:435: FutureWarning: The return type of `Dataset.dims` will be changed to return a set of dimension names in future, in order to be more consistent with `DataArray.dims`. To access a mapping from dimension names to lengths, please use `Dataset.sizes`.
  num_inputs = prev_inputs.dims["time"]
/home/ubuntu/Vayuh/data/eric/S2S_ExtremeWeather/third_party/graphcast/graphcast/rollout.py:437: FutureWarning: In a future version of xarray the default value for compat will change from compat='equals' to compat='override'. This change will result in the following ValueError: Cannot specify both data_vars='different' and compat='override'. The recommendation is to set compat explicitly for this case.
  xarray.concat(
  [walker w37 s1] step 1/6  valid 2021-05-03 12:00:00
  [walker w37 s1] step 2/6  valid 2021-05-04 00:00:00
  [walker w37 s1] step 3/6  valid 2021-05-04 12:00:00
  [walker w37 s1] step 4/6  valid 2021-05-05 00:00:00
  [walker w37 s1] step 5/6  valid 2021-05-05 12:00:00
  [walker w37 s1] step 6/6  valid 2021-05-06 00:00:00
  [walker] wrote /home/ubuntu/Vayuh/data/eric/S2S_ExtremeWeather/runs/astab/PNW_HeatDome_2021/ens/wk08/m037/step01/state.nc (472 MB), valid 2021-05-06 00:00:00
  [walker] wrote /home/ubuntu/Vayuh/data/eric/S2S_ExtremeWeather/runs/astab/PNW_HeatDome_2021/ens/wk08/m037/step01/diag.nc (34 MB, 6 steps)
[walk] physics PNW_HeatDome_2021@wk8  m037 step1 @ 2021-05-06 00:00:00: CONUS-mean T2m 292.00 K vs ERA5 292.36 K (-0.37 K; gate 6 K at 3 d lead, skill-bearing)
  [walk] slimmed PNW_HeatDome_2021@wk8  m037 step1 diag to ['2m_temperature'] (34 -> 0.4 MB)
  [walker] w37 step2: 6 x 12 h from 2021-05-06 00:00:00
  [walker] grid-node channels: inputs 176 + targets 504 + forcings 24; 6 step(s) from 2021-05-06 00:00:00
/home/ubuntu/Vayuh/data/eric/S2S_ExtremeWeather/third_party/graphcast/graphcast/rollout.py:328: FutureWarning: The return type of `Dataset.dims` will be changed to return a set of dimension names in future, in order to be more consistent with `DataArray.dims`. To access a mapping from dimension names to lengths, please use `Dataset.sizes`.
  num_target_steps = targets_template.dims["time"]
/home/ubuntu/Vayuh/data/eric/S2S_ExtremeWeather/third_party/graphcast/graphcast/rollout.py:435: FutureWarning: The return type of `Dataset.dims` will be changed to return a set of dimension names in future, in order to be more consistent with `DataArray.dims`. To access a mapping from dimension names to lengths, please use `Dataset.sizes`.
  num_inputs = prev_inputs.dims["time"]
/home/ubuntu/Vayuh/data/eric/S2S_ExtremeWeather/third_party/graphcast/graphcast/rollout.py:437: FutureWarning: In a future version of xarray the default value for compat will change from compat='equals' to compat='override'. This change will result in the following ValueError: Cannot specify both data_vars='different' and compat='override'. The recommendation is to set compat explicitly for this case.
  xarray.concat(
  [walker w37 s2] step 1/6  valid 2021-05-06 12:00:00
  [walker w37 s2] step 2/6  valid 2021-05-07 00:00:00
  [walker w37 s2] step 3/6  valid 2021-05-07 12:00:00
  [walker w37 s2] step 4/6  valid 2021-05-08 00:00:00
  [walker w37 s2] step 5/6  valid 2021-05-08 12:00:00
  [walker w37 s2] step 6/6  valid 2021-05-09 00:00:00
  [walker] wrote /home/ubuntu/Vayuh/data/eric/S2S_ExtremeWeather/runs/astab/PNW_HeatDome_2021/ens/wk08/m037/step02/state.nc (473 MB), valid 2021-05-09 00:00:00
  [walker] wrote /home/ubuntu/Vayuh/data/eric/S2S_ExtremeWeather/runs/astab/PNW_HeatDome_2021/ens/wk08/m037/step02/diag.nc (34 MB, 6 steps)
  [walk] slimmed PNW_HeatDome_2021@wk8  m037 step2 diag to ['2m_temperature'] (34 -> 0.3 MB)
  [walker] w37 step3: 6 x 12 h from 2021-05-09 00:00:00
  [walker] grid-node channels: inputs 176 + targets 504 + forcings 24; 6 step(s) from 2021-05-09 00:00:00
/home/ubuntu/Vayuh/data/eric/S2S_ExtremeWeather/third_party/graphcast/graphcast/rollout.py:328: FutureWarning: The return type of `Dataset.dims` will be changed to return a set of dimension names in future, in order to be more consistent with `DataArray.dims`. To access a mapping from dimension names to lengths, please use `Dataset.sizes`.
  num_target_steps = targets_template.dims["time"]
/home/ubuntu/Vayuh/data/eric/S2S_ExtremeWeather/third_party/graphcast/graphcast/rollout.py:435: FutureWarning: The return type of `Dataset.dims` will be changed to return a set of dimension names in future, in order to be more consistent with `DataArray.dims`. To access a mapping from dimension names to lengths, please use `Dataset.sizes`.
  num_inputs = prev_inputs.dims["time"]
/home/ubuntu/Vayuh/data/eric/S2S_ExtremeWeather/third_party/graphcast/graphcast/rollout.py:437: FutureWarning: In a future version of xarray the default value for compat will change from compat='equals' to compat='override'. This change will result in the following ValueError: Cannot specify both data_vars='different' and compat='override'. The recommendation is to set compat explicitly for this case.
  xarray.concat(
  [walker w37 s3] step 1/6  valid 2021-05-09 12:00:00
  [walker w37 s3] step 2/6  valid 2021-05-10 00:00:00
  [walker w37 s3] step 3/6  valid 2021-05-10 12:00:00
  [walker w37 s3] step 4/6  valid 2021-05-11 00:00:00
  [walker w37 s3] step 5/6  valid 2021-05-11 12:00:00
  [walker w37 s3] step 6/6  valid 2021-05-12 00:00:00
  [walker] wrote /home/ubuntu/Vayuh/data/eric/S2S_ExtremeWeather/runs/astab/PNW_HeatDome_2021/ens/wk08/m037/step03/state.nc (473 MB), valid 2021-05-12 00:00:00
  [walker] wrote /home/ubuntu/Vayuh/data/eric/S2S_ExtremeWeather/runs/astab/PNW_HeatDome_2021/ens/wk08/m037/step03/diag.nc (35 MB, 6 steps)
  [walk] slimmed PNW_HeatDome_2021@wk8  m037 step3 diag to ['2m_temperature'] (35 -> 0.3 MB)
  [walk] pruned PNW_HeatDome_2021@wk8  m037 step1 state (0.47 GB)
  [walker] w37 step4: 6 x 12 h from 2021-05-12 00:00:00
  [walker] grid-node channels: inputs 176 + targets 504 + forcings 24; 6 step(s) from 2021-05-12 00:00:00
/home/ubuntu/Vayuh/data/eric/S2S_ExtremeWeather/third_party/graphcast/graphcast/rollout.py:328: FutureWarning: The return type of `Dataset.dims` will be changed to return a set of dimension names in future, in order to be more consistent with `DataArray.dims`. To access a mapping from dimension names to lengths, please use `Dataset.sizes`.
  num_target_steps = targets_template.dims["time"]
/home/ubuntu/Vayuh/data/eric/S2S_ExtremeWeather/third_party/graphcast/graphcast/rollout.py:435: FutureWarning: The return type of `Dataset.dims` will be changed to return a set of dimension names in future, in order to be more consistent with `DataArray.dims`. To access a mapping from dimension names to lengths, please use `Dataset.sizes`.
  num_inputs = prev_inputs.dims["time"]
/home/ubuntu/Vayuh/data/eric/S2S_ExtremeWeather/third_party/graphcast/graphcast/rollout.py:437: FutureWarning: In a future version of xarray the default value for compat will change from compat='equals' to compat='override'. This change will result in the following ValueError: Cannot specify both data_vars='different' and compat='override'. The recommendation is to set compat explicitly for this case.
  xarray.concat(
  [walker w37 s4] step 1/6  valid 2021-05-12 12:00:00
  [walker w37 s4] step 2/6  valid 2021-05-13 00:00:00
  [walker w37 s4] step 3/6  valid 2021-05-13 12:00:00
  [walker w37 s4] step 4/6  valid 2021-05-14 00:00:00
  [walker w37 s4] step 5/6  valid 2021-05-14 12:00:00
  [walker w37 s4] step 6/6  valid 2021-05-15 00:00:00
  [walker] wrote /home/ubuntu/Vayuh/data/eric/S2S_ExtremeWeather/runs/astab/PNW_HeatDome_2021/ens/wk08/m037/step04/state.nc (473 MB), valid 2021-05-15 00:00:00
  [walker] wrote /home/ubuntu/Vayuh/data/eric/S2S_ExtremeWeather/runs/astab/PNW_HeatDome_2021/ens/wk08/m037/step04/diag.nc (35 MB, 6 steps)
  [walk] slimmed PNW_HeatDome_2021@wk8  m037 step4 diag to ['2m_temperature'] (35 -> 0.4 MB)
  [walk] pruned PNW_HeatDome_2021@wk8  m037 step2 state (0.47 GB)
  [walker] w37 step5: 6 x 12 h from 2021-05-15 00:00:00
  [walker] grid-node channels: inputs 176 + targets 504 + forcings 24; 6 step(s) from 2021-05-15 00:00:00
/home/ubuntu/Vayuh/data/eric/S2S_ExtremeWeather/third_party/graphcast/graphcast/rollout.py:328: FutureWarning: The return type of `Dataset.dims` will be changed to return a set of dimension names in future, in order to be more consistent with `DataArray.dims`. To access a mapping from dimension names to lengths, please use `Dataset.sizes`.
  num_target_steps = targets_template.dims["time"]
/home/ubuntu/Vayuh/data/eric/S2S_ExtremeWeather/third_party/graphcast/graphcast/rollout.py:435: FutureWarning: The return type of `Dataset.dims` will be changed to return a set of dimension names in future, in order to be more consistent with `DataArray.dims`. To access a mapping from dimension names to lengths, please use `Dataset.sizes`.
  num_inputs = prev_inputs.dims["time"]
/home/ubuntu/Vayuh/data/eric/S2S_ExtremeWeather/third_party/graphcast/graphcast/rollout.py:437: FutureWarning: In a future version of xarray the default value for compat will change from compat='equals' to compat='override'. This change will result in the following ValueError: Cannot specify both data_vars='different' and compat='override'. The recommendation is to set compat explicitly for this case.
  xarray.concat(
  [walker w37 s5] step 1/6  valid 2021-05-15 12:00:00
  [walker w37 s5] step 2/6  valid 2021-05-16 00:00:00
  [walker w37 s5] step 3/6  valid 2021-05-16 12:00:00
  [walker w37 s5] step 4/6  valid 2021-05-17 00:00:00
  [walker w37 s5] step 5/6  valid 2021-05-17 12:00:00
  [walker w37 s5] step 6/6  valid 2021-05-18 00:00:00
  [walker] wrote /home/ubuntu/Vayuh/data/eric/S2S_ExtremeWeather/runs/astab/PNW_HeatDome_2021/ens/wk08/m037/step05/state.nc (474 MB), valid 2021-05-18 00:00:00
  [walker] wrote /home/ubuntu/Vayuh/data/eric/S2S_ExtremeWeather/runs/astab/PNW_HeatDome_2021/ens/wk08/m037/step05/diag.nc (35 MB, 6 steps)
  [walk] slimmed PNW_HeatDome_2021@wk8  m037 step5 diag to ['2m_temperature'] (35 -> 0.3 MB)
  [walk] pruned PNW_HeatDome_2021@wk8  m037 step3 state (0.47 GB)
  [walker] w37 step6: 6 x 12 h from 2021-05-18 00:00:00
  [walker] grid-node channels: inputs 176 + targets 504 + forcings 24; 6 step(s) from 2021-05-18 00:00:00
/home/ubuntu/Vayuh/data/eric/S2S_ExtremeWeather/third_party/graphcast/graphcast/rollout.py:328: FutureWarning: The return type of `Dataset.dims` will be changed to return a set of dimension names in future, in order to be more consistent with `DataArray.dims`. To access a mapping from dimension names to lengths, please use `Dataset.sizes`.
  num_target_steps = targets_template.dims["time"]
/home/ubuntu/Vayuh/data/eric/S2S_ExtremeWeather/third_party/graphcast/graphcast/rollout.py:435: FutureWarning: The return type of `Dataset.dims` will be changed to return a set of dimension names in future, in order to be more consistent with `DataArray.dims`. To access a mapping from dimension names to lengths, please use `Dataset.sizes`.
  num_inputs = prev_inputs.dims["time"]
/home/ubuntu/Vayuh/data/eric/S2S_ExtremeWeather/third_party/graphcast/graphcast/rollout.py:437: FutureWarning: In a future version of xarray the default value for compat will change from compat='equals' to compat='override'. This change will result in the following ValueError: Cannot specify both data_vars='different' and compat='override'. The recommendation is to set compat explicitly for this case.
  xarray.concat(
  [walker w37 s6] step 1/6  valid 2021-05-18 12:00:00
  [walker w37 s6] step 2/6  valid 2021-05-19 00:00:00
  [walker w37 s6] step 3/6  valid 2021-05-19 12:00:00
  [walker w37 s6] step 4/6  valid 2021-05-20 00:00:00
  [walker w37 s6] step 5/6  valid 2021-05-20 12:00:00
  [walker w37 s6] step 6/6  valid 2021-05-21 00:00:00
  [walker] wrote /home/ubuntu/Vayuh/data/eric/S2S_ExtremeWeather/runs/astab/PNW_HeatDome_2021/ens/wk08/m037/step06/state.nc (474 MB), valid 2021-05-21 00:00:00
  [walker] wrote /home/ubuntu/Vayuh/data/eric/S2S_ExtremeWeather/runs/astab/PNW_HeatDome_2021/ens/wk08/m037/step06/diag.nc (35 MB, 6 steps)
  [walk] slimmed PNW_HeatDome_2021@wk8  m037 step6 diag to ['2m_temperature'] (35 -> 0.3 MB)
  [walk] pruned PNW_HeatDome_2021@wk8  m037 step4 state (0.47 GB)
  [walker] w37 step7: 6 x 12 h from 2021-05-21 00:00:00
  [walker] grid-node channels: inputs 176 + targets 504 + forcings 24; 6 step(s) from 2021-05-21 00:00:00
/home/ubuntu/Vayuh/data/eric/S2S_ExtremeWeather/third_party/graphcast/graphcast/rollout.py:328: FutureWarning: The return type of `Dataset.dims` will be changed to return a set of dimension names in future, in order to be more consistent with `DataArray.dims`. To access a mapping from dimension names to lengths, please use `Dataset.sizes`.
  num_target_steps = targets_template.dims["time"]
/home/ubuntu/Vayuh/data/eric/S2S_ExtremeWeather/third_party/graphcast/graphcast/rollout.py:435: FutureWarning: The return type of `Dataset.dims` will be changed to return a set of dimension names in future, in order to be more consistent with `DataArray.dims`. To access a mapping from dimension names to lengths, please use `Dataset.sizes`.
  num_inputs = prev_inputs.dims["time"]
/home/ubuntu/Vayuh/data/eric/S2S_ExtremeWeather/third_party/graphcast/graphcast/rollout.py:437: FutureWarning: In a future version of xarray the default value for compat will change from compat='equals' to compat='override'. This change will result in the following ValueError: Cannot specify both data_vars='different' and compat='override'. The recommendation is to set compat explicitly for this case.
  xarray.concat(
  [walker w37 s7] step 1/6  valid 2021-05-21 12:00:00
  [walker w37 s7] step 2/6  valid 2021-05-22 00:00:00
  [walker w37 s7] step 3/6  valid 2021-05-22 12:00:00
  [walker w37 s7] step 4/6  valid 2021-05-23 00:00:00
  [walker w37 s7] step 5/6  valid 2021-05-23 12:00:00
  [walker w37 s7] step 6/6  valid 2021-05-24 00:00:00
  [walker] wrote /home/ubuntu/Vayuh/data/eric/S2S_ExtremeWeather/runs/astab/PNW_HeatDome_2021/ens/wk08/m037/step07/state.nc (474 MB), valid 2021-05-24 00:00:00
  [walker] wrote /home/ubuntu/Vayuh/data/eric/S2S_ExtremeWeather/runs/astab/PNW_HeatDome_2021/ens/wk08/m037/step07/diag.nc (35 MB, 6 steps)
  [walk] slimmed PNW_HeatDome_2021@wk8  m037 step7 diag to ['2m_temperature'] (35 -> 0.3 MB)
  [walk] pruned PNW_HeatDome_2021@wk8  m037 step5 state (0.47 GB)
  [walker] w37 step8: 6 x 12 h from 2021-05-24 00:00:00
  [walker] grid-node channels: inputs 176 + targets 504 + forcings 24; 6 step(s) from 2021-05-24 00:00:00
/home/ubuntu/Vayuh/data/eric/S2S_ExtremeWeather/third_party/graphcast/graphcast/rollout.py:328: FutureWarning: The return type of `Dataset.dims` will be changed to return a set of dimension names in future, in order to be more consistent with `DataArray.dims`. To access a mapping from dimension names to lengths, please use `Dataset.sizes`.
  num_target_steps = targets_template.dims["time"]
/home/ubuntu/Vayuh/data/eric/S2S_ExtremeWeather/third_party/graphcast/graphcast/rollout.py:435: FutureWarning: The return type of `Dataset.dims` will be changed to return a set of dimension names in future, in order to be more consistent with `DataArray.dims`. To access a mapping from dimension names to lengths, please use `Dataset.sizes`.
  num_inputs = prev_inputs.dims["time"]
/home/ubuntu/Vayuh/data/eric/S2S_ExtremeWeather/third_party/graphcast/graphcast/rollout.py:437: FutureWarning: In a future version of xarray the default value for compat will change from compat='equals' to compat='override'. This change will result in the following ValueError: Cannot specify both data_vars='different' and compat='override'. The recommendation is to set compat explicitly for this case.
  xarray.concat(
  [walker w37 s8] step 1/6  valid 2021-05-24 12:00:00
  [walker w37 s8] step 2/6  valid 2021-05-25 00:00:00
  [walker w37 s8] step 3/6  valid 2021-05-25 12:00:00
  [walker w37 s8] step 4/6  valid 2021-05-26 00:00:00
  [walker w37 s8] step 5/6  valid 2021-05-26 12:00:00
  [walker w37 s8] step 6/6  valid 2021-05-27 00:00:00
  [walker] wrote /home/ubuntu/Vayuh/data/eric/S2S_ExtremeWeather/runs/astab/PNW_HeatDome_2021/ens/wk08/m037/step08/state.nc (474 MB), valid 2021-05-27 00:00:00
  [walker] wrote /home/ubuntu/Vayuh/data/eric/S2S_ExtremeWeather/runs/astab/PNW_HeatDome_2021/ens/wk08/m037/step08/diag.nc (35 MB, 6 steps)
  [walk] slimmed PNW_HeatDome_2021@wk8  m037 step8 diag to ['2m_temperature'] (35 -> 0.4 MB)
  [walk] pruned PNW_HeatDome_2021@wk8  m037 step6 state (0.47 GB)
  [walker] w37 step9: 6 x 12 h from 2021-05-27 00:00:00
  [walker] grid-node channels: inputs 176 + targets 504 + forcings 24; 6 step(s) from 2021-05-27 00:00:00
/home/ubuntu/Vayuh/data/eric/S2S_ExtremeWeather/third_party/graphcast/graphcast/rollout.py:328: FutureWarning: The return type of `Dataset.dims` will be changed to return a set of dimension names in future, in order to be more consistent with `DataArray.dims`. To access a mapping from dimension names to lengths, please use `Dataset.sizes`.
  num_target_steps = targets_template.dims["time"]
/home/ubuntu/Vayuh/data/eric/S2S_ExtremeWeather/third_party/graphcast/graphcast/rollout.py:435: FutureWarning: The return type of `Dataset.dims` will be changed to return a set of dimension names in future, in order to be more consistent with `DataArray.dims`. To access a mapping from dimension names to lengths, please use `Dataset.sizes`.
  num_inputs = prev_inputs.dims["time"]
/home/ubuntu/Vayuh/data/eric/S2S_ExtremeWeather/third_party/graphcast/graphcast/rollout.py:437: FutureWarning: In a future version of xarray the default value for compat will change from compat='equals' to compat='override'. This change will result in the following ValueError: Cannot specify both data_vars='different' and compat='override'. The recommendation is to set compat explicitly for this case.
  xarray.concat(
  [walker w37 s9] step 1/6  valid 2021-05-27 12:00:00
  [walker w37 s9] step 2/6  valid 2021-05-28 00:00:00
  [walker w37 s9] step 3/6  valid 2021-05-28 12:00:00
  [walker w37 s9] step 4/6  valid 2021-05-29 00:00:00
  [walker w37 s9] step 5/6  valid 2021-05-29 12:00:00
  [walker w37 s9] step 6/6  valid 2021-05-30 00:00:00
  [walker] wrote /home/ubuntu/Vayuh/data/eric/S2S_ExtremeWeather/runs/astab/PNW_HeatDome_2021/ens/wk08/m037/step09/state.nc (474 MB), valid 2021-05-30 00:00:00
  [walker] wrote /home/ubuntu/Vayuh/data/eric/S2S_ExtremeWeather/runs/astab/PNW_HeatDome_2021/ens/wk08/m037/step09/diag.nc (35 MB, 6 steps)
  [walk] slimmed PNW_HeatDome_2021@wk8  m037 step9 diag to ['2m_temperature'] (35 -> 0.4 MB)
  [walk] pruned PNW_HeatDome_2021@wk8  m037 step7 state (0.47 GB)
  [walker] w37 step10: 6 x 12 h from 2021-05-30 00:00:00
  [walker] grid-node channels: inputs 176 + targets 504 + forcings 24; 6 step(s) from 2021-05-30 00:00:00
/home/ubuntu/Vayuh/data/eric/S2S_ExtremeWeather/third_party/graphcast/graphcast/rollout.py:328: FutureWarning: The return type of `Dataset.dims` will be changed to return a set of dimension names in future, in order to be more consistent with `DataArray.dims`. To access a mapping from dimension names to lengths, please use `Dataset.sizes`.
  num_target_steps = targets_template.dims["time"]
/home/ubuntu/Vayuh/data/eric/S2S_ExtremeWeather/third_party/graphcast/graphcast/rollout.py:435: FutureWarning: The return type of `Dataset.dims` will be changed to return a set of dimension names in future, in order to be more consistent with `DataArray.dims`. To access a mapping from dimension names to lengths, please use `Dataset.sizes`.
  num_inputs = prev_inputs.dims["time"]
/home/ubuntu/Vayuh/data/eric/S2S_ExtremeWeather/third_party/graphcast/graphcast/rollout.py:437: FutureWarning: In a future version of xarray the default value for compat will change from compat='equals' to compat='override'. This change will result in the following ValueError: Cannot specify both data_vars='different' and compat='override'. The recommendation is to set compat explicitly for this case.
  xarray.concat(
  [walker w37 s10] step 1/6  valid 2021-05-30 12:00:00
  [walker w37 s10] step 2/6  valid 2021-05-31 00:00:00
  [walker w37 s10] step 3/6  valid 2021-05-31 12:00:00
  [walker w37 s10] step 4/6  valid 2021-06-01 00:00:00
  [walker w37 s10] step 5/6  valid 2021-06-01 12:00:00
  [walker w37 s10] step 6/6  valid 2021-06-02 00:00:00
  [walker] wrote /home/ubuntu/Vayuh/data/eric/S2S_ExtremeWeather/runs/astab/PNW_HeatDome_2021/ens/wk08/m037/step10/state.nc (474 MB), valid 2021-06-02 00:00:00
  [walker] wrote /home/ubuntu/Vayuh/data/eric/S2S_ExtremeWeather/runs/astab/PNW_HeatDome_2021/ens/wk08/m037/step10/diag.nc (35 MB, 6 steps)
  [walk] slimmed PNW_HeatDome_2021@wk8  m037 step10 diag to ['2m_temperature'] (35 -> 0.4 MB)
  [walk] pruned PNW_HeatDome_2021@wk8  m037 step8 state (0.47 GB)
  [walker] w37 step11: 6 x 12 h from 2021-06-02 00:00:00
  [walker] grid-node channels: inputs 176 + targets 504 + forcings 24; 6 step(s) from 2021-06-02 00:00:00
/home/ubuntu/Vayuh/data/eric/S2S_ExtremeWeather/third_party/graphcast/graphcast/rollout.py:328: FutureWarning: The return type of `Dataset.dims` will be changed to return a set of dimension names in future, in order to be more consistent with `DataArray.dims`. To access a mapping from dimension names to lengths, please use `Dataset.sizes`.
  num_target_steps = targets_template.dims["time"]
/home/ubuntu/Vayuh/data/eric/S2S_ExtremeWeather/third_party/graphcast/graphcast/rollout.py:435: FutureWarning: The return type of `Dataset.dims` will be changed to return a set of dimension names in future, in order to be more consistent with `DataArray.dims`. To access a mapping from dimension names to lengths, please use `Dataset.sizes`.
  num_inputs = prev_inputs.dims["time"]
/home/ubuntu/Vayuh/data/eric/S2S_ExtremeWeather/third_party/graphcast/graphcast/rollout.py:437: FutureWarning: In a future version of xarray the default value for compat will change from compat='equals' to compat='override'. This change will result in the following ValueError: Cannot specify both data_vars='different' and compat='override'. The recommendation is to set compat explicitly for this case.
  xarray.concat(
  [walker w37 s11] step 1/6  valid 2021-06-02 12:00:00
  [walker w37 s11] step 2/6  valid 2021-06-03 00:00:00
  [walker w37 s11] step 3/6  valid 2021-06-03 12:00:00
  [walker w37 s11] step 4/6  valid 2021-06-04 00:00:00
  [walker w37 s11] step 5/6  valid 2021-06-04 12:00:00
  [walker w37 s11] step 6/6  valid 2021-06-05 00:00:00
  [walker] wrote /home/ubuntu/Vayuh/data/eric/S2S_ExtremeWeather/runs/astab/PNW_HeatDome_2021/ens/wk08/m037/step11/state.nc (474 MB), valid 2021-06-05 00:00:00
  [walker] wrote /home/ubuntu/Vayuh/data/eric/S2S_ExtremeWeather/runs/astab/PNW_HeatDome_2021/ens/wk08/m037/step11/diag.nc (35 MB, 6 steps)
  [walk] slimmed PNW_HeatDome_2021@wk8  m037 step11 diag to ['2m_temperature'] (35 -> 0.3 MB)
  [walk] pruned PNW_HeatDome_2021@wk8  m037 step9 state (0.47 GB)
  [walker] w37 step12: 6 x 12 h from 2021-06-05 00:00:00
  [walker] grid-node channels: inputs 176 + targets 504 + forcings 24; 6 step(s) from 2021-06-05 00:00:00
/home/ubuntu/Vayuh/data/eric/S2S_ExtremeWeather/third_party/graphcast/graphcast/rollout.py:328: FutureWarning: The return type of `Dataset.dims` will be changed to return a set of dimension names in future, in order to be more consistent with `DataArray.dims`. To access a mapping from dimension names to lengths, please use `Dataset.sizes`.
  num_target_steps = targets_template.dims["time"]
/home/ubuntu/Vayuh/data/eric/S2S_ExtremeWeather/third_party/graphcast/graphcast/rollout.py:435: FutureWarning: The return type of `Dataset.dims` will be changed to return a set of dimension names in future, in order to be more consistent with `DataArray.dims`. To access a mapping from dimension names to lengths, please use `Dataset.sizes`.
  num_inputs = prev_inputs.dims["time"]
/home/ubuntu/Vayuh/data/eric/S2S_ExtremeWeather/third_party/graphcast/graphcast/rollout.py:437: FutureWarning: In a future version of xarray the default value for compat will change from compat='equals' to compat='override'. This change will result in the following ValueError: Cannot specify both data_vars='different' and compat='override'. The recommendation is to set compat explicitly for this case.
  xarray.concat(
  [walker w37 s12] step 1/6  valid 2021-06-05 12:00:00
  [walker w37 s12] step 2/6  valid 2021-06-06 00:00:00
  [walker w37 s12] step 3/6  valid 2021-06-06 12:00:00
  [walker w37 s12] step 4/6  valid 2021-06-07 00:00:00
  [walker w37 s12] step 5/6  valid 2021-06-07 12:00:00
  [walker w37 s12] step 6/6  valid 2021-06-08 00:00:00
  [walker] wrote /home/ubuntu/Vayuh/data/eric/S2S_ExtremeWeather/runs/astab/PNW_HeatDome_2021/ens/wk08/m037/step12/state.nc (474 MB), valid 2021-06-08 00:00:00
  [walker] wrote /home/ubuntu/Vayuh/data/eric/S2S_ExtremeWeather/runs/astab/PNW_HeatDome_2021/ens/wk08/m037/step12/diag.nc (35 MB, 6 steps)
  [walk] slimmed PNW_HeatDome_2021@wk8  m037 step12 diag to ['2m_temperature'] (35 -> 0.4 MB)
  [walk] pruned PNW_HeatDome_2021@wk8  m037 step10 state (0.47 GB)
  [walker] w37 step13: 6 x 12 h from 2021-06-08 00:00:00
  [walker] grid-node channels: inputs 176 + targets 504 + forcings 24; 6 step(s) from 2021-06-08 00:00:00
/home/ubuntu/Vayuh/data/eric/S2S_ExtremeWeather/third_party/graphcast/graphcast/rollout.py:328: FutureWarning: The return type of `Dataset.dims` will be changed to return a set of dimension names in future, in order to be more consistent with `DataArray.dims`. To access a mapping from dimension names to lengths, please use `Dataset.sizes`.
  num_target_steps = targets_template.dims["time"]
/home/ubuntu/Vayuh/data/eric/S2S_ExtremeWeather/third_party/graphcast/graphcast/rollout.py:435: FutureWarning: The return type of `Dataset.dims` will be changed to return a set of dimension names in future, in order to be more consistent with `DataArray.dims`. To access a mapping from dimension names to lengths, please use `Dataset.sizes`.
  num_inputs = prev_inputs.dims["time"]
/home/ubuntu/Vayuh/data/eric/S2S_ExtremeWeather/third_party/graphcast/graphcast/rollout.py:437: FutureWarning: In a future version of xarray the default value for compat will change from compat='equals' to compat='override'. This change will result in the following ValueError: Cannot specify both data_vars='different' and compat='override'. The recommendation is to set compat explicitly for this case.
  xarray.concat(
  [walker w37 s13] step 1/6  valid 2021-06-08 12:00:00
  [walker w37 s13] step 2/6  valid 2021-06-09 00:00:00
  [walker w37 s13] step 3/6  valid 2021-06-09 12:00:00
  [walker w37 s13] step 4/6  valid 2021-06-10 00:00:00
  [walker w37 s13] step 5/6  valid 2021-06-10 12:00:00
  [walker w37 s13] step 6/6  valid 2021-06-11 00:00:00
  [walker] wrote /home/ubuntu/Vayuh/data/eric/S2S_ExtremeWeather/runs/astab/PNW_HeatDome_2021/ens/wk08/m037/step13/state.nc (474 MB), valid 2021-06-11 00:00:00
  [walker] wrote /home/ubuntu/Vayuh/data/eric/S2S_ExtremeWeather/runs/astab/PNW_HeatDome_2021/ens/wk08/m037/step13/diag.nc (35 MB, 6 steps)
  [walk] slimmed PNW_HeatDome_2021@wk8  m037 step13 diag to ['2m_temperature'] (35 -> 0.4 MB)
  [walk] pruned PNW_HeatDome_2021@wk8  m037 step11 state (0.47 GB)
  [walker] w37 step14: 6 x 12 h from 2021-06-11 00:00:00
  [walker] grid-node channels: inputs 176 + targets 504 + forcings 24; 6 step(s) from 2021-06-11 00:00:00
/home/ubuntu/Vayuh/data/eric/S2S_ExtremeWeather/third_party/graphcast/graphcast/rollout.py:328: FutureWarning: The return type of `Dataset.dims` will be changed to return a set of dimension names in future, in order to be more consistent with `DataArray.dims`. To access a mapping from dimension names to lengths, please use `Dataset.sizes`.
  num_target_steps = targets_template.dims["time"]
/home/ubuntu/Vayuh/data/eric/S2S_ExtremeWeather/third_party/graphcast/graphcast/rollout.py:435: FutureWarning: The return type of `Dataset.dims` will be changed to return a set of dimension names in future, in order to be more consistent with `DataArray.dims`. To access a mapping from dimension names to lengths, please use `Dataset.sizes`.
  num_inputs = prev_inputs.dims["time"]
/home/ubuntu/Vayuh/data/eric/S2S_ExtremeWeather/third_party/graphcast/graphcast/rollout.py:437: FutureWarning: In a future version of xarray the default value for compat will change from compat='equals' to compat='override'. This change will result in the following ValueError: Cannot specify both data_vars='different' and compat='override'. The recommendation is to set compat explicitly for this case.
  xarray.concat(
  [walker w37 s14] step 1/6  valid 2021-06-11 12:00:00
  [walker w37 s14] step 2/6  valid 2021-06-12 00:00:00
  [walker w37 s14] step 3/6  valid 2021-06-12 12:00:00
  [walker w37 s14] step 4/6  valid 2021-06-13 00:00:00
  [walker w37 s14] step 5/6  valid 2021-06-13 12:00:00
  [walker w37 s14] step 6/6  valid 2021-06-14 00:00:00
  [walker] wrote /home/ubuntu/Vayuh/data/eric/S2S_ExtremeWeather/runs/astab/PNW_HeatDome_2021/ens/wk08/m037/step14/state.nc (474 MB), valid 2021-06-14 00:00:00
  [walker] wrote /home/ubuntu/Vayuh/data/eric/S2S_ExtremeWeather/runs/astab/PNW_HeatDome_2021/ens/wk08/m037/step14/diag.nc (35 MB, 6 steps)
  [walk] slimmed PNW_HeatDome_2021@wk8  m037 step14 diag to ['2m_temperature'] (35 -> 0.4 MB)
  [walk] pruned PNW_HeatDome_2021@wk8  m037 step12 state (0.47 GB)
  [walker] w37 step15: 6 x 12 h from 2021-06-14 00:00:00
  [walker] grid-node channels: inputs 176 + targets 504 + forcings 24; 6 step(s) from 2021-06-14 00:00:00
/home/ubuntu/Vayuh/data/eric/S2S_ExtremeWeather/third_party/graphcast/graphcast/rollout.py:328: FutureWarning: The return type of `Dataset.dims` will be changed to return a set of dimension names in future, in order to be more consistent with `DataArray.dims`. To access a mapping from dimension names to lengths, please use `Dataset.sizes`.
  num_target_steps = targets_template.dims["time"]
/home/ubuntu/Vayuh/data/eric/S2S_ExtremeWeather/third_party/graphcast/graphcast/rollout.py:435: FutureWarning: The return type of `Dataset.dims` will be changed to return a set of dimension names in future, in order to be more consistent with `DataArray.dims`. To access a mapping from dimension names to lengths, please use `Dataset.sizes`.
  num_inputs = prev_inputs.dims["time"]
/home/ubuntu/Vayuh/data/eric/S2S_ExtremeWeather/third_party/graphcast/graphcast/rollout.py:437: FutureWarning: In a future version of xarray the default value for compat will change from compat='equals' to compat='override'. This change will result in the following ValueError: Cannot specify both data_vars='different' and compat='override'. The recommendation is to set compat explicitly for this case.
  xarray.concat(
  [walker w37 s15] step 1/6  valid 2021-06-14 12:00:00
  [walker w37 s15] step 2/6  valid 2021-06-15 00:00:00
  [walker w37 s15] step 3/6  valid 2021-06-15 12:00:00
  [walker w37 s15] step 4/6  valid 2021-06-16 00:00:00
  [walker w37 s15] step 5/6  valid 2021-06-16 12:00:00
  [walker w37 s15] step 6/6  valid 2021-06-17 00:00:00
  [walker] wrote /home/ubuntu/Vayuh/data/eric/S2S_ExtremeWeather/runs/astab/PNW_HeatDome_2021/ens/wk08/m037/step15/state.nc (474 MB), valid 2021-06-17 00:00:00
  [walker] wrote /home/ubuntu/Vayuh/data/eric/S2S_ExtremeWeather/runs/astab/PNW_HeatDome_2021/ens/wk08/m037/step15/diag.nc (35 MB, 6 steps)
  [walk] slimmed PNW_HeatDome_2021@wk8  m037 step15 diag to ['2m_temperature'] (35 -> 0.3 MB)
  [walk] pruned PNW_HeatDome_2021@wk8  m037 step13 state (0.47 GB)
  [walker] w37 step16: 6 x 12 h from 2021-06-17 00:00:00
  [walker] grid-node channels: inputs 176 + targets 504 + forcings 24; 6 step(s) from 2021-06-17 00:00:00
/home/ubuntu/Vayuh/data/eric/S2S_ExtremeWeather/third_party/graphcast/graphcast/rollout.py:328: FutureWarning: The return type of `Dataset.dims` will be changed to return a set of dimension names in future, in order to be more consistent with `DataArray.dims`. To access a mapping from dimension names to lengths, please use `Dataset.sizes`.
  num_target_steps = targets_template.dims["time"]
/home/ubuntu/Vayuh/data/eric/S2S_ExtremeWeather/third_party/graphcast/graphcast/rollout.py:435: FutureWarning: The return type of `Dataset.dims` will be changed to return a set of dimension names in future, in order to be more consistent with `DataArray.dims`. To access a mapping from dimension names to lengths, please use `Dataset.sizes`.
  num_inputs = prev_inputs.dims["time"]
/home/ubuntu/Vayuh/data/eric/S2S_ExtremeWeather/third_party/graphcast/graphcast/rollout.py:437: FutureWarning: In a future version of xarray the default value for compat will change from compat='equals' to compat='override'. This change will result in the following ValueError: Cannot specify both data_vars='different' and compat='override'. The recommendation is to set compat explicitly for this case.
  xarray.concat(
  [walker w37 s16] step 1/6  valid 2021-06-17 12:00:00
  [walker w37 s16] step 2/6  valid 2021-06-18 00:00:00
  [walker w37 s16] step 3/6  valid 2021-06-18 12:00:00
  [walker w37 s16] step 4/6  valid 2021-06-19 00:00:00
  [walker w37 s16] step 5/6  valid 2021-06-19 12:00:00
  [walker w37 s16] step 6/6  valid 2021-06-20 00:00:00
  [walker] wrote /home/ubuntu/Vayuh/data/eric/S2S_ExtremeWeather/runs/astab/PNW_HeatDome_2021/ens/wk08/m037/step16/state.nc (474 MB), valid 2021-06-20 00:00:00
  [walker] wrote /home/ubuntu/Vayuh/data/eric/S2S_ExtremeWeather/runs/astab/PNW_HeatDome_2021/ens/wk08/m037/step16/diag.nc (35 MB, 6 steps)
  [walk] slimmed PNW_HeatDome_2021@wk8  m037 step16 diag to ['2m_temperature'] (35 -> 0.4 MB)
  [walk] pruned PNW_HeatDome_2021@wk8  m037 step14 state (0.47 GB)
  [walker] w37 step17: 6 x 12 h from 2021-06-20 00:00:00
  [walker] grid-node channels: inputs 176 + targets 504 + forcings 24; 6 step(s) from 2021-06-20 00:00:00
/home/ubuntu/Vayuh/data/eric/S2S_ExtremeWeather/third_party/graphcast/graphcast/rollout.py:328: FutureWarning: The return type of `Dataset.dims` will be changed to return a set of dimension names in future, in order to be more consistent with `DataArray.dims`. To access a mapping from dimension names to lengths, please use `Dataset.sizes`.
  num_target_steps = targets_template.dims["time"]
/home/ubuntu/Vayuh/data/eric/S2S_ExtremeWeather/third_party/graphcast/graphcast/rollout.py:435: FutureWarning: The return type of `Dataset.dims` will be changed to return a set of dimension names in future, in order to be more consistent with `DataArray.dims`. To access a mapping from dimension names to lengths, please use `Dataset.sizes`.
  num_inputs = prev_inputs.dims["time"]
/home/ubuntu/Vayuh/data/eric/S2S_ExtremeWeather/third_party/graphcast/graphcast/rollout.py:437: FutureWarning: In a future version of xarray the default value for compat will change from compat='equals' to compat='override'. This change will result in the following ValueError: Cannot specify both data_vars='different' and compat='override'. The recommendation is to set compat explicitly for this case.
  xarray.concat(
  [walker w37 s17] step 1/6  valid 2021-06-20 12:00:00
  [walker w37 s17] step 2/6  valid 2021-06-21 00:00:00
  [walker w37 s17] step 3/6  valid 2021-06-21 12:00:00
  [walker w37 s17] step 4/6  valid 2021-06-22 00:00:00
  [walker w37 s17] step 5/6  valid 2021-06-22 12:00:00
  [walker w37 s17] step 6/6  valid 2021-06-23 00:00:00
  [walker] wrote /home/ubuntu/Vayuh/data/eric/S2S_ExtremeWeather/runs/astab/PNW_HeatDome_2021/ens/wk08/m037/step17/state.nc (474 MB), valid 2021-06-23 00:00:00
  [walker] wrote /home/ubuntu/Vayuh/data/eric/S2S_ExtremeWeather/runs/astab/PNW_HeatDome_2021/ens/wk08/m037/step17/diag.nc (35 MB, 6 steps)
  [walk] slimmed PNW_HeatDome_2021@wk8  m037 step17 diag to ['2m_temperature'] (35 -> 0.3 MB)
  [walk] pruned PNW_HeatDome_2021@wk8  m037 step15 state (0.47 GB)
  [walker] w37 step18: 6 x 12 h from 2021-06-23 00:00:00
  [walker] grid-node channels: inputs 176 + targets 504 + forcings 24; 6 step(s) from 2021-06-23 00:00:00
/home/ubuntu/Vayuh/data/eric/S2S_ExtremeWeather/third_party/graphcast/graphcast/rollout.py:328: FutureWarning: The return type of `Dataset.dims` will be changed to return a set of dimension names in future, in order to be more consistent with `DataArray.dims`. To access a mapping from dimension names to lengths, please use `Dataset.sizes`.
  num_target_steps = targets_template.dims["time"]
/home/ubuntu/Vayuh/data/eric/S2S_ExtremeWeather/third_party/graphcast/graphcast/rollout.py:435: FutureWarning: The return type of `Dataset.dims` will be changed to return a set of dimension names in future, in order to be more consistent with `DataArray.dims`. To access a mapping from dimension names to lengths, please use `Dataset.sizes`.
  num_inputs = prev_inputs.dims["time"]
/home/ubuntu/Vayuh/data/eric/S2S_ExtremeWeather/third_party/graphcast/graphcast/rollout.py:437: FutureWarning: In a future version of xarray the default value for compat will change from compat='equals' to compat='override'. This change will result in the following ValueError: Cannot specify both data_vars='different' and compat='override'. The recommendation is to set compat explicitly for this case.
  xarray.concat(
  [walker w37 s18] step 1/6  valid 2021-06-23 12:00:00
  [walker w37 s18] step 2/6  valid 2021-06-24 00:00:00
  [walker w37 s18] step 3/6  valid 2021-06-24 12:00:00
  [walker w37 s18] step 4/6  valid 2021-06-25 00:00:00
  [walker w37 s18] step 5/6  valid 2021-06-25 12:00:00
  [walker w37 s18] step 6/6  valid 2021-06-26 00:00:00
  [walker] wrote /home/ubuntu/Vayuh/data/eric/S2S_ExtremeWeather/runs/astab/PNW_HeatDome_2021/ens/wk08/m037/step18/state.nc (475 MB), valid 2021-06-26 00:00:00
  [walker] wrote /home/ubuntu/Vayuh/data/eric/S2S_ExtremeWeather/runs/astab/PNW_HeatDome_2021/ens/wk08/m037/step18/diag.nc (35 MB, 6 steps)
  [walk] slimmed PNW_HeatDome_2021@wk8  m037 step18 diag to ['2m_temperature'] (35 -> 0.3 MB)
  [walk] pruned PNW_HeatDome_2021@wk8  m037 step16 state (0.47 GB)
  [walker] w37 step19: 4 x 12 h from 2021-06-26 00:00:00
  [walker] grid-node channels: inputs 176 + targets 336 + forcings 16; 4 step(s) from 2021-06-26 00:00:00
/home/ubuntu/Vayuh/data/eric/S2S_ExtremeWeather/third_party/graphcast/graphcast/rollout.py:328: FutureWarning: The return type of `Dataset.dims` will be changed to return a set of dimension names in future, in order to be more consistent with `DataArray.dims`. To access a mapping from dimension names to lengths, please use `Dataset.sizes`.
  num_target_steps = targets_template.dims["time"]
/home/ubuntu/Vayuh/data/eric/S2S_ExtremeWeather/third_party/graphcast/graphcast/rollout.py:435: FutureWarning: The return type of `Dataset.dims` will be changed to return a set of dimension names in future, in order to be more consistent with `DataArray.dims`. To access a mapping from dimension names to lengths, please use `Dataset.sizes`.
  num_inputs = prev_inputs.dims["time"]
/home/ubuntu/Vayuh/data/eric/S2S_ExtremeWeather/third_party/graphcast/graphcast/rollout.py:437: FutureWarning: In a future version of xarray the default value for compat will change from compat='equals' to compat='override'. This change will result in the following ValueError: Cannot specify both data_vars='different' and compat='override'. The recommendation is to set compat explicitly for this case.
  xarray.concat(
  [walker w37 s19] step 1/4  valid 2021-06-26 12:00:00
  [walker w37 s19] step 2/4  valid 2021-06-27 00:00:00
  [walker w37 s19] step 3/4  valid 2021-06-27 12:00:00
  [walker w37 s19] step 4/4  valid 2021-06-28 00:00:00
  [walker] wrote /home/ubuntu/Vayuh/data/eric/S2S_ExtremeWeather/runs/astab/PNW_HeatDome_2021/ens/wk08/m037/step19/state.nc (475 MB), valid 2021-06-28 00:00:00
  [walker] wrote /home/ubuntu/Vayuh/data/eric/S2S_ExtremeWeather/runs/astab/PNW_HeatDome_2021/ens/wk08/m037/step19/diag.nc (23 MB, 4 steps)
  [walk] slimmed PNW_HeatDome_2021@wk8  m037 step19 diag to ['2m_temperature'] (23 -> 0.2 MB)
  [walk] pruned PNW_HeatDome_2021@wk8  m037 step17 state (0.47 GB)
[walk] PNW_HeatDome_2021@wk8  m037: complete, landed exactly on the peak 2021-06-28 00:00:00 (8981 s elapsed on this shard)
  [walk] released PNW_HeatDome_2021@wk8  m037 states (0.95 GB)
[walk] m037: complete; never left bounds
[walk] PNW_HeatDome_2021@wk8  m069: 19 segment(s), 112 steps, init 2021-05-03 00:00:00 -> peak 2021-06-28 00:00:00
  [walker] w69 step1: 6 x 12 h from 2021-05-03 00:00:00
  [walker] grid-node channels: inputs 176 + targets 504 + forcings 24; 6 step(s) from 2021-05-03 00:00:00
/home/ubuntu/Vayuh/data/eric/S2S_ExtremeWeather/third_party/graphcast/graphcast/rollout.py:328: FutureWarning: The return type of `Dataset.dims` will be changed to return a set of dimension names in future, in order to be more consistent with `DataArray.dims`. To access a mapping from dimension names to lengths, please use `Dataset.sizes`.
  num_target_steps = targets_template.dims["time"]
/home/ubuntu/Vayuh/data/eric/S2S_ExtremeWeather/third_party/graphcast/graphcast/rollout.py:435: FutureWarning: The return type of `Dataset.dims` will be changed to return a set of dimension names in future, in order to be more consistent with `DataArray.dims`. To access a mapping from dimension names to lengths, please use `Dataset.sizes`.
  num_inputs = prev_inputs.dims["time"]
/home/ubuntu/Vayuh/data/eric/S2S_ExtremeWeather/third_party/graphcast/graphcast/rollout.py:437: FutureWarning: In a future version of xarray the default value for compat will change from compat='equals' to compat='override'. This change will result in the following ValueError: Cannot specify both data_vars='different' and compat='override'. The recommendation is to set compat explicitly for this case.
  xarray.concat(
  [walker w69 s1] step 1/6  valid 2021-05-03 12:00:00
  [walker w69 s1] step 2/6  valid 2021-05-04 00:00:00
  [walker w69 s1] step 3/6  valid 2021-05-04 12:00:00
  [walker w69 s1] step 4/6  valid 2021-05-05 00:00:00
  [walker w69 s1] step 5/6  valid 2021-05-05 12:00:00
  [walker w69 s1] step 6/6  valid 2021-05-06 00:00:00
  [walker] wrote /home/ubuntu/Vayuh/data/eric/S2S_ExtremeWeather/runs/astab/PNW_HeatDome_2021/ens/wk08/m069/step01/state.nc (472 MB), valid 2021-05-06 00:00:00
  [walker] wrote /home/ubuntu/Vayuh/data/eric/S2S_ExtremeWeather/runs/astab/PNW_HeatDome_2021/ens/wk08/m069/step01/diag.nc (34 MB, 6 steps)
[walk] physics PNW_HeatDome_2021@wk8  m069 step1 @ 2021-05-06 00:00:00: CONUS-mean T2m 292.24 K vs ERA5 292.36 K (-0.13 K; gate 6 K at 3 d lead, skill-bearing)
  [walk] slimmed PNW_HeatDome_2021@wk8  m069 step1 diag to ['2m_temperature'] (34 -> 0.3 MB)
  [walker] w69 step2: 6 x 12 h from 2021-05-06 00:00:00
  [walker] grid-node channels: inputs 176 + targets 504 + forcings 24; 6 step(s) from 2021-05-06 00:00:00
/home/ubuntu/Vayuh/data/eric/S2S_ExtremeWeather/third_party/graphcast/graphcast/rollout.py:328: FutureWarning: The return type of `Dataset.dims` will be changed to return a set of dimension names in future, in order to be more consistent with `DataArray.dims`. To access a mapping from dimension names to lengths, please use `Dataset.sizes`.
  num_target_steps = targets_template.dims["time"]
/home/ubuntu/Vayuh/data/eric/S2S_ExtremeWeather/third_party/graphcast/graphcast/rollout.py:435: FutureWarning: The return type of `Dataset.dims` will be changed to return a set of dimension names in future, in order to be more consistent with `DataArray.dims`. To access a mapping from dimension names to lengths, please use `Dataset.sizes`.
  num_inputs = prev_inputs.dims["time"]
/home/ubuntu/Vayuh/data/eric/S2S_ExtremeWeather/third_party/graphcast/graphcast/rollout.py:437: FutureWarning: In a future version of xarray the default value for compat will change from compat='equals' to compat='override'. This change will result in the following ValueError: Cannot specify both data_vars='different' and compat='override'. The recommendation is to set compat explicitly for this case.
  xarray.concat(
  [walker w69 s2] step 1/6  valid 2021-05-06 12:00:00
  [walker w69 s2] step 2/6  valid 2021-05-07 00:00:00
  [walker w69 s2] step 3/6  valid 2021-05-07 12:00:00
  [walker w69 s2] step 4/6  valid 2021-05-08 00:00:00
  [walker w69 s2] step 5/6  valid 2021-05-08 12:00:00
  [walker w69 s2] step 6/6  valid 2021-05-09 00:00:00
  [walker] wrote /home/ubuntu/Vayuh/data/eric/S2S_ExtremeWeather/runs/astab/PNW_HeatDome_2021/ens/wk08/m069/step02/state.nc (473 MB), valid 2021-05-09 00:00:00
  [walker] wrote /home/ubuntu/Vayuh/data/eric/S2S_ExtremeWeather/runs/astab/PNW_HeatDome_2021/ens/wk08/m069/step02/diag.nc (35 MB, 6 steps)
  [walk] slimmed PNW_HeatDome_2021@wk8  m069 step2 diag to ['2m_temperature'] (35 -> 0.3 MB)
  [walker] w69 step3: 6 x 12 h from 2021-05-09 00:00:00
  [walker] grid-node channels: inputs 176 + targets 504 + forcings 24; 6 step(s) from 2021-05-09 00:00:00
/home/ubuntu/Vayuh/data/eric/S2S_ExtremeWeather/third_party/graphcast/graphcast/rollout.py:328: FutureWarning: The return type of `Dataset.dims` will be changed to return a set of dimension names in future, in order to be more consistent with `DataArray.dims`. To access a mapping from dimension names to lengths, please use `Dataset.sizes`.
  num_target_steps = targets_template.dims["time"]
/home/ubuntu/Vayuh/data/eric/S2S_ExtremeWeather/third_party/graphcast/graphcast/rollout.py:435: FutureWarning: The return type of `Dataset.dims` will be changed to return a set of dimension names in future, in order to be more consistent with `DataArray.dims`. To access a mapping from dimension names to lengths, please use `Dataset.sizes`.
  num_inputs = prev_inputs.dims["time"]
/home/ubuntu/Vayuh/data/eric/S2S_ExtremeWeather/third_party/graphcast/graphcast/rollout.py:437: FutureWarning: In a future version of xarray the default value for compat will change from compat='equals' to compat='override'. This change will result in the following ValueError: Cannot specify both data_vars='different' and compat='override'. The recommendation is to set compat explicitly for this case.
  xarray.concat(
  [walker w69 s3] step 1/6  valid 2021-05-09 12:00:00
  [walker w69 s3] step 2/6  valid 2021-05-10 00:00:00
  [walker w69 s3] step 3/6  valid 2021-05-10 12:00:00
  [walker w69 s3] step 4/6  valid 2021-05-11 00:00:00
  [walker w69 s3] step 5/6  valid 2021-05-11 12:00:00
  [walker w69 s3] step 6/6  valid 2021-05-12 00:00:00
  [walker] wrote /home/ubuntu/Vayuh/data/eric/S2S_ExtremeWeather/runs/astab/PNW_HeatDome_2021/ens/wk08/m069/step03/state.nc (473 MB), valid 2021-05-12 00:00:00
  [walker] wrote /home/ubuntu/Vayuh/data/eric/S2S_ExtremeWeather/runs/astab/PNW_HeatDome_2021/ens/wk08/m069/step03/diag.nc (35 MB, 6 steps)
  [walk] slimmed PNW_HeatDome_2021@wk8  m069 step3 diag to ['2m_temperature'] (35 -> 0.3 MB)
  [walk] pruned PNW_HeatDome_2021@wk8  m069 step1 state (0.47 GB)
  [walker] w69 step4: 6 x 12 h from 2021-05-12 00:00:00
  [walker] grid-node channels: inputs 176 + targets 504 + forcings 24; 6 step(s) from 2021-05-12 00:00:00
/home/ubuntu/Vayuh/data/eric/S2S_ExtremeWeather/third_party/graphcast/graphcast/rollout.py:328: FutureWarning: The return type of `Dataset.dims` will be changed to return a set of dimension names in future, in order to be more consistent with `DataArray.dims`. To access a mapping from dimension names to lengths, please use `Dataset.sizes`.
  num_target_steps = targets_template.dims["time"]
/home/ubuntu/Vayuh/data/eric/S2S_ExtremeWeather/third_party/graphcast/graphcast/rollout.py:435: FutureWarning: The return type of `Dataset.dims` will be changed to return a set of dimension names in future, in order to be more consistent with `DataArray.dims`. To access a mapping from dimension names to lengths, please use `Dataset.sizes`.
  num_inputs = prev_inputs.dims["time"]
/home/ubuntu/Vayuh/data/eric/S2S_ExtremeWeather/third_party/graphcast/graphcast/rollout.py:437: FutureWarning: In a future version of xarray the default value for compat will change from compat='equals' to compat='override'. This change will result in the following ValueError: Cannot specify both data_vars='different' and compat='override'. The recommendation is to set compat explicitly for this case.
  xarray.concat(
  [walker w69 s4] step 1/6  valid 2021-05-12 12:00:00
  [walker w69 s4] step 2/6  valid 2021-05-13 00:00:00
  [walker w69 s4] step 3/6  valid 2021-05-13 12:00:00
  [walker w69 s4] step 4/6  valid 2021-05-14 00:00:00
  [walker w69 s4] step 5/6  valid 2021-05-14 12:00:00
  [walker w69 s4] step 6/6  valid 2021-05-15 00:00:00
  [walker] wrote /home/ubuntu/Vayuh/data/eric/S2S_ExtremeWeather/runs/astab/PNW_HeatDome_2021/ens/wk08/m069/step04/state.nc (473 MB), valid 2021-05-15 00:00:00
  [walker] wrote /home/ubuntu/Vayuh/data/eric/S2S_ExtremeWeather/runs/astab/PNW_HeatDome_2021/ens/wk08/m069/step04/diag.nc (35 MB, 6 steps)
  [walk] slimmed PNW_HeatDome_2021@wk8  m069 step4 diag to ['2m_temperature'] (35 -> 0.4 MB)
  [walk] pruned PNW_HeatDome_2021@wk8  m069 step2 state (0.47 GB)
  [walker] w69 step5: 6 x 12 h from 2021-05-15 00:00:00
  [walker] grid-node channels: inputs 176 + targets 504 + forcings 24; 6 step(s) from 2021-05-15 00:00:00
/home/ubuntu/Vayuh/data/eric/S2S_ExtremeWeather/third_party/graphcast/graphcast/rollout.py:328: FutureWarning: The return type of `Dataset.dims` will be changed to return a set of dimension names in future, in order to be more consistent with `DataArray.dims`. To access a mapping from dimension names to lengths, please use `Dataset.sizes`.
  num_target_steps = targets_template.dims["time"]
/home/ubuntu/Vayuh/data/eric/S2S_ExtremeWeather/third_party/graphcast/graphcast/rollout.py:435: FutureWarning: The return type of `Dataset.dims` will be changed to return a set of dimension names in future, in order to be more consistent with `DataArray.dims`. To access a mapping from dimension names to lengths, please use `Dataset.sizes`.
  num_inputs = prev_inputs.dims["time"]
/home/ubuntu/Vayuh/data/eric/S2S_ExtremeWeather/third_party/graphcast/graphcast/rollout.py:437: FutureWarning: In a future version of xarray the default value for compat will change from compat='equals' to compat='override'. This change will result in the following ValueError: Cannot specify both data_vars='different' and compat='override'. The recommendation is to set compat explicitly for this case.
  xarray.concat(
  [walker w69 s5] step 1/6  valid 2021-05-15 12:00:00
  [walker w69 s5] step 2/6  valid 2021-05-16 00:00:00
  [walker w69 s5] step 3/6  valid 2021-05-16 12:00:00
  [walker w69 s5] step 4/6  valid 2021-05-17 00:00:00
  [walker w69 s5] step 5/6  valid 2021-05-17 12:00:00
  [walker w69 s5] step 6/6  valid 2021-05-18 00:00:00
  [walker] wrote /home/ubuntu/Vayuh/data/eric/S2S_ExtremeWeather/runs/astab/PNW_HeatDome_2021/ens/wk08/m069/step05/state.nc (473 MB), valid 2021-05-18 00:00:00
  [walker] wrote /home/ubuntu/Vayuh/data/eric/S2S_ExtremeWeather/runs/astab/PNW_HeatDome_2021/ens/wk08/m069/step05/diag.nc (35 MB, 6 steps)
  [walk] slimmed PNW_HeatDome_2021@wk8  m069 step5 diag to ['2m_temperature'] (35 -> 0.4 MB)
  [walk] pruned PNW_HeatDome_2021@wk8  m069 step3 state (0.47 GB)
  [walker] w69 step6: 6 x 12 h from 2021-05-18 00:00:00
  [walker] grid-node channels: inputs 176 + targets 504 + forcings 24; 6 step(s) from 2021-05-18 00:00:00
/home/ubuntu/Vayuh/data/eric/S2S_ExtremeWeather/third_party/graphcast/graphcast/rollout.py:328: FutureWarning: The return type of `Dataset.dims` will be changed to return a set of dimension names in future, in order to be more consistent with `DataArray.dims`. To access a mapping from dimension names to lengths, please use `Dataset.sizes`.
  num_target_steps = targets_template.dims["time"]
/home/ubuntu/Vayuh/data/eric/S2S_ExtremeWeather/third_party/graphcast/graphcast/rollout.py:435: FutureWarning: The return type of `Dataset.dims` will be changed to return a set of dimension names in future, in order to be more consistent with `DataArray.dims`. To access a mapping from dimension names to lengths, please use `Dataset.sizes`.
  num_inputs = prev_inputs.dims["time"]
/home/ubuntu/Vayuh/data/eric/S2S_ExtremeWeather/third_party/graphcast/graphcast/rollout.py:437: FutureWarning: In a future version of xarray the default value for compat will change from compat='equals' to compat='override'. This change will result in the following ValueError: Cannot specify both data_vars='different' and compat='override'. The recommendation is to set compat explicitly for this case.
  xarray.concat(
  [walker w69 s6] step 1/6  valid 2021-05-18 12:00:00
  [walker w69 s6] step 2/6  valid 2021-05-19 00:00:00
  [walker w69 s6] step 3/6  valid 2021-05-19 12:00:00
  [walker w69 s6] step 4/6  valid 2021-05-20 00:00:00
  [walker w69 s6] step 5/6  valid 2021-05-20 12:00:00
  [walker w69 s6] step 6/6  valid 2021-05-21 00:00:00
  [walker] wrote /home/ubuntu/Vayuh/data/eric/S2S_ExtremeWeather/runs/astab/PNW_HeatDome_2021/ens/wk08/m069/step06/state.nc (474 MB), valid 2021-05-21 00:00:00
  [walker] wrote /home/ubuntu/Vayuh/data/eric/S2S_ExtremeWeather/runs/astab/PNW_HeatDome_2021/ens/wk08/m069/step06/diag.nc (35 MB, 6 steps)
  [walk] slimmed PNW_HeatDome_2021@wk8  m069 step6 diag to ['2m_temperature'] (35 -> 0.4 MB)
  [walk] pruned PNW_HeatDome_2021@wk8  m069 step4 state (0.47 GB)
  [walker] w69 step7: 6 x 12 h from 2021-05-21 00:00:00
  [walker] grid-node channels: inputs 176 + targets 504 + forcings 24; 6 step(s) from 2021-05-21 00:00:00
/home/ubuntu/Vayuh/data/eric/S2S_ExtremeWeather/third_party/graphcast/graphcast/rollout.py:328: FutureWarning: The return type of `Dataset.dims` will be changed to return a set of dimension names in future, in order to be more consistent with `DataArray.dims`. To access a mapping from dimension names to lengths, please use `Dataset.sizes`.
  num_target_steps = targets_template.dims["time"]
/home/ubuntu/Vayuh/data/eric/S2S_ExtremeWeather/third_party/graphcast/graphcast/rollout.py:435: FutureWarning: The return type of `Dataset.dims` will be changed to return a set of dimension names in future, in order to be more consistent with `DataArray.dims`. To access a mapping from dimension names to lengths, please use `Dataset.sizes`.
  num_inputs = prev_inputs.dims["time"]
/home/ubuntu/Vayuh/data/eric/S2S_ExtremeWeather/third_party/graphcast/graphcast/rollout.py:437: FutureWarning: In a future version of xarray the default value for compat will change from compat='equals' to compat='override'. This change will result in the following ValueError: Cannot specify both data_vars='different' and compat='override'. The recommendation is to set compat explicitly for this case.
  xarray.concat(
  [walker w69 s7] step 1/6  valid 2021-05-21 12:00:00
  [walker w69 s7] step 2/6  valid 2021-05-22 00:00:00
  [walker w69 s7] step 3/6  valid 2021-05-22 12:00:00
  [walker w69 s7] step 4/6  valid 2021-05-23 00:00:00
  [walker w69 s7] step 5/6  valid 2021-05-23 12:00:00
  [walker w69 s7] step 6/6  valid 2021-05-24 00:00:00
  [walker] wrote /home/ubuntu/Vayuh/data/eric/S2S_ExtremeWeather/runs/astab/PNW_HeatDome_2021/ens/wk08/m069/step07/state.nc (474 MB), valid 2021-05-24 00:00:00
  [walker] wrote /home/ubuntu/Vayuh/data/eric/S2S_ExtremeWeather/runs/astab/PNW_HeatDome_2021/ens/wk08/m069/step07/diag.nc (35 MB, 6 steps)
  [walk] slimmed PNW_HeatDome_2021@wk8  m069 step7 diag to ['2m_temperature'] (35 -> 0.4 MB)
  [walk] pruned PNW_HeatDome_2021@wk8  m069 step5 state (0.47 GB)
  [walker] w69 step8: 6 x 12 h from 2021-05-24 00:00:00
  [walker] grid-node channels: inputs 176 + targets 504 + forcings 24; 6 step(s) from 2021-05-24 00:00:00
/home/ubuntu/Vayuh/data/eric/S2S_ExtremeWeather/third_party/graphcast/graphcast/rollout.py:328: FutureWarning: The return type of `Dataset.dims` will be changed to return a set of dimension names in future, in order to be more consistent with `DataArray.dims`. To access a mapping from dimension names to lengths, please use `Dataset.sizes`.
  num_target_steps = targets_template.dims["time"]
/home/ubuntu/Vayuh/data/eric/S2S_ExtremeWeather/third_party/graphcast/graphcast/rollout.py:435: FutureWarning: The return type of `Dataset.dims` will be changed to return a set of dimension names in future, in order to be more consistent with `DataArray.dims`. To access a mapping from dimension names to lengths, please use `Dataset.sizes`.
  num_inputs = prev_inputs.dims["time"]
/home/ubuntu/Vayuh/data/eric/S2S_ExtremeWeather/third_party/graphcast/graphcast/rollout.py:437: FutureWarning: In a future version of xarray the default value for compat will change from compat='equals' to compat='override'. This change will result in the following ValueError: Cannot specify both data_vars='different' and compat='override'. The recommendation is to set compat explicitly for this case.
  xarray.concat(
  [walker w69 s8] step 1/6  valid 2021-05-24 12:00:00
  [walker w69 s8] step 2/6  valid 2021-05-25 00:00:00
  [walker w69 s8] step 3/6  valid 2021-05-25 12:00:00
  [walker w69 s8] step 4/6  valid 2021-05-26 00:00:00
  [walker w69 s8] step 5/6  valid 2021-05-26 12:00:00
  [walker w69 s8] step 6/6  valid 2021-05-27 00:00:00
  [walker] wrote /home/ubuntu/Vayuh/data/eric/S2S_ExtremeWeather/runs/astab/PNW_HeatDome_2021/ens/wk08/m069/step08/state.nc (474 MB), valid 2021-05-27 00:00:00
  [walker] wrote /home/ubuntu/Vayuh/data/eric/S2S_ExtremeWeather/runs/astab/PNW_HeatDome_2021/ens/wk08/m069/step08/diag.nc (35 MB, 6 steps)
  [walk] slimmed PNW_HeatDome_2021@wk8  m069 step8 diag to ['2m_temperature'] (35 -> 0.4 MB)
  [walk] pruned PNW_HeatDome_2021@wk8  m069 step6 state (0.47 GB)
  [walker] w69 step9: 6 x 12 h from 2021-05-27 00:00:00
  [walker] grid-node channels: inputs 176 + targets 504 + forcings 24; 6 step(s) from 2021-05-27 00:00:00
/home/ubuntu/Vayuh/data/eric/S2S_ExtremeWeather/third_party/graphcast/graphcast/rollout.py:328: FutureWarning: The return type of `Dataset.dims` will be changed to return a set of dimension names in future, in order to be more consistent with `DataArray.dims`. To access a mapping from dimension names to lengths, please use `Dataset.sizes`.
  num_target_steps = targets_template.dims["time"]
/home/ubuntu/Vayuh/data/eric/S2S_ExtremeWeather/third_party/graphcast/graphcast/rollout.py:435: FutureWarning: The return type of `Dataset.dims` will be changed to return a set of dimension names in future, in order to be more consistent with `DataArray.dims`. To access a mapping from dimension names to lengths, please use `Dataset.sizes`.
  num_inputs = prev_inputs.dims["time"]
/home/ubuntu/Vayuh/data/eric/S2S_ExtremeWeather/third_party/graphcast/graphcast/rollout.py:437: FutureWarning: In a future version of xarray the default value for compat will change from compat='equals' to compat='override'. This change will result in the following ValueError: Cannot specify both data_vars='different' and compat='override'. The recommendation is to set compat explicitly for this case.
  xarray.concat(
  [walker w69 s9] step 1/6  valid 2021-05-27 12:00:00
  [walker w69 s9] step 2/6  valid 2021-05-28 00:00:00
  [walker w69 s9] step 3/6  valid 2021-05-28 12:00:00
  [walker w69 s9] step 4/6  valid 2021-05-29 00:00:00
  [walker w69 s9] step 5/6  valid 2021-05-29 12:00:00
  [walker w69 s9] step 6/6  valid 2021-05-30 00:00:00
  [walker] wrote /home/ubuntu/Vayuh/data/eric/S2S_ExtremeWeather/runs/astab/PNW_HeatDome_2021/ens/wk08/m069/step09/state.nc (474 MB), valid 2021-05-30 00:00:00
  [walker] wrote /home/ubuntu/Vayuh/data/eric/S2S_ExtremeWeather/runs/astab/PNW_HeatDome_2021/ens/wk08/m069/step09/diag.nc (35 MB, 6 steps)
  [walk] slimmed PNW_HeatDome_2021@wk8  m069 step9 diag to ['2m_temperature'] (35 -> 0.4 MB)
  [walk] pruned PNW_HeatDome_2021@wk8  m069 step7 state (0.47 GB)
  [walker] w69 step10: 6 x 12 h from 2021-05-30 00:00:00
  [walker] grid-node channels: inputs 176 + targets 504 + forcings 24; 6 step(s) from 2021-05-30 00:00:00
/home/ubuntu/Vayuh/data/eric/S2S_ExtremeWeather/third_party/graphcast/graphcast/rollout.py:328: FutureWarning: The return type of `Dataset.dims` will be changed to return a set of dimension names in future, in order to be more consistent with `DataArray.dims`. To access a mapping from dimension names to lengths, please use `Dataset.sizes`.
  num_target_steps = targets_template.dims["time"]
/home/ubuntu/Vayuh/data/eric/S2S_ExtremeWeather/third_party/graphcast/graphcast/rollout.py:435: FutureWarning: The return type of `Dataset.dims` will be changed to return a set of dimension names in future, in order to be more consistent with `DataArray.dims`. To access a mapping from dimension names to lengths, please use `Dataset.sizes`.
  num_inputs = prev_inputs.dims["time"]
/home/ubuntu/Vayuh/data/eric/S2S_ExtremeWeather/third_party/graphcast/graphcast/rollout.py:437: FutureWarning: In a future version of xarray the default value for compat will change from compat='equals' to compat='override'. This change will result in the following ValueError: Cannot specify both data_vars='different' and compat='override'. The recommendation is to set compat explicitly for this case.
  xarray.concat(
  [walker w69 s10] step 1/6  valid 2021-05-30 12:00:00
  [walker w69 s10] step 2/6  valid 2021-05-31 00:00:00
  [walker w69 s10] step 3/6  valid 2021-05-31 12:00:00
  [walker w69 s10] step 4/6  valid 2021-06-01 00:00:00
  [walker w69 s10] step 5/6  valid 2021-06-01 12:00:00
  [walker w69 s10] step 6/6  valid 2021-06-02 00:00:00
  [walker] wrote /home/ubuntu/Vayuh/data/eric/S2S_ExtremeWeather/runs/astab/PNW_HeatDome_2021/ens/wk08/m069/step10/state.nc (474 MB), valid 2021-06-02 00:00:00
  [walker] wrote /home/ubuntu/Vayuh/data/eric/S2S_ExtremeWeather/runs/astab/PNW_HeatDome_2021/ens/wk08/m069/step10/diag.nc (35 MB, 6 steps)
  [walk] slimmed PNW_HeatDome_2021@wk8  m069 step10 diag to ['2m_temperature'] (35 -> 0.4 MB)
  [walk] pruned PNW_HeatDome_2021@wk8  m069 step8 state (0.47 GB)
  [walker] w69 step11: 6 x 12 h from 2021-06-02 00:00:00
  [walker] grid-node channels: inputs 176 + targets 504 + forcings 24; 6 step(s) from 2021-06-02 00:00:00
/home/ubuntu/Vayuh/data/eric/S2S_ExtremeWeather/third_party/graphcast/graphcast/rollout.py:328: FutureWarning: The return type of `Dataset.dims` will be changed to return a set of dimension names in future, in order to be more consistent with `DataArray.dims`. To access a mapping from dimension names to lengths, please use `Dataset.sizes`.
  num_target_steps = targets_template.dims["time"]
/home/ubuntu/Vayuh/data/eric/S2S_ExtremeWeather/third_party/graphcast/graphcast/rollout.py:435: FutureWarning: The return type of `Dataset.dims` will be changed to return a set of dimension names in future, in order to be more consistent with `DataArray.dims`. To access a mapping from dimension names to lengths, please use `Dataset.sizes`.
  num_inputs = prev_inputs.dims["time"]
/home/ubuntu/Vayuh/data/eric/S2S_ExtremeWeather/third_party/graphcast/graphcast/rollout.py:437: FutureWarning: In a future version of xarray the default value for compat will change from compat='equals' to compat='override'. This change will result in the following ValueError: Cannot specify both data_vars='different' and compat='override'. The recommendation is to set compat explicitly for this case.
  xarray.concat(
  [walker w69 s11] step 1/6  valid 2021-06-02 12:00:00
  [walker w69 s11] step 2/6  valid 2021-06-03 00:00:00
  [walker w69 s11] step 3/6  valid 2021-06-03 12:00:00
  [walker w69 s11] step 4/6  valid 2021-06-04 00:00:00
  [walker w69 s11] step 5/6  valid 2021-06-04 12:00:00
  [walker w69 s11] step 6/6  valid 2021-06-05 00:00:00
  [walker] wrote /home/ubuntu/Vayuh/data/eric/S2S_ExtremeWeather/runs/astab/PNW_HeatDome_2021/ens/wk08/m069/step11/state.nc (474 MB), valid 2021-06-05 00:00:00
  [walker] wrote /home/ubuntu/Vayuh/data/eric/S2S_ExtremeWeather/runs/astab/PNW_HeatDome_2021/ens/wk08/m069/step11/diag.nc (35 MB, 6 steps)
  [walk] slimmed PNW_HeatDome_2021@wk8  m069 step11 diag to ['2m_temperature'] (35 -> 0.4 MB)
  [walk] pruned PNW_HeatDome_2021@wk8  m069 step9 state (0.47 GB)
  [walker] w69 step12: 6 x 12 h from 2021-06-05 00:00:00
  [walker] grid-node channels: inputs 176 + targets 504 + forcings 24; 6 step(s) from 2021-06-05 00:00:00
/home/ubuntu/Vayuh/data/eric/S2S_ExtremeWeather/third_party/graphcast/graphcast/rollout.py:328: FutureWarning: The return type of `Dataset.dims` will be changed to return a set of dimension names in future, in order to be more consistent with `DataArray.dims`. To access a mapping from dimension names to lengths, please use `Dataset.sizes`.
  num_target_steps = targets_template.dims["time"]
/home/ubuntu/Vayuh/data/eric/S2S_ExtremeWeather/third_party/graphcast/graphcast/rollout.py:435: FutureWarning: The return type of `Dataset.dims` will be changed to return a set of dimension names in future, in order to be more consistent with `DataArray.dims`. To access a mapping from dimension names to lengths, please use `Dataset.sizes`.
  num_inputs = prev_inputs.dims["time"]
/home/ubuntu/Vayuh/data/eric/S2S_ExtremeWeather/third_party/graphcast/graphcast/rollout.py:437: FutureWarning: In a future version of xarray the default value for compat will change from compat='equals' to compat='override'. This change will result in the following ValueError: Cannot specify both data_vars='different' and compat='override'. The recommendation is to set compat explicitly for this case.
  xarray.concat(
  [walker w69 s12] step 1/6  valid 2021-06-05 12:00:00
  [walker w69 s12] step 2/6  valid 2021-06-06 00:00:00
  [walker w69 s12] step 3/6  valid 2021-06-06 12:00:00
  [walker w69 s12] step 4/6  valid 2021-06-07 00:00:00
  [walker w69 s12] step 5/6  valid 2021-06-07 12:00:00
  [walker w69 s12] step 6/6  valid 2021-06-08 00:00:00
  [walker] wrote /home/ubuntu/Vayuh/data/eric/S2S_ExtremeWeather/runs/astab/PNW_HeatDome_2021/ens/wk08/m069/step12/state.nc (474 MB), valid 2021-06-08 00:00:00
  [walker] wrote /home/ubuntu/Vayuh/data/eric/S2S_ExtremeWeather/runs/astab/PNW_HeatDome_2021/ens/wk08/m069/step12/diag.nc (35 MB, 6 steps)
  [walk] slimmed PNW_HeatDome_2021@wk8  m069 step12 diag to ['2m_temperature'] (35 -> 0.4 MB)
  [walk] pruned PNW_HeatDome_2021@wk8  m069 step10 state (0.47 GB)
  [walker] w69 step13: 6 x 12 h from 2021-06-08 00:00:00
  [walker] grid-node channels: inputs 176 + targets 504 + forcings 24; 6 step(s) from 2021-06-08 00:00:00
/home/ubuntu/Vayuh/data/eric/S2S_ExtremeWeather/third_party/graphcast/graphcast/rollout.py:328: FutureWarning: The return type of `Dataset.dims` will be changed to return a set of dimension names in future, in order to be more consistent with `DataArray.dims`. To access a mapping from dimension names to lengths, please use `Dataset.sizes`.
  num_target_steps = targets_template.dims["time"]
/home/ubuntu/Vayuh/data/eric/S2S_ExtremeWeather/third_party/graphcast/graphcast/rollout.py:435: FutureWarning: The return type of `Dataset.dims` will be changed to return a set of dimension names in future, in order to be more consistent with `DataArray.dims`. To access a mapping from dimension names to lengths, please use `Dataset.sizes`.
  num_inputs = prev_inputs.dims["time"]
/home/ubuntu/Vayuh/data/eric/S2S_ExtremeWeather/third_party/graphcast/graphcast/rollout.py:437: FutureWarning: In a future version of xarray the default value for compat will change from compat='equals' to compat='override'. This change will result in the following ValueError: Cannot specify both data_vars='different' and compat='override'. The recommendation is to set compat explicitly for this case.
  xarray.concat(
  [walker w69 s13] step 1/6  valid 2021-06-08 12:00:00
  [walker w69 s13] step 2/6  valid 2021-06-09 00:00:00
  [walker w69 s13] step 3/6  valid 2021-06-09 12:00:00
  [walker w69 s13] step 4/6  valid 2021-06-10 00:00:00
  [walker w69 s13] step 5/6  valid 2021-06-10 12:00:00
  [walker w69 s13] step 6/6  valid 2021-06-11 00:00:00
  [walker] wrote /home/ubuntu/Vayuh/data/eric/S2S_ExtremeWeather/runs/astab/PNW_HeatDome_2021/ens/wk08/m069/step13/state.nc (474 MB), valid 2021-06-11 00:00:00
  [walker] wrote /home/ubuntu/Vayuh/data/eric/S2S_ExtremeWeather/runs/astab/PNW_HeatDome_2021/ens/wk08/m069/step13/diag.nc (35 MB, 6 steps)
  [walk] slimmed PNW_HeatDome_2021@wk8  m069 step13 diag to ['2m_temperature'] (35 -> 0.4 MB)
  [walk] pruned PNW_HeatDome_2021@wk8  m069 step11 state (0.47 GB)
  [walker] w69 step14: 6 x 12 h from 2021-06-11 00:00:00
  [walker] grid-node channels: inputs 176 + targets 504 + forcings 24; 6 step(s) from 2021-06-11 00:00:00
/home/ubuntu/Vayuh/data/eric/S2S_ExtremeWeather/third_party/graphcast/graphcast/rollout.py:328: FutureWarning: The return type of `Dataset.dims` will be changed to return a set of dimension names in future, in order to be more consistent with `DataArray.dims`. To access a mapping from dimension names to lengths, please use `Dataset.sizes`.
  num_target_steps = targets_template.dims["time"]
/home/ubuntu/Vayuh/data/eric/S2S_ExtremeWeather/third_party/graphcast/graphcast/rollout.py:435: FutureWarning: The return type of `Dataset.dims` will be changed to return a set of dimension names in future, in order to be more consistent with `DataArray.dims`. To access a mapping from dimension names to lengths, please use `Dataset.sizes`.
  num_inputs = prev_inputs.dims["time"]
/home/ubuntu/Vayuh/data/eric/S2S_ExtremeWeather/third_party/graphcast/graphcast/rollout.py:437: FutureWarning: In a future version of xarray the default value for compat will change from compat='equals' to compat='override'. This change will result in the following ValueError: Cannot specify both data_vars='different' and compat='override'. The recommendation is to set compat explicitly for this case.
  xarray.concat(
  [walker w69 s14] step 1/6  valid 2021-06-11 12:00:00
  [walker w69 s14] step 2/6  valid 2021-06-12 00:00:00
  [walker w69 s14] step 3/6  valid 2021-06-12 12:00:00
  [walker w69 s14] step 4/6  valid 2021-06-13 00:00:00
  [walker w69 s14] step 5/6  valid 2021-06-13 12:00:00
  [walker w69 s14] step 6/6  valid 2021-06-14 00:00:00
  [walker] wrote /home/ubuntu/Vayuh/data/eric/S2S_ExtremeWeather/runs/astab/PNW_HeatDome_2021/ens/wk08/m069/step14/state.nc (475 MB), valid 2021-06-14 00:00:00
  [walker] wrote /home/ubuntu/Vayuh/data/eric/S2S_ExtremeWeather/runs/astab/PNW_HeatDome_2021/ens/wk08/m069/step14/diag.nc (35 MB, 6 steps)
  [walk] slimmed PNW_HeatDome_2021@wk8  m069 step14 diag to ['2m_temperature'] (35 -> 0.4 MB)
  [walk] pruned PNW_HeatDome_2021@wk8  m069 step12 state (0.47 GB)
  [walker] w69 step15: 6 x 12 h from 2021-06-14 00:00:00
  [walker] grid-node channels: inputs 176 + targets 504 + forcings 24; 6 step(s) from 2021-06-14 00:00:00
/home/ubuntu/Vayuh/data/eric/S2S_ExtremeWeather/third_party/graphcast/graphcast/rollout.py:328: FutureWarning: The return type of `Dataset.dims` will be changed to return a set of dimension names in future, in order to be more consistent with `DataArray.dims`. To access a mapping from dimension names to lengths, please use `Dataset.sizes`.
  num_target_steps = targets_template.dims["time"]
/home/ubuntu/Vayuh/data/eric/S2S_ExtremeWeather/third_party/graphcast/graphcast/rollout.py:435: FutureWarning: The return type of `Dataset.dims` will be changed to return a set of dimension names in future, in order to be more consistent with `DataArray.dims`. To access a mapping from dimension names to lengths, please use `Dataset.sizes`.
  num_inputs = prev_inputs.dims["time"]
/home/ubuntu/Vayuh/data/eric/S2S_ExtremeWeather/third_party/graphcast/graphcast/rollout.py:437: FutureWarning: In a future version of xarray the default value for compat will change from compat='equals' to compat='override'. This change will result in the following ValueError: Cannot specify both data_vars='different' and compat='override'. The recommendation is to set compat explicitly for this case.
  xarray.concat(
  [walker w69 s15] step 1/6  valid 2021-06-14 12:00:00
  [walker w69 s15] step 2/6  valid 2021-06-15 00:00:00
  [walker w69 s15] step 3/6  valid 2021-06-15 12:00:00
  [walker w69 s15] step 4/6  valid 2021-06-16 00:00:00
  [walker w69 s15] step 5/6  valid 2021-06-16 12:00:00
  [walker w69 s15] step 6/6  valid 2021-06-17 00:00:00
  [walker] wrote /home/ubuntu/Vayuh/data/eric/S2S_ExtremeWeather/runs/astab/PNW_HeatDome_2021/ens/wk08/m069/step15/state.nc (483 MB), valid 2021-06-17 00:00:00
  [walker] wrote /home/ubuntu/Vayuh/data/eric/S2S_ExtremeWeather/runs/astab/PNW_HeatDome_2021/ens/wk08/m069/step15/diag.nc (36 MB, 6 steps)
  [walk] slimmed PNW_HeatDome_2021@wk8  m069 step15 diag to ['2m_temperature'] (36 -> 0.4 MB)
  [walk] pruned PNW_HeatDome_2021@wk8  m069 step13 state (0.47 GB)
  [walker] w69 step16: 6 x 12 h from 2021-06-17 00:00:00
  [walker] grid-node channels: inputs 176 + targets 504 + forcings 24; 6 step(s) from 2021-06-17 00:00:00
/home/ubuntu/Vayuh/data/eric/S2S_ExtremeWeather/third_party/graphcast/graphcast/rollout.py:328: FutureWarning: The return type of `Dataset.dims` will be changed to return a set of dimension names in future, in order to be more consistent with `DataArray.dims`. To access a mapping from dimension names to lengths, please use `Dataset.sizes`.
  num_target_steps = targets_template.dims["time"]
/home/ubuntu/Vayuh/data/eric/S2S_ExtremeWeather/third_party/graphcast/graphcast/rollout.py:435: FutureWarning: The return type of `Dataset.dims` will be changed to return a set of dimension names in future, in order to be more consistent with `DataArray.dims`. To access a mapping from dimension names to lengths, please use `Dataset.sizes`.
  num_inputs = prev_inputs.dims["time"]
/home/ubuntu/Vayuh/data/eric/S2S_ExtremeWeather/third_party/graphcast/graphcast/rollout.py:437: FutureWarning: In a future version of xarray the default value for compat will change from compat='equals' to compat='override'. This change will result in the following ValueError: Cannot specify both data_vars='different' and compat='override'. The recommendation is to set compat explicitly for this case.
  xarray.concat(
  [walker w69 s16] step 1/6  valid 2021-06-17 12:00:00
  [walker w69 s16] step 2/6  valid 2021-06-18 00:00:00
  [walker w69 s16] step 3/6  valid 2021-06-18 12:00:00
  [walker w69 s16] step 4/6  valid 2021-06-19 00:00:00
  [walker w69 s16] step 5/6  valid 2021-06-19 12:00:00
  [walker w69 s16] step 6/6  valid 2021-06-20 00:00:00
  [walker] wrote /home/ubuntu/Vayuh/data/eric/S2S_ExtremeWeather/runs/astab/PNW_HeatDome_2021/ens/wk08/m069/step16/state.nc (494 MB), valid 2021-06-20 00:00:00
  [walker] wrote /home/ubuntu/Vayuh/data/eric/S2S_ExtremeWeather/runs/astab/PNW_HeatDome_2021/ens/wk08/m069/step16/diag.nc (37 MB, 6 steps)
  [walk] slimmed PNW_HeatDome_2021@wk8  m069 step16 diag to ['2m_temperature'] (37 -> 0.4 MB)
  [walk] pruned PNW_HeatDome_2021@wk8  m069 step14 state (0.48 GB)
  [walker] w69 step17: 6 x 12 h from 2021-06-20 00:00:00
  [walker] grid-node channels: inputs 176 + targets 504 + forcings 24; 6 step(s) from 2021-06-20 00:00:00
/home/ubuntu/Vayuh/data/eric/S2S_ExtremeWeather/third_party/graphcast/graphcast/rollout.py:328: FutureWarning: The return type of `Dataset.dims` will be changed to return a set of dimension names in future, in order to be more consistent with `DataArray.dims`. To access a mapping from dimension names to lengths, please use `Dataset.sizes`.
  num_target_steps = targets_template.dims["time"]
/home/ubuntu/Vayuh/data/eric/S2S_ExtremeWeather/third_party/graphcast/graphcast/rollout.py:435: FutureWarning: The return type of `Dataset.dims` will be changed to return a set of dimension names in future, in order to be more consistent with `DataArray.dims`. To access a mapping from dimension names to lengths, please use `Dataset.sizes`.
  num_inputs = prev_inputs.dims["time"]
/home/ubuntu/Vayuh/data/eric/S2S_ExtremeWeather/third_party/graphcast/graphcast/rollout.py:437: FutureWarning: In a future version of xarray the default value for compat will change from compat='equals' to compat='override'. This change will result in the following ValueError: Cannot specify both data_vars='different' and compat='override'. The recommendation is to set compat explicitly for this case.
  xarray.concat(
  [walker w69 s17] step 1/6  valid 2021-06-20 12:00:00
  [walker w69 s17] step 2/6  valid 2021-06-21 00:00:00
  [walker w69 s17] step 3/6  valid 2021-06-21 12:00:00
  [walker w69 s17] step 4/6  valid 2021-06-22 00:00:00
  [walker w69 s17] step 5/6  valid 2021-06-22 12:00:00
  [walker w69 s17] step 6/6  valid 2021-06-23 00:00:00
  [walker] wrote /home/ubuntu/Vayuh/data/eric/S2S_ExtremeWeather/runs/astab/PNW_HeatDome_2021/ens/wk08/m069/step17/state.nc (501 MB), valid 2021-06-23 00:00:00
  [walker] wrote /home/ubuntu/Vayuh/data/eric/S2S_ExtremeWeather/runs/astab/PNW_HeatDome_2021/ens/wk08/m069/step17/diag.nc (36 MB, 6 steps)
  [walk] slimmed PNW_HeatDome_2021@wk8  m069 step17 diag to ['2m_temperature'] (36 -> 0.4 MB)
  [walk] pruned PNW_HeatDome_2021@wk8  m069 step15 state (0.48 GB)
  [walker] w69 step18: 6 x 12 h from 2021-06-23 00:00:00
  [walker] grid-node channels: inputs 176 + targets 504 + forcings 24; 6 step(s) from 2021-06-23 00:00:00
/home/ubuntu/Vayuh/data/eric/S2S_ExtremeWeather/third_party/graphcast/graphcast/rollout.py:328: FutureWarning: The return type of `Dataset.dims` will be changed to return a set of dimension names in future, in order to be more consistent with `DataArray.dims`. To access a mapping from dimension names to lengths, please use `Dataset.sizes`.
  num_target_steps = targets_template.dims["time"]
/home/ubuntu/Vayuh/data/eric/S2S_ExtremeWeather/third_party/graphcast/graphcast/rollout.py:435: FutureWarning: The return type of `Dataset.dims` will be changed to return a set of dimension names in future, in order to be more consistent with `DataArray.dims`. To access a mapping from dimension names to lengths, please use `Dataset.sizes`.
  num_inputs = prev_inputs.dims["time"]
/home/ubuntu/Vayuh/data/eric/S2S_ExtremeWeather/third_party/graphcast/graphcast/rollout.py:437: FutureWarning: In a future version of xarray the default value for compat will change from compat='equals' to compat='override'. This change will result in the following ValueError: Cannot specify both data_vars='different' and compat='override'. The recommendation is to set compat explicitly for this case.
  xarray.concat(
  [walker w69 s18] step 1/6  valid 2021-06-23 12:00:00
  [walker w69 s18] step 2/6  valid 2021-06-24 00:00:00
  [walker w69 s18] step 3/6  valid 2021-06-24 12:00:00
  [walker w69 s18] step 4/6  valid 2021-06-25 00:00:00
  [walker w69 s18] step 5/6  valid 2021-06-25 12:00:00
  [walker w69 s18] step 6/6  valid 2021-06-26 00:00:00
  [walker] wrote /home/ubuntu/Vayuh/data/eric/S2S_ExtremeWeather/runs/astab/PNW_HeatDome_2021/ens/wk08/m069/step18/state.nc (501 MB), valid 2021-06-26 00:00:00
  [walker] wrote /home/ubuntu/Vayuh/data/eric/S2S_ExtremeWeather/runs/astab/PNW_HeatDome_2021/ens/wk08/m069/step18/diag.nc (36 MB, 6 steps)
  [walk] slimmed PNW_HeatDome_2021@wk8  m069 step18 diag to ['2m_temperature'] (36 -> 0.4 MB)
  [walk] pruned PNW_HeatDome_2021@wk8  m069 step16 state (0.49 GB)
  [walker] w69 step19: 4 x 12 h from 2021-06-26 00:00:00
  [walker] grid-node channels: inputs 176 + targets 336 + forcings 16; 4 step(s) from 2021-06-26 00:00:00
/home/ubuntu/Vayuh/data/eric/S2S_ExtremeWeather/third_party/graphcast/graphcast/rollout.py:328: FutureWarning: The return type of `Dataset.dims` will be changed to return a set of dimension names in future, in order to be more consistent with `DataArray.dims`. To access a mapping from dimension names to lengths, please use `Dataset.sizes`.
  num_target_steps = targets_template.dims["time"]
/home/ubuntu/Vayuh/data/eric/S2S_ExtremeWeather/third_party/graphcast/graphcast/rollout.py:435: FutureWarning: The return type of `Dataset.dims` will be changed to return a set of dimension names in future, in order to be more consistent with `DataArray.dims`. To access a mapping from dimension names to lengths, please use `Dataset.sizes`.
  num_inputs = prev_inputs.dims["time"]
/home/ubuntu/Vayuh/data/eric/S2S_ExtremeWeather/third_party/graphcast/graphcast/rollout.py:437: FutureWarning: In a future version of xarray the default value for compat will change from compat='equals' to compat='override'. This change will result in the following ValueError: Cannot specify both data_vars='different' and compat='override'. The recommendation is to set compat explicitly for this case.
  xarray.concat(
  [walker w69 s19] step 1/4  valid 2021-06-26 12:00:00
  [walker w69 s19] step 2/4  valid 2021-06-27 00:00:00
  [walker w69 s19] step 3/4  valid 2021-06-27 12:00:00
  [walker w69 s19] step 4/4  valid 2021-06-28 00:00:00
  [walker] wrote /home/ubuntu/Vayuh/data/eric/S2S_ExtremeWeather/runs/astab/PNW_HeatDome_2021/ens/wk08/m069/step19/state.nc (500 MB), valid 2021-06-28 00:00:00
  [walker] wrote /home/ubuntu/Vayuh/data/eric/S2S_ExtremeWeather/runs/astab/PNW_HeatDome_2021/ens/wk08/m069/step19/diag.nc (24 MB, 4 steps)
  [walk] slimmed PNW_HeatDome_2021@wk8  m069 step19 diag to ['2m_temperature'] (24 -> 0.3 MB)
  [walk] pruned PNW_HeatDome_2021@wk8  m069 step17 state (0.50 GB)
[walk] PNW_HeatDome_2021@wk8  m069: complete, landed exactly on the peak 2021-06-28 00:00:00 (12758 s elapsed on this shard)
  [walk] released PNW_HeatDome_2021@wk8  m069 states (1.00 GB)
[walk] m069: complete; left bounds 45 d (specific_humidity @ 50 hPa 0.8% past); DIVERGED 48 d (loud, band extrapolated); worst 43% at 56 d (u_component_of_wind)
[walk] shard 5: 57 segment(s) rolled, 12758 s total
